upc,cedis,h,target_week,q05,q10,q50,q90,q95,model,origin,n_weeks_at_origin,origin_label,cluster,is_discontinued,is_high_promo,is_cold_start
7507891,CCUL,1,2026-03-16,5243.947146879923,5731.4969607321655,7838.967034931919,9613.346420061258,10107.876307237852,lgbm,2026-03-09,104,risk_eval,C-Z,False,False,False
7507891,CCUL,2,2026-03-23,5248.871440111387,6268.047986266034,6666.340544594253,7028.004767484485,9536.104162280017,lgbm,2026-03-09,104,risk_eval,C-Z,False,False,False
7507891,CCUL,3,2026-03-30,4554.157766244255,5885.420914601026,6593.032559720203,7466.153792342285,10338.38013844455,lgbm,2026-03-09,104,risk_eval,C-Z,False,False,False
7507891,CCUL,4,2026-04-06,3464.7904898181414,4004.4366547599693,6612.834802752687,9769.735956502078,10331.599495716346,lgbm,2026-03-09,104,risk_eval,C-Z,False,False,False
7507891,CCUL,5,2026-04-13,3638.6210930578736,4408.08844397512,6638.364982442638,9591.412847630749,10412.190017556655,lgbm,2026-03-09,104,risk_eval,C-Z,False,False,False
7507891,CCUL,6,2026-04-20,4446.921514137567,4825.64257963567,6989.275952066224,9372.78233427644,10168.103372260106,lgbm,2026-03-09,104,risk_eval,C-Z,False,False,False
7507891,CCUL,7,2026-04-27,3348.5664195419986,4025.8316976737333,6556.313936610647,9913.360687954975,10814.467138152204,lgbm,2026-03-09,104,risk_eval,C-Z,False,False,False
7507891,CCUL,8,2026-05-04,2098.699550433516,2168.8077579753976,5514.646722748667,9603.719007461581,9662.0254054119,lgbm,2026-03-09,104,risk_eval,C-Z,False,False,False
7507891,CMD2,1,2026-03-16,48284.42623588935,54797.81899806014,66727.05073787214,80125.99295778126,83318.80201900465,lgbm,2026-03-09,104,risk_eval,C-Z,False,False,False
7507891,CMD2,2,2026-03-23,48638.29257158388,56672.11565187173,57384.16743646346,58666.75256676017,77045.3242120042,lgbm,2026-03-09,104,risk_eval,C-Z,False,False,False
7507891,CMD2,3,2026-03-30,45879.16445220064,54984.86330616316,57011.48097511895,60298.99477609484,82190.40407615762,lgbm,2026-03-09,104,risk_eval,C-Z,False,False,False
7507891,CMD2,4,2026-04-06,43874.05985232022,46624.761156212255,59077.78684356025,73457.51032503055,79355.37301174579,lgbm,2026-03-09,104,risk_eval,C-Z,False,False,False
7507891,CMD2,5,2026-04-13,42276.0358066216,47420.84203463431,56527.428340824576,73190.19106022085,80455.4407442724,lgbm,2026-03-09,104,risk_eval,C-Z,False,False,False
7507891,CMD2,6,2026-04-20,45786.45294135292,46950.78165236493,59158.77139594171,73051.63228437818,80763.46288744366,lgbm,2026-03-09,104,risk_eval,C-Z,False,False,False
7507891,CMD2,7,2026-04-27,42923.88898415145,50097.05288056703,59564.57996333444,74151.92605638826,84298.43617386473,lgbm,2026-03-09,104,risk_eval,C-Z,False,False,False
7507891,CMD2,8,2026-05-04,19904.15761032297,21401.196800165675,45866.254615590755,79184.44596840887,79211.55866560477,lgbm,2026-03-09,104,risk_eval,C-Z,False,False,False
7507891,CMTY,1,2026-03-16,44518.828776229886,50549.93506713043,63157.35222531324,73172.93177754902,75978.70297650597,lgbm,2026-03-09,104,risk_eval,C-Z,False,False,False
7507891,CMTY,2,2026-03-23,45096.02466718273,52087.10842935435,52253.57280076178,52607.81116407104,69090.2878925339,lgbm,2026-03-09,104,risk_eval,C-Z,False,False,False
7507891,CMTY,3,2026-03-30,40742.38233007131,47623.318735581495,50934.39022159751,58288.15449360435,72350.99548925705,lgbm,2026-03-09,104,risk_eval,C-Z,False,False,False
7507891,CMTY,4,2026-04-06,31600.811734828414,35555.15743637055,47786.502999324424,72387.22952976152,73206.98338686414,lgbm,2026-03-09,104,risk_eval,C-Z,False,False,False
7507891,CMTY,5,2026-04-13,31392.15086796869,33404.0793683509,47331.21444077356,74569.79220640211,76184.11183431641,lgbm,2026-03-09,104,risk_eval,C-Z,False,False,False
7507891,CMTY,6,2026-04-20,36670.86431699206,38261.63272825578,51586.74101308338,74110.23464374745,74203.70266373089,lgbm,2026-03-09,104,risk_eval,C-Z,False,False,False
7507891,CMTY,7,2026-04-27,31698.009437387685,34699.771192733606,48874.93477390017,78056.95018416853,79496.66257915887,lgbm,2026-03-09,104,risk_eval,C-Z,False,False,False
7507891,CMTY,8,2026-05-04,18986.90680677811,19806.324519153473,39699.69106741054,71500.87523016545,71625.57498734603,lgbm,2026-03-09,104,risk_eval,C-Z,False,False,False
7507891,MXLI,1,2026-03-16,4151.356573538351,4411.45572607042,6531.001845782027,8681.463204351545,8693.199966508975,lgbm,2026-03-09,104,risk_eval,C-Z,False,False,False
7507891,MXLI,2,2026-03-23,4249.393502712833,5051.5897814754735,5732.64123817486,6517.45114645096,8049.503168017005,lgbm,2026-03-09,104,risk_eval,C-Z,False,False,False
7507891,MXLI,3,2026-03-30,3700.0183901030996,4657.633731297058,5658.777810731505,6956.998403494776,8747.96074030166,lgbm,2026-03-09,104,risk_eval,C-Z,False,False,False
7507891,MXLI,4,2026-04-06,3529.540074495879,3711.200684882826,6053.262786224353,8723.637120377494,8819.99191057757,lgbm,2026-03-09,104,risk_eval,C-Z,False,False,False
7507891,MXLI,5,2026-04-13,3558.365673048532,3855.819049284806,6012.222499762301,8708.893304377258,8916.160236276657,lgbm,2026-03-09,104,risk_eval,C-Z,False,False,False
7507891,MXLI,6,2026-04-20,3694.478474359399,3745.810894864376,6023.018448518144,8623.027677232973,8867.427033933429,lgbm,2026-03-09,104,risk_eval,C-Z,False,False,False
7507891,MXLI,7,2026-04-27,3346.788003234242,3602.8212068006696,6182.214403103169,9087.377013777641,9346.788751075643,lgbm,2026-03-09,104,risk_eval,C-Z,False,False,False
7507891,MXLI,8,2026-05-04,1684.0385976604757,1787.0124493065052,4902.802289374567,8481.832948998639,8721.486585960969,lgbm,2026-03-09,104,risk_eval,C-Z,False,False,False
7507891,TLJ,1,2026-03-16,24397.723331393805,26563.57550271651,32429.984724737653,39643.23025588765,40032.18651151956,lgbm,2026-03-09,104,risk_eval,C-Z,False,False,False
7507891,TLJ,2,2026-03-23,23734.663769607712,28066.90464759288,28119.25588732823,28218.900448856253,37656.53636137534,lgbm,2026-03-09,104,risk_eval,C-Z,False,False,False
7507891,TLJ,3,2026-03-30,20439.18773546719,24983.247244595128,27905.315644414844,31512.80892019355,39693.726612302606,lgbm,2026-03-09,104,risk_eval,C-Z,False,False,False
7507891,TLJ,4,2026-04-06,16457.776424641,19988.247705980255,25183.480015747587,34055.37281989698,38926.31767147448,lgbm,2026-03-09,104,risk_eval,C-Z,False,False,False
7507891,TLJ,5,2026-04-13,16985.51466078833,20629.027473484944,24717.47779490725,34132.950467985094,39158.94341131794,lgbm,2026-03-09,104,risk_eval,C-Z,False,False,False
7507891,TLJ,6,2026-04-20,16884.154091883138,19439.091369301957,26025.79277028767,37312.22841666179,41196.06220271413,lgbm,2026-03-09,104,risk_eval,C-Z,False,False,False
7507891,TLJ,7,2026-04-27,17037.31176102431,19998.813812862914,25526.19970745543,37911.8698546849,41474.591324721274,lgbm,2026-03-09,104,risk_eval,C-Z,False,False,False
7507891,TLJ,8,2026-05-04,8631.930414553408,9245.26704745814,20552.944521959722,36999.41656670711,39310.420016358854,lgbm,2026-03-09,104,risk_eval,C-Z,False,False,False
7507891,VHSA,1,2026-03-16,9606.84571224082,10618.478005214805,14073.969363110846,16056.256227878477,16445.294483912337,lgbm,2026-03-09,104,risk_eval,C-Z,False,False,False
7507891,VHSA,2,2026-03-23,9566.362471356553,10958.420776185068,11512.927153174709,12715.088779250853,15709.962221362543,lgbm,2026-03-09,104,risk_eval,C-Z,False,False,False
7507891,VHSA,3,2026-03-30,8388.641782136801,10717.711420714044,11926.145234071042,12483.400417203386,16914.040327442963,lgbm,2026-03-09,104,risk_eval,C-Z,False,False,False
7507891,VHSA,4,2026-04-06,6544.188057067837,7652.891822635311,11389.380804184397,16135.118792205276,16920.145309953677,lgbm,2026-03-09,104,risk_eval,C-Z,False,False,False
7507891,VHSA,5,2026-04-13,6622.5559751415385,7969.84907505689,11168.523498756666,16199.209105014954,17039.43629214479,lgbm,2026-03-09,104,risk_eval,C-Z,False,False,False
7507891,VHSA,6,2026-04-20,8206.468363202841,8939.667504166706,12114.70915101604,15579.03421198229,16670.06363456662,lgbm,2026-03-09,104,risk_eval,C-Z,False,False,False
7507891,VHSA,7,2026-04-27,7847.75371365178,9065.486812722906,12479.192529094556,16150.547191712598,17818.031504262544,lgbm,2026-03-09,104,risk_eval,C-Z,False,False,False
7507891,VHSA,8,2026-05-04,3349.508482347439,3888.561026919228,9670.913506456407,16714.393896776328,17231.0310321867,lgbm,2026-03-09,104,risk_eval,C-Z,False,False,False
61300876519,CMD2,1,2026-03-16,25466.53161088216,29248.86450541039,32134.28316231472,34392.54006952567,37941.8501350033,lgbm,2026-03-09,104,risk_eval,A-Y,False,False,False
61300876519,CMD2,2,2026-03-23,25014.47984208732,27937.47551455359,32098.33373294273,33869.727923209655,36767.1603281597,lgbm,2026-03-09,104,risk_eval,A-Y,False,False,False
61300876519,CMD2,3,2026-03-30,24785.964558860935,28244.796597157758,33756.88695492644,37194.381891435696,39896.72539523043,lgbm,2026-03-09,104,risk_eval,A-Y,False,False,False
61300876519,CMD2,4,2026-04-06,23324.41084395673,27466.924293722845,32682.73035761232,35125.88780483007,39017.42472249809,lgbm,2026-03-09,104,risk_eval,A-Y,False,False,False
61300876519,CMD2,5,2026-04-13,24053.7827190272,28082.228987667913,32558.927049939597,36519.780776349275,40656.13752230876,lgbm,2026-03-09,104,risk_eval,A-Y,False,False,False
61300876519,CMD2,6,2026-04-20,23248.250286379185,27115.697743412395,32841.85600128,35623.99483822286,39814.57078276239,lgbm,2026-03-09,104,risk_eval,A-Y,False,False,False
61300876519,CMD2,7,2026-04-27,24027.401903958405,29587.616956076297,32984.062804240035,35291.00574278851,40659.3536874926,lgbm,2026-03-09,104,risk_eval,A-Y,False,False,False
61300876519,CMD2,8,2026-05-04,21702.748615278724,25689.255002073205,32578.2545979771,35880.27050680786,40079.81713735018,lgbm,2026-03-09,104,risk_eval,A-Y,False,False,False
61300876519,CMTY,1,2026-03-16,17695.649117296965,20282.56093695216,24936.371130196272,30267.02666283964,31938.524119907906,lgbm,2026-03-09,104,risk_eval,A-Y,False,False,False
61300876519,CMTY,2,2026-03-23,18033.648465611474,20640.326700072,24986.527607220836,29459.694334042524,30758.73667962505,lgbm,2026-03-09,104,risk_eval,A-Y,False,False,False
61300876519,CMTY,3,2026-03-30,18805.563610033973,21667.05502331797,26436.407502007372,30858.277428701316,32407.57600326906,lgbm,2026-03-09,104,risk_eval,A-Y,False,False,False
61300876519,CMTY,4,2026-04-06,15806.539079789862,18635.751292298977,26492.53906277967,30953.763696820424,32966.91503853405,lgbm,2026-03-09,104,risk_eval,A-Y,False,False,False
61300876519,CMTY,5,2026-04-13,17170.398086840596,20228.014486514592,25701.302480683735,31475.06264372055,33644.81045149892,lgbm,2026-03-09,104,risk_eval,A-Y,False,False,False
61300876519,CMTY,6,2026-04-20,15607.682532785246,19003.310217038532,25137.632766801733,30908.9907252296,33490.193174947206,lgbm,2026-03-09,104,risk_eval,A-Y,False,False,False
61300876519,CMTY,7,2026-04-27,16401.283294822664,19470.557875650742,26394.826318626096,31061.69456124976,33478.425644775,lgbm,2026-03-09,104,risk_eval,A-Y,False,False,False
61300876519,CMTY,8,2026-05-04,14666.815812890145,17599.069017121667,25261.78423425671,31428.031310782968,33931.90313182739,lgbm,2026-03-09,104,risk_eval,A-Y,False,False,False
61300876519,MXLI,1,2026-03-16,3904.8695291648855,4268.865781603285,5102.954853271388,6305.90728740482,6803.076423267802,lgbm,2026-03-09,104,risk_eval,A-Y,False,False,False
61300876519,MXLI,2,2026-03-23,3855.6659028568574,4201.45431054237,5128.208234618002,6570.334586917787,6601.784227028931,lgbm,2026-03-09,104,risk_eval,A-Y,False,False,False
61300876519,MXLI,3,2026-03-30,3765.981924256748,4431.049023239294,5445.216890252134,6422.313471252873,7077.803630938673,lgbm,2026-03-09,104,risk_eval,A-Y,False,False,False
61300876519,MXLI,4,2026-04-06,3628.6575798056847,4177.206148378586,5287.140004172524,6573.030211485784,7018.1463949536865,lgbm,2026-03-09,104,risk_eval,A-Y,False,False,False
61300876519,MXLI,5,2026-04-13,3694.5329889670384,4363.30315718983,5288.82708587834,6437.6025590887975,7096.695394703939,lgbm,2026-03-09,104,risk_eval,A-Y,False,False,False
61300876519,MXLI,6,2026-04-20,3558.6244321425356,4185.081078056139,5322.827376683366,6381.077248467553,7004.749536845,lgbm,2026-03-09,104,risk_eval,A-Y,False,False,False
61300876519,MXLI,7,2026-04-27,3332.314913001667,4023.8894498101236,5196.506048843926,6587.352734387387,7326.31088840691,lgbm,2026-03-09,104,risk_eval,A-Y,False,False,False
61300876519,MXLI,8,2026-05-04,3272.599668104045,3950.157974181328,5237.970283760752,6487.119245324495,7070.2771626947515,lgbm,2026-03-09,104,risk_eval,A-Y,False,False,False
61300876519,TLJ,1,2026-03-16,10855.614633336198,12458.605707293815,13542.940164460662,14285.608256517437,15805.63356456764,lgbm,2026-03-09,104,risk_eval,A-Y,False,False,False
61300876519,TLJ,2,2026-03-23,10687.114711654252,11930.475515290838,13312.82143600062,14148.811778890853,15278.036390698086,lgbm,2026-03-09,104,risk_eval,A-Y,False,False,False
61300876519,TLJ,3,2026-03-30,10571.591966402655,12253.143277599056,14129.354181910168,14945.756169440754,16604.189515665486,lgbm,2026-03-09,104,risk_eval,A-Y,False,False,False
61300876519,TLJ,4,2026-04-06,9953.754954805205,11718.129063258577,13788.195128167456,14681.254474138106,16346.296970058467,lgbm,2026-03-09,104,risk_eval,A-Y,False,False,False
61300876519,TLJ,5,2026-04-13,10336.94611540007,11957.59153693875,13768.637493109547,15421.52099982047,17064.263038999085,lgbm,2026-03-09,104,risk_eval,A-Y,False,False,False
61300876519,TLJ,6,2026-04-20,9937.987233803955,11469.128728044181,13859.339417464498,15032.280757179982,16704.51845833631,lgbm,2026-03-09,104,risk_eval,A-Y,False,False,False
61300876519,TLJ,7,2026-04-27,10287.053378275377,12582.064743102328,13903.618797040093,14925.834444041368,17131.770909405022,lgbm,2026-03-09,104,risk_eval,A-Y,False,False,False
61300876519,TLJ,8,2026-05-04,9152.921889738782,10970.566719110562,13719.75925007144,15151.676225286494,16945.479612279094,lgbm,2026-03-09,104,risk_eval,A-Y,False,False,False
61300876522,CCUL,1,2026-03-16,1931.3130760236465,2169.5953316066903,2562.9898117260304,3047.1714067373027,3291.2055221294795,lgbm,2026-03-09,104,risk_eval,A-Y,False,False,False
61300876522,CCUL,2,2026-03-23,1950.688703957369,2132.212889706158,2660.8773459336944,3199.5025903048704,3244.7342567328465,lgbm,2026-03-09,104,risk_eval,A-Y,False,False,False
61300876522,CCUL,3,2026-03-30,1795.2832480372017,1974.2214759323263,2690.0963304296297,3621.9742815005857,3716.1217096059536,lgbm,2026-03-09,104,risk_eval,A-Y,False,False,False
61300876522,CCUL,4,2026-04-06,1834.290804424797,2022.743308016777,2653.11030458465,3341.561054117509,3465.51995597053,lgbm,2026-03-09,104,risk_eval,A-Y,False,False,False
61300876522,CCUL,5,2026-04-13,1833.2705758162044,1994.3266806768577,2644.327686170221,3479.8660168323804,3603.659394637778,lgbm,2026-03-09,104,risk_eval,A-Y,False,False,False
61300876522,CCUL,6,2026-04-20,1819.4340946575742,1943.9605682072715,2664.7628999106323,3465.071480814334,3499.8342910114916,lgbm,2026-03-09,104,risk_eval,A-Y,False,False,False
61300876522,CCUL,7,2026-04-27,1734.7461395986422,2002.3979375625627,2579.015330367158,3306.517379581034,3625.909157477826,lgbm,2026-03-09,104,risk_eval,A-Y,False,False,False
61300876522,CCUL,8,2026-05-04,1674.2678770434636,1933.073599792201,2593.632593856077,3323.3389352967765,3554.7402923059076,lgbm,2026-03-09,104,risk_eval,A-Y,False,False,False
61300876522,CMD2,1,2026-03-16,20818.24244237644,24346.206175129533,26807.996264001944,30582.339884747787,34638.9614143034,lgbm,2026-03-09,104,risk_eval,A-Y,False,False,False
61300876522,CMD2,2,2026-03-23,20517.360880446726,22948.44489211124,27052.90556830878,31823.920758401153,34270.40558415931,lgbm,2026-03-09,104,risk_eval,A-Y,False,False,False
61300876522,CMD2,3,2026-03-30,19320.26175519888,21317.5423495067,27673.522439316584,38145.27287100918,39107.086150211515,lgbm,2026-03-09,104,risk_eval,A-Y,False,False,False
61300876522,CMD2,4,2026-04-06,19084.46631230132,22264.60353728823,27163.188188712033,32058.39518079153,36260.64487731276,lgbm,2026-03-09,104,risk_eval,A-Y,False,False,False
61300876522,CMD2,5,2026-04-13,19207.89627541017,21758.371152893822,26969.108561892994,33528.61716120478,37365.10691628428,lgbm,2026-03-09,104,risk_eval,A-Y,False,False,False
61300876522,CMD2,6,2026-04-20,19036.480402031404,21375.21301208292,27306.83927746461,33017.96793343842,36404.241669682204,lgbm,2026-03-09,104,risk_eval,A-Y,False,False,False
61300876522,CMD2,7,2026-04-27,18639.11566982147,22594.23645658979,26690.28284715018,32521.697066934987,37287.32552844168,lgbm,2026-03-09,104,risk_eval,A-Y,False,False,False
61300876522,CMD2,8,2026-05-04,17384.198453691555,20118.967581462406,26710.29288136794,33223.91207401369,36793.7541349251,lgbm,2026-03-09,104,risk_eval,A-Y,False,False,False
61300876522,CMTY,1,2026-03-16,11929.266273980806,13580.974183010285,17219.093380628176,23036.484081857645,23257.177563261725,lgbm,2026-03-09,104,risk_eval,A-Y,False,False,False
61300876522,CMTY,2,2026-03-23,12825.474265227473,14417.747661344714,17996.189618191995,21800.687261021772,22557.761573857482,lgbm,2026-03-09,104,risk_eval,A-Y,False,False,False
61300876522,CMTY,3,2026-03-30,11926.851563867376,13359.854490271644,18172.426092875776,24896.844978722842,25564.25173052231,lgbm,2026-03-09,104,risk_eval,A-Y,False,False,False
61300876522,CMTY,4,2026-04-06,10580.67235837938,12117.385747380018,17780.356382096896,23495.016575024925,24749.65141785205,lgbm,2026-03-09,104,risk_eval,A-Y,False,False,False
61300876522,CMTY,5,2026-04-13,10623.115494230733,12118.973877951696,17184.467104396295,24110.24277728221,25599.848077943207,lgbm,2026-03-09,104,risk_eval,A-Y,False,False,False
61300876522,CMTY,6,2026-04-20,10496.85774137398,11738.093550394155,17222.155322624687,23922.336119517266,24925.937928622712,lgbm,2026-03-09,104,risk_eval,A-Y,False,False,False
61300876522,CMTY,7,2026-04-27,10358.904811628894,11914.363485892114,17671.41471097812,24028.85890833808,25352.986996977208,lgbm,2026-03-09,104,risk_eval,A-Y,False,False,False
61300876522,CMTY,8,2026-05-04,9773.060829827054,11011.480891068992,16979.40280217219,24324.88027266776,25286.58081800135,lgbm,2026-03-09,104,risk_eval,A-Y,False,False,False
61300876522,MXLI,1,2026-03-16,2298.5370804718605,2596.531490310823,3124.1365427680853,3673.9952408598983,4009.4489124205543,lgbm,2026-03-09,104,risk_eval,A-Y,False,False,False
61300876522,MXLI,2,2026-03-23,2335.9066068944016,2564.6691358402445,3204.4045050800723,3958.3094744527784,3975.4417510644535,lgbm,2026-03-09,104,risk_eval,A-Y,False,False,False
61300876522,MXLI,3,2026-03-30,2129.511689718362,2471.9271356011213,3235.8242503970896,4214.511008615384,4481.36918407253,lgbm,2026-03-09,104,risk_eval,A-Y,False,False,False
61300876522,MXLI,4,2026-04-06,2184.9745615888432,2530.970521702118,3172.928214916427,3780.944677361656,4203.261791424259,lgbm,2026-03-09,104,risk_eval,A-Y,False,False,False
61300876522,MXLI,5,2026-04-13,2093.116311709016,2480.6069285238846,3145.2813121727727,3882.9535914503313,4376.633198795771,lgbm,2026-03-09,104,risk_eval,A-Y,False,False,False
61300876522,MXLI,6,2026-04-20,2138.003222603818,2448.1430475080997,3185.551179959642,3865.9169228627525,4251.933638181479,lgbm,2026-03-09,104,risk_eval,A-Y,False,False,False
61300876522,MXLI,7,2026-04-27,1993.2950480921645,2304.0673561816848,3070.0972807119,3938.852988921887,4413.700690375669,lgbm,2026-03-09,104,risk_eval,A-Y,False,False,False
61300876522,MXLI,8,2026-05-04,2010.7174989148004,2350.478899902637,3104.743765347012,3888.989570454442,4313.022132254328,lgbm,2026-03-09,104,risk_eval,A-Y,False,False,False
61300876522,TLJ,1,2026-03-16,7275.3892586901065,8357.922014007878,9535.315228912223,11050.7804077517,11850.212561205852,lgbm,2026-03-09,104,risk_eval,A-Y,False,False,False
61300876522,TLJ,2,2026-03-23,7279.523733868071,7994.153429717347,9792.724430435612,11269.718803310374,11655.91597710792,lgbm,2026-03-09,104,risk_eval,A-Y,False,False,False
61300876522,TLJ,3,2026-03-30,6816.610578130028,7304.7200239866415,9961.94654751143,13244.44126536542,13318.287248353508,lgbm,2026-03-09,104,risk_eval,A-Y,False,False,False
61300876522,TLJ,4,2026-04-06,6645.798640051602,7548.382422594297,9728.53937637705,11580.512850320616,12624.093730353285,lgbm,2026-03-09,104,risk_eval,A-Y,False,False,False
61300876522,TLJ,5,2026-04-13,6709.458634362534,7341.710601843683,9684.177869460938,12196.333245450023,13142.103135412037,lgbm,2026-03-09,104,risk_eval,A-Y,False,False,False
61300876522,TLJ,6,2026-04-20,6716.199636672037,7245.049071510386,9802.985781328045,12031.157638783969,12740.244055873618,lgbm,2026-03-09,104,risk_eval,A-Y,False,False,False
61300876522,TLJ,7,2026-04-27,6528.816015171395,7667.555511967256,9552.738340263544,11876.311631218901,13167.461089505296,lgbm,2026-03-09,104,risk_eval,A-Y,False,False,False
61300876522,TLJ,8,2026-05-04,6166.144660595943,6893.783502102955,9552.177714168713,12157.690316004635,12968.804683867891,lgbm,2026-03-09,104,risk_eval,A-Y,False,False,False
61300876522,VHSA,1,2026-03-16,4625.849001729201,4934.7359933414755,6654.2094429898025,9238.655889090445,9261.78878085683,lgbm,2026-03-09,104,risk_eval,A-Y,False,False,False
61300876522,VHSA,2,2026-03-23,4720.435574046964,5069.368573196442,6888.4857182119995,8937.10815167693,9055.90475256019,lgbm,2026-03-09,104,risk_eval,A-Y,False,False,False
61300876522,VHSA,3,2026-03-30,4412.318399058538,4588.338457815145,7027.501082550603,10269.663822676435,10536.844319450936,lgbm,2026-03-09,104,risk_eval,A-Y,False,False,False
61300876522,VHSA,4,2026-04-06,4419.531847210609,4755.998652417507,6920.87309204273,9447.118035977333,9451.792979757836,lgbm,2026-03-09,104,risk_eval,A-Y,False,False,False
61300876522,VHSA,5,2026-04-13,4412.235903451608,4638.220362710242,6836.369732781588,9737.6252512601,9801.887987694987,lgbm,2026-03-09,104,risk_eval,A-Y,False,False,False
61300876522,VHSA,6,2026-04-20,4509.428815098168,4591.571354993631,6981.28105200009,9595.097879121386,9829.897587180472,lgbm,2026-03-09,104,risk_eval,A-Y,False,False,False
61300876522,VHSA,7,2026-04-27,4236.882127100269,4479.447350784636,6737.552889394029,9830.156577214555,9862.540671781686,lgbm,2026-03-09,104,risk_eval,A-Y,False,False,False
61300876522,VHSA,8,2026-05-04,4146.462349830625,4363.665903874367,6843.081194389857,9750.137122809763,9795.877252468928,lgbm,2026-03-09,104,risk_eval,A-Y,False,False,False
61300876525,CCUL,1,2026-03-16,3639.5732411718673,3934.3022229240974,4554.4046512662,5021.631273549401,5412.115220660621,lgbm,2026-03-09,104,risk_eval,A-Y,False,False,False
61300876525,CCUL,2,2026-03-23,3643.3456653257554,3918.5401676020724,4737.397063716154,5436.23477545992,5519.498619916956,lgbm,2026-03-09,104,risk_eval,A-Y,False,False,False
61300876525,CCUL,3,2026-03-30,3490.351134037195,3771.973737921106,4960.569523251519,6055.185451205729,6120.83546818642,lgbm,2026-03-09,104,risk_eval,A-Y,False,False,False
61300876525,CCUL,4,2026-04-06,3480.6949873863496,3810.0718434439714,4612.102440210581,5320.456897241907,5685.131036416586,lgbm,2026-03-09,104,risk_eval,A-Y,False,False,False
61300876525,CCUL,5,2026-04-13,3486.36420924491,3715.077087863823,4607.029746904906,5817.361279846027,5959.648799488866,lgbm,2026-03-09,104,risk_eval,A-Y,False,False,False
61300876525,CCUL,6,2026-04-20,3482.517440374907,3728.855138087912,4637.180011661778,5404.924169610695,5714.865506157925,lgbm,2026-03-09,104,risk_eval,A-Y,False,False,False
61300876525,CCUL,7,2026-04-27,3386.092996402869,3723.388173908187,4654.344804481985,5505.3716861342355,5918.651118916118,lgbm,2026-03-09,104,risk_eval,A-Y,False,False,False
61300876525,CCUL,8,2026-05-04,3283.390073354162,3587.5972408406915,4550.008529027251,5464.76141901335,5847.381315162824,lgbm,2026-03-09,104,risk_eval,A-Y,False,False,False
61300876525,CMD2,1,2026-03-16,14615.45836287213,16802.868056922944,18276.889341729297,19472.396436962885,21368.077068258375,lgbm,2026-03-09,104,risk_eval,A-Y,False,False,False
61300876525,CMD2,2,2026-03-23,14347.486985779873,15851.312701267821,18654.30887835432,21261.40684113336,21599.606625314635,lgbm,2026-03-09,104,risk_eval,A-Y,False,False,False
61300876525,CMD2,3,2026-03-30,13900.468373228687,15400.536189077442,19951.18554703687,24121.008822919328,24192.67536323017,lgbm,2026-03-09,104,risk_eval,A-Y,False,False,False
61300876525,CMD2,4,2026-04-06,13673.171963709396,15945.31545170881,18925.948908049555,20054.0562823141,22313.387872596282,lgbm,2026-03-09,104,risk_eval,A-Y,False,False,False
61300876525,CMD2,5,2026-04-13,13828.120644905996,15699.467251482676,18994.863881754714,21059.955534783046,22997.403240564854,lgbm,2026-03-09,104,risk_eval,A-Y,False,False,False
61300876525,CMD2,6,2026-04-20,13644.277042087026,15376.882014642137,19076.30187177702,20554.601945483442,22431.220376849928,lgbm,2026-03-09,104,risk_eval,A-Y,False,False,False
61300876525,CMD2,7,2026-04-27,13867.792213021647,16084.428594556464,19171.240626096915,20544.005595467304,22712.306456310005,lgbm,2026-03-09,104,risk_eval,A-Y,False,False,False
61300876525,CMD2,8,2026-05-04,12925.7108644228,14635.85740823634,18543.084987357903,20770.319163898614,22587.931414443083,lgbm,2026-03-09,104,risk_eval,A-Y,False,False,False
61300876525,CMTY,1,2026-03-16,5616.298300805592,6451.711939129548,7560.679901690177,8411.228526392872,9271.515069163686,lgbm,2026-03-09,104,risk_eval,A-Y,False,False,False
61300876525,CMTY,2,2026-03-23,5692.614776887604,6279.90896291267,7737.416504459996,9107.293362649925,9112.672317682891,lgbm,2026-03-09,104,risk_eval,A-Y,False,False,False
61300876525,CMTY,3,2026-03-30,5389.639896326019,6202.324906978777,8171.2752556873775,9973.770171414335,10361.265532287587,lgbm,2026-03-09,104,risk_eval,A-Y,False,False,False
61300876525,CMTY,4,2026-04-06,5289.148481696712,6038.347206969692,7782.878534118767,8606.167745274597,9557.968224391569,lgbm,2026-03-09,104,risk_eval,A-Y,False,False,False
61300876525,CMTY,5,2026-04-13,5456.563576510375,6323.468807197245,7856.357326708364,8791.090739191503,9719.458294086082,lgbm,2026-03-09,104,risk_eval,A-Y,False,False,False
61300876525,CMTY,6,2026-04-20,5428.429644367769,6217.153179024769,7836.107588837168,8614.278062208497,9418.46959192427,lgbm,2026-03-09,104,risk_eval,A-Y,False,False,False
61300876525,CMTY,7,2026-04-27,4949.612782217386,5784.500883681434,7805.878642739865,8909.96221952757,9758.668417444156,lgbm,2026-03-09,104,risk_eval,A-Y,False,False,False
61300876525,CMTY,8,2026-05-04,5032.285413447667,5611.852770866384,7644.337904716913,8857.24639103485,9573.000684372397,lgbm,2026-03-09,104,risk_eval,A-Y,False,False,False
61300876525,MXLI,1,2026-03-16,3570.92078101296,4008.5095402064826,4943.724587908623,5929.786360700107,6544.4021297697,lgbm,2026-03-09,104,risk_eval,A-Y,False,False,False
61300876525,MXLI,2,2026-03-23,3601.0742714698886,3985.585711089173,5065.693153348937,6542.43127747532,6709.318005213348,lgbm,2026-03-09,104,risk_eval,A-Y,False,False,False
61300876525,MXLI,3,2026-03-30,3474.0705222864426,3869.8105237532677,5412.0157876423855,7114.521386863896,7199.214886450158,lgbm,2026-03-09,104,risk_eval,A-Y,False,False,False
61300876525,MXLI,4,2026-04-06,3490.790898841046,4011.182808527058,5173.2240404890135,6042.785115873552,6726.07464739942,lgbm,2026-03-09,104,risk_eval,A-Y,False,False,False
61300876525,MXLI,5,2026-04-13,3477.2034763296638,3991.6488509807314,5158.049187145244,6214.530474787015,6842.456894778611,lgbm,2026-03-09,104,risk_eval,A-Y,False,False,False
61300876525,MXLI,6,2026-04-20,3450.7530914934196,3929.9843527024154,5176.363696214569,6136.457588907369,6673.322422093652,lgbm,2026-03-09,104,risk_eval,A-Y,False,False,False
61300876525,MXLI,7,2026-04-27,2935.980926111913,3260.31108485227,5149.330733080665,6330.517740207705,6806.250083619171,lgbm,2026-03-09,104,risk_eval,A-Y,False,False,False
61300876525,MXLI,8,2026-05-04,2962.93682567345,3348.8986139855,5007.546101131593,6400.105152183184,6837.735902739896,lgbm,2026-03-09,104,risk_eval,A-Y,False,False,False
61300876525,TLJ,1,2026-03-16,7358.968299162985,8285.17425041089,9108.23181589319,9483.25008301559,10126.390735663043,lgbm,2026-03-09,104,risk_eval,A-Y,False,False,False
61300876525,TLJ,2,2026-03-23,7256.60350773035,7905.020657724086,9420.721226337764,10059.457704690416,10291.933429871755,lgbm,2026-03-09,104,risk_eval,A-Y,False,False,False
61300876525,TLJ,3,2026-03-30,6842.814032052543,7691.1246543071975,10001.779050805875,11382.937019003117,11885.235001647583,lgbm,2026-03-09,104,risk_eval,A-Y,False,False,False
61300876525,TLJ,4,2026-04-06,6914.027040683667,7622.685065463307,9253.247735623156,10186.67775131138,10604.505718729739,lgbm,2026-03-09,104,risk_eval,A-Y,False,False,False
61300876525,TLJ,5,2026-04-13,7003.428043163396,7639.798383347159,9480.16004273711,10438.286124125225,10891.886391869552,lgbm,2026-03-09,104,risk_eval,A-Y,False,False,False
61300876525,TLJ,6,2026-04-20,6923.7373942558625,7482.370249926947,9425.496444184391,10294.132178021517,10660.039720992801,lgbm,2026-03-09,104,risk_eval,A-Y,False,False,False
61300876525,TLJ,7,2026-04-27,6931.730903700047,7926.299830852184,9519.30146080996,10169.102769361063,10869.45982320783,lgbm,2026-03-09,104,risk_eval,A-Y,False,False,False
61300876525,TLJ,8,2026-05-04,6574.823987791158,7212.55102410821,9361.571528157587,10329.691999000202,10808.230594084802,lgbm,2026-03-09,104,risk_eval,A-Y,False,False,False
61300876525,VHSA,1,2026-03-16,4491.145858337274,4984.4330319486035,6224.399288842177,7362.3594035582955,7822.070349446214,lgbm,2026-03-09,104,risk_eval,A-Y,False,False,False
61300876525,VHSA,2,2026-03-23,4501.380319969824,5053.982398874172,6335.933227264892,7715.629410811667,7946.8432780954445,lgbm,2026-03-09,104,risk_eval,A-Y,False,False,False
61300876525,VHSA,3,2026-03-30,4316.154553859571,4725.717959315984,6754.312651660739,8849.351094004896,8885.912268510698,lgbm,2026-03-09,104,risk_eval,A-Y,False,False,False
61300876525,VHSA,4,2026-04-06,4327.5074265608455,5002.191994068566,6526.553801974433,7502.217176558148,8070.252645954825,lgbm,2026-03-09,104,risk_eval,A-Y,False,False,False
61300876525,VHSA,5,2026-04-13,4378.95569859786,4954.227943514201,6481.011508326507,7740.435130839638,8282.185653934126,lgbm,2026-03-09,104,risk_eval,A-Y,False,False,False
61300876525,VHSA,6,2026-04-20,4382.072583677787,4883.921075365464,6546.178669923418,7629.998165301004,8008.276595289023,lgbm,2026-03-09,104,risk_eval,A-Y,False,False,False
61300876525,VHSA,7,2026-04-27,4275.342002521684,4796.645321383037,6550.348707524449,7688.780941758217,8234.001065637953,lgbm,2026-03-09,104,risk_eval,A-Y,False,False,False
61300876525,VHSA,8,2026-05-04,4128.748568037145,4682.370841938038,6481.281830264339,7662.998025941466,8097.018918457786,lgbm,2026-03-09,104,risk_eval,A-Y,False,False,False
61300876528,CMD2,1,2026-03-16,23139.455225928275,26596.4413523622,28552.742715391767,32602.82387117057,37481.73055291718,lgbm,2026-03-09,104,risk_eval,A-Y,False,False,False
61300876528,CMD2,2,2026-03-23,22634.999767067715,26640.28764954804,28851.56990625109,30340.379068588307,36389.304981356625,lgbm,2026-03-09,104,risk_eval,A-Y,False,False,False
61300876528,CMD2,3,2026-03-30,21863.390378931188,25628.983597474155,30802.181589706815,35279.466832551174,39611.12752042587,lgbm,2026-03-09,104,risk_eval,A-Y,False,False,False
61300876528,CMD2,4,2026-04-06,21459.188078501687,24623.319763570333,29456.914760412867,33622.76463921248,38478.02950652722,lgbm,2026-03-09,104,risk_eval,A-Y,False,False,False
61300876528,CMD2,5,2026-04-13,21141.793944838,24475.952659139533,29683.32208748062,35200.18756382697,40271.272607506326,lgbm,2026-03-09,104,risk_eval,A-Y,False,False,False
61300876528,CMD2,6,2026-04-20,21325.629016789684,24130.37579795676,29872.469487368373,33924.56895389726,39073.328693931035,lgbm,2026-03-09,104,risk_eval,A-Y,False,False,False
61300876528,CMD2,7,2026-04-27,21353.59215884015,25336.282232592406,30083.866508626452,34188.3813802644,39843.270701093104,lgbm,2026-03-09,104,risk_eval,A-Y,False,False,False
61300876528,CMD2,8,2026-05-04,20431.59583757974,22994.306289211723,29640.6721903998,34511.465501487866,38904.39858546699,lgbm,2026-03-09,104,risk_eval,A-Y,False,False,False
61300876528,CMTY,1,2026-03-16,12905.258118603955,14564.3112706363,16205.02704833364,19621.60234353395,22353.01676944236,lgbm,2026-03-09,104,risk_eval,A-Y,False,False,False
61300876528,CMTY,2,2026-03-23,12788.571301420927,15685.406006251176,16157.415677825924,17234.78567444063,21657.157157955975,lgbm,2026-03-09,104,risk_eval,A-Y,False,False,False
61300876528,CMTY,3,2026-03-30,12321.540775945427,15507.305713753285,16951.85810454009,18924.203364041183,23288.759889964294,lgbm,2026-03-09,104,risk_eval,A-Y,False,False,False
61300876528,CMTY,4,2026-04-06,11230.477736059966,13359.84190025765,16408.064684002762,20222.314719574722,23326.265280542422,lgbm,2026-03-09,104,risk_eval,A-Y,False,False,False
61300876528,CMTY,5,2026-04-13,11724.191509481458,14128.372401626548,16490.68291767372,20572.78096177457,24063.50846717975,lgbm,2026-03-09,104,risk_eval,A-Y,False,False,False
61300876528,CMTY,6,2026-04-20,11546.57156158843,13604.85357056818,16282.274966011515,20164.99176883093,23409.962471726543,lgbm,2026-03-09,104,risk_eval,A-Y,False,False,False
61300876528,CMTY,7,2026-04-27,11137.6267625982,13492.173060885954,17499.516363496965,20617.288904796074,24088.216217128247,lgbm,2026-03-09,104,risk_eval,A-Y,False,False,False
61300876528,CMTY,8,2026-05-04,11160.557024925401,12952.770492913724,16275.973192312838,20638.65933052974,23593.889608371217,lgbm,2026-03-09,104,risk_eval,A-Y,False,False,False
61300876528,TLJ,1,2026-03-16,9821.632732140924,11042.166059494019,11792.010450740821,13100.398565645008,14922.551942376404,lgbm,2026-03-09,104,risk_eval,A-Y,False,False,False
61300876528,TLJ,2,2026-03-23,9640.546438074054,11282.983929552658,11728.609582193869,12038.887089712702,14508.899450057042,lgbm,2026-03-09,104,risk_eval,A-Y,False,False,False
61300876528,TLJ,3,2026-03-30,9201.81711666572,11105.400635832097,12404.377489940916,13506.348743439017,15739.806065230758,lgbm,2026-03-09,104,risk_eval,A-Y,False,False,False
61300876528,TLJ,4,2026-04-06,9113.441656266528,10369.12122406445,11899.372251386521,13705.260937654542,15320.73005815848,lgbm,2026-03-09,104,risk_eval,A-Y,False,False,False
61300876528,TLJ,5,2026-04-13,9011.840883351697,10092.46638806911,11926.873703066149,14674.474593322002,16011.363777997743,lgbm,2026-03-09,104,risk_eval,A-Y,False,False,False
61300876528,TLJ,6,2026-04-20,9101.463554580347,10080.343886447894,11982.705088741746,14025.474048431206,15577.401925865153,lgbm,2026-03-09,104,risk_eval,A-Y,False,False,False
61300876528,TLJ,7,2026-04-27,8944.98709016101,10690.623826457817,12130.0672136649,14004.14636135884,16149.522728203843,lgbm,2026-03-09,104,risk_eval,A-Y,False,False,False
61300876528,TLJ,8,2026-05-04,8636.402915195853,9616.522195010184,11917.334101255543,14294.788561460322,15646.562974632343,lgbm,2026-03-09,104,risk_eval,A-Y,False,False,False
539153751156,CMD2,1,2026-03-16,0.0,0.0,0.037037870069567554,1.3490295650296455,6.317792560454825,lgbm,2026-03-09,104,risk_eval,A-Z,True,False,False
539153751156,CMD2,2,2026-03-23,0.0,0.0,0.07580296681233932,1.4478179850536579,6.3911031414089,lgbm,2026-03-09,104,risk_eval,A-Z,True,False,False
539153751156,CMD2,3,2026-03-30,0.0,0.0,0.0549715823723687,1.5621037631974977,6.46881662159122,lgbm,2026-03-09,104,risk_eval,A-Z,True,False,False
539153751156,CMD2,4,2026-04-06,0.0,0.0,0.08982533454072734,1.4847756214441092,6.278934984616447,lgbm,2026-03-09,104,risk_eval,A-Z,True,False,False
539153751156,CMD2,5,2026-04-13,0.0,0.0,0.08294961243362739,6.261417214763485,6.3030126017994945,lgbm,2026-03-09,104,risk_eval,A-Z,True,False,False
539153751156,CMD2,6,2026-04-20,0.0,0.0,0.08247679614625403,6.245770855300577,6.303915124717884,lgbm,2026-03-09,104,risk_eval,A-Z,True,False,False
539153751156,CMD2,7,2026-04-27,0.0,0.0,0.07692322320600528,6.253041924748663,6.287875017316657,lgbm,2026-03-09,104,risk_eval,A-Z,True,False,False
539153751156,CMD2,8,2026-05-04,0.0,0.0,0.08131613017047448,6.229855055308136,6.277000043083914,lgbm,2026-03-09,104,risk_eval,A-Z,True,False,False
750101135068,CCUL,1,2026-03-16,63.153117193742474,79.37489197052602,117.14329811987756,156.00957453339532,170.6152870453779,lgbm,2026-03-09,104,risk_eval,A-Z,False,False,False
750101135068,CCUL,2,2026-03-23,57.613114724278994,74.6596797009504,120.53601227991187,160.03165697129597,178.66633208329762,lgbm,2026-03-09,104,risk_eval,A-Z,False,False,False
750101135068,CCUL,3,2026-03-30,55.23199109312854,70.36419987562131,125.82077122842922,174.0629885315051,188.97812945841417,lgbm,2026-03-09,104,risk_eval,A-Z,False,False,False
750101135068,CCUL,4,2026-04-06,52.26361408199593,66.09199489104026,117.25803671404327,170.80981137845055,184.55247928779548,lgbm,2026-03-09,104,risk_eval,A-Z,False,False,False
750101135068,CCUL,5,2026-04-13,51.467967975303985,66.22569671591124,126.43959221260616,175.9819589398702,191.87822792555997,lgbm,2026-03-09,104,risk_eval,A-Z,False,False,False
750101135068,CCUL,6,2026-04-20,52.59782113678735,63.27914612969046,118.88746967632979,174.2955037227734,186.23750985731863,lgbm,2026-03-09,104,risk_eval,A-Z,False,False,False
750101135068,CCUL,7,2026-04-27,51.41641770890289,68.21992785745148,128.31708139778038,178.86916537995944,195.8724685217158,lgbm,2026-03-09,104,risk_eval,A-Z,False,False,False
750101135068,CCUL,8,2026-05-04,49.5834893758167,59.896841565587266,114.85304360199818,168.6827488543139,185.0876057891691,lgbm,2026-03-09,104,risk_eval,A-Z,False,False,False
750101135068,CMD2,1,2026-03-16,778.8097706720714,927.3891190441302,1085.9513035499374,1309.9235626449754,1443.164846277489,lgbm,2026-03-09,104,risk_eval,A-Z,False,False,False
750101135068,CMD2,2,2026-03-23,739.1510212757587,870.026338572043,1103.85059344044,1385.9275573022915,1452.4954160343862,lgbm,2026-03-09,104,risk_eval,A-Z,False,False,False
750101135068,CMD2,3,2026-03-30,680.1776012836544,887.2220249044228,1200.6215930881037,1579.7768675970367,1707.7869114320779,lgbm,2026-03-09,104,risk_eval,A-Z,False,False,False
750101135068,CMD2,4,2026-04-06,661.9892955708724,812.3258616693523,1074.5597778064837,1485.7241019390503,1566.3614623279636,lgbm,2026-03-09,104,risk_eval,A-Z,False,False,False
750101135068,CMD2,5,2026-04-13,709.4728957764427,868.5006180352987,1166.0488889652638,1535.2366273396947,1614.7570480831666,lgbm,2026-03-09,104,risk_eval,A-Z,False,False,False
750101135068,CMD2,6,2026-04-20,649.9900312649436,795.5612373866577,1094.081721027899,1507.8424457891344,1602.6950437023256,lgbm,2026-03-09,104,risk_eval,A-Z,False,False,False
750101135068,CMD2,7,2026-04-27,718.3517262149717,918.1523936149755,1185.466460456191,1511.6832509883827,1631.198565598496,lgbm,2026-03-09,104,risk_eval,A-Z,False,False,False
750101135068,CMD2,8,2026-05-04,628.6450317504175,772.1565951336813,1099.5968179141078,1535.3059520110198,1632.2975255689685,lgbm,2026-03-09,104,risk_eval,A-Z,False,False,False
750101135068,CMTY,1,2026-03-16,124.04330448736938,146.05706549022017,195.4609451379205,255.59222107859836,274.69652205319335,lgbm,2026-03-09,104,risk_eval,A-Z,False,False,False
750101135068,CMTY,2,2026-03-23,112.00788086084907,145.85312971242791,200.17438793546708,244.28223022162325,280.07384225549504,lgbm,2026-03-09,104,risk_eval,A-Z,False,False,False
750101135068,CMTY,3,2026-03-30,106.8663798766705,136.40945646115233,212.03878272099615,275.66683802498807,291.33736782228044,lgbm,2026-03-09,104,risk_eval,A-Z,False,False,False
750101135068,CMTY,4,2026-04-06,102.61195851123574,139.6112648445116,203.86816063073127,256.9948935914791,287.1668125908931,lgbm,2026-03-09,104,risk_eval,A-Z,False,False,False
750101135068,CMTY,5,2026-04-13,103.44259263085789,129.715002267388,197.50211983551137,267.3999358202016,288.6409361002986,lgbm,2026-03-09,104,risk_eval,A-Z,False,False,False
750101135068,CMTY,6,2026-04-20,104.60879173671216,136.9178657806882,193.10941205414514,254.97062492380226,284.4515926878639,lgbm,2026-03-09,104,risk_eval,A-Z,False,False,False
750101135068,CMTY,7,2026-04-27,103.77572896617758,136.91639577723384,212.5074999573938,264.84970618233837,294.33157846934165,lgbm,2026-03-09,104,risk_eval,A-Z,False,False,False
750101135068,CMTY,8,2026-05-04,103.67967660416983,135.81715240178843,202.11582427984402,257.4347333533261,287.3783486568672,lgbm,2026-03-09,104,risk_eval,A-Z,False,False,False
750101135068,MXLI,1,2026-03-16,50.11559264628091,63.011733110685576,98.44637001258313,140.8362727052398,150.79104132808018,lgbm,2026-03-09,104,risk_eval,A-Z,False,False,False
750101135068,MXLI,2,2026-03-23,45.718834041011434,61.25562820762203,100.83898903569809,143.64679151477995,156.642979291127,lgbm,2026-03-09,104,risk_eval,A-Z,False,False,False
750101135068,MXLI,3,2026-03-30,40.86050644068893,56.3888304610222,109.6760329970741,162.586623161007,168.02937751662697,lgbm,2026-03-09,104,risk_eval,A-Z,False,False,False
750101135068,MXLI,4,2026-04-06,41.524980299912684,53.57324550532725,96.34136796244145,147.30899275088447,156.15023377322635,lgbm,2026-03-09,104,risk_eval,A-Z,False,False,False
750101135068,MXLI,5,2026-04-13,37.904990368866244,51.723027188814,104.59984059449575,162.1237227299408,170.29965189736018,lgbm,2026-03-09,104,risk_eval,A-Z,False,False,False
750101135068,MXLI,6,2026-04-20,39.51132521504591,51.1807157419314,98.36561015876624,159.18695523983243,162.17551539636796,lgbm,2026-03-09,104,risk_eval,A-Z,False,False,False
750101135068,MXLI,7,2026-04-27,37.4758223673149,49.636768475709474,101.80409295576423,161.41326612668962,165.82111342545312,lgbm,2026-03-09,104,risk_eval,A-Z,False,False,False
750101135068,MXLI,8,2026-05-04,38.009403367905136,49.10036857733141,97.57011530813408,161.04534340305213,163.5302492793908,lgbm,2026-03-09,104,risk_eval,A-Z,False,False,False
750101135068,TLJ,1,2026-03-16,106.5105949915419,128.87219374870705,169.32003158365538,219.43047140689276,237.32868633480382,lgbm,2026-03-09,104,risk_eval,A-Z,False,False,False
750101135068,TLJ,2,2026-03-23,94.8266526836214,119.05345084088347,173.71004916275797,233.31198396810095,250.84140940034217,lgbm,2026-03-09,104,risk_eval,A-Z,False,False,False
750101135068,TLJ,3,2026-03-30,84.38504902796004,113.00820526944332,182.9101343049022,258.4843904510726,275.63062259505654,lgbm,2026-03-09,104,risk_eval,A-Z,False,False,False
750101135068,TLJ,4,2026-04-06,84.87218222475639,111.1187619059524,176.68387010098994,237.2747596138214,266.827409137221,lgbm,2026-03-09,104,risk_eval,A-Z,False,False,False
750101135068,TLJ,5,2026-04-13,86.50930299572019,104.73105878996904,176.4326415982596,249.22046937885787,264.9607311318113,lgbm,2026-03-09,104,risk_eval,A-Z,False,False,False
750101135068,TLJ,6,2026-04-20,84.05222783103284,105.25335403208686,167.77444878105774,237.40175693268105,260.0649300054475,lgbm,2026-03-09,104,risk_eval,A-Z,False,False,False
750101135068,TLJ,7,2026-04-27,84.40365342787675,115.08118030963124,183.46552542239752,244.91758338650237,276.3174083295549,lgbm,2026-03-09,104,risk_eval,A-Z,False,False,False
750101135068,TLJ,8,2026-05-04,79.26682689717421,103.06027178918998,169.72510490554058,244.29326299747743,275.7080437947677,lgbm,2026-03-09,104,risk_eval,A-Z,False,False,False
750101135069,CMD2,1,2026-03-16,531.5473501012227,611.1456274030043,739.5335497192528,842.8156468370629,958.0493157536636,lgbm,2026-03-09,104,risk_eval,A-Z,False,False,False
750101135069,CMD2,2,2026-03-23,522.622023988539,589.2541957906656,721.5085741725757,860.846856817881,949.0274179854633,lgbm,2026-03-09,104,risk_eval,A-Z,False,False,False
750101135069,CMD2,3,2026-03-30,500.33419687778303,608.9077681139597,768.9104886654459,989.1382107619454,1078.0556529432727,lgbm,2026-03-09,104,risk_eval,A-Z,False,False,False
750101135069,CMD2,4,2026-04-06,457.2623440208647,538.2087858932204,733.5725379058085,928.5866602508893,1017.4346642430688,lgbm,2026-03-09,104,risk_eval,A-Z,False,False,False
750101135069,CMD2,5,2026-04-13,466.921845710933,561.358796963742,788.4615639765512,994.8970709523563,1080.3413374018935,lgbm,2026-03-09,104,risk_eval,A-Z,False,False,False
750101135069,CMD2,6,2026-04-20,449.7593778071588,539.0576275485357,753.9762348400011,949.0272755885705,1069.8823445170622,lgbm,2026-03-09,104,risk_eval,A-Z,False,False,False
750101135069,CMD2,7,2026-04-27,481.50468959219717,602.0663552471726,812.2862067257822,995.1046077500919,1107.8180605524292,lgbm,2026-03-09,104,risk_eval,A-Z,False,False,False
750101135069,CMD2,8,2026-05-04,426.2703950146257,512.3504393337374,738.9150348597681,944.819154067619,1053.9672603296208,lgbm,2026-03-09,104,risk_eval,A-Z,False,False,False
750101135069,CMTY,1,2026-03-16,104.06248779022879,119.42728497934453,160.12926810675705,202.39465277454335,216.81066400252098,lgbm,2026-03-09,104,risk_eval,A-Z,False,False,False
750101135069,CMTY,2,2026-03-23,95.61186233115697,119.12800312542437,153.01762781658826,188.05938471629474,223.6958332616363,lgbm,2026-03-09,104,risk_eval,A-Z,False,False,False
750101135069,CMTY,3,2026-03-30,86.08191013689793,117.49646989883671,153.19415246003607,198.39420158496563,242.8925735375812,lgbm,2026-03-09,104,risk_eval,A-Z,False,False,False
750101135069,CMTY,4,2026-04-06,82.57867539090823,105.4778713172749,157.93690804225065,210.78864091112104,238.30134474223092,lgbm,2026-03-09,104,risk_eval,A-Z,False,False,False
750101135069,CMTY,5,2026-04-13,82.44211171365458,102.52791285734105,157.99882429637088,217.33630180801538,238.50388759005028,lgbm,2026-03-09,104,risk_eval,A-Z,False,False,False
750101135069,CMTY,6,2026-04-20,81.46400853031261,102.21147379004337,159.52340904414254,215.42521911664772,241.5673387955176,lgbm,2026-03-09,104,risk_eval,A-Z,False,False,False
750101135069,CMTY,7,2026-04-27,82.39144832413793,104.54937885082549,168.56429115065518,222.2019519018727,246.16394920462193,lgbm,2026-03-09,104,risk_eval,A-Z,False,False,False
750101135069,CMTY,8,2026-05-04,76.586652941641,99.96839623392155,159.7409622672406,217.77634080966823,247.53604294181036,lgbm,2026-03-09,104,risk_eval,A-Z,False,False,False
750101135069,MXLI,1,2026-03-16,21.8633645699653,25.69233858526795,57.343228102613956,82.39236663775957,92.29988092200972,lgbm,2026-03-09,104,risk_eval,A-Z,False,False,False
750101135069,MXLI,2,2026-03-23,21.674527524849616,27.75169250700438,55.416951928438536,80.03683397795842,93.56268777499136,lgbm,2026-03-09,104,risk_eval,A-Z,False,False,False
750101135069,MXLI,3,2026-03-30,18.874321321303885,26.55368044036102,56.60937902590891,82.45819274898686,97.4458583014944,lgbm,2026-03-09,104,risk_eval,A-Z,False,False,False
750101135069,MXLI,4,2026-04-06,16.64138576598185,22.669642376378253,56.28993168637845,83.87590528169287,96.52011477806691,lgbm,2026-03-09,104,risk_eval,A-Z,False,False,False
750101135069,MXLI,5,2026-04-13,15.7727758553898,21.834512827684502,58.610098682377924,87.59934684784842,99.72865061330289,lgbm,2026-03-09,104,risk_eval,A-Z,False,False,False
750101135069,MXLI,6,2026-04-20,16.452551630718116,22.817219715644583,57.30924589070654,85.76336398864328,100.47631032601416,lgbm,2026-03-09,104,risk_eval,A-Z,False,False,False
750101135069,MXLI,7,2026-04-27,16.246173884363515,21.916449720934253,60.8563233531069,87.64932070678057,100.32588185073718,lgbm,2026-03-09,104,risk_eval,A-Z,False,False,False
750101135069,MXLI,8,2026-05-04,14.073705156221124,21.358498551709623,56.71554122422318,86.46093962798092,100.51611366855812,lgbm,2026-03-09,104,risk_eval,A-Z,False,False,False
750101135069,TLJ,1,2026-03-16,81.78181982155925,96.41006129790931,133.33385976674612,170.56513760032172,191.14310541551043,lgbm,2026-03-09,104,risk_eval,A-Z,False,False,False
750101135069,TLJ,2,2026-03-23,75.5620927169874,88.73106809735607,129.358790416572,180.07766458895105,196.22470964511234,lgbm,2026-03-09,104,risk_eval,A-Z,False,False,False
750101135069,TLJ,3,2026-03-30,66.32176598969471,90.11344759512556,135.48673517872925,186.11697989554233,214.68745356344127,lgbm,2026-03-09,104,risk_eval,A-Z,False,False,False
750101135069,TLJ,4,2026-04-06,60.82945779710794,82.0744128455679,136.0280959170576,186.3837008303106,215.42738013844018,lgbm,2026-03-09,104,risk_eval,A-Z,False,False,False
750101135069,TLJ,5,2026-04-13,62.6147771909767,82.93054131639697,133.6292454728479,184.27829240920434,207.42852163036767,lgbm,2026-03-09,104,risk_eval,A-Z,False,False,False
750101135069,TLJ,6,2026-04-20,61.57501724481682,81.00286317703271,132.64747355373098,182.26246582051408,214.49968428568715,lgbm,2026-03-09,104,risk_eval,A-Z,False,False,False
750101135069,TLJ,7,2026-04-27,61.57949024529264,85.26147056334725,144.1898845090194,190.3749288293137,218.35096360661208,lgbm,2026-03-09,104,risk_eval,A-Z,False,False,False
750101135069,TLJ,8,2026-05-04,56.62471982130198,78.63690640738876,137.32127122675664,188.11915410236276,222.4856118406011,lgbm,2026-03-09,104,risk_eval,A-Z,False,False,False
750101135069,VHSA,1,2026-03-16,50.7013983604852,59.58771906172674,99.06662435272027,138.9125839162684,152.92925718663506,lgbm,2026-03-09,104,risk_eval,A-Z,False,False,False
750101135069,VHSA,2,2026-03-23,48.8473819541521,64.93972978271503,94.2946657021964,125.00941860871617,156.09537589964313,lgbm,2026-03-09,104,risk_eval,A-Z,False,False,False
750101135069,VHSA,3,2026-03-30,42.97197883890382,61.28301093228484,99.35240516442602,134.0234636336308,165.2001094381611,lgbm,2026-03-09,104,risk_eval,A-Z,False,False,False
750101135069,VHSA,4,2026-04-06,42.156333659098465,54.959980340983165,97.35091028508994,138.51081317420807,156.84599167117014,lgbm,2026-03-09,104,risk_eval,A-Z,False,False,False
750101135069,VHSA,5,2026-04-13,40.900218463890845,54.80521811174139,100.4258907497762,142.54387591216303,164.24882460044233,lgbm,2026-03-09,104,risk_eval,A-Z,False,False,False
750101135069,VHSA,6,2026-04-20,39.75714366254554,53.81128118267115,100.39752266087895,142.52534235697544,165.78822999614005,lgbm,2026-03-09,104,risk_eval,A-Z,False,False,False
750101135069,VHSA,7,2026-04-27,39.93351335176087,52.28487783649629,105.24350496394618,147.59161920818232,166.86081379874727,lgbm,2026-03-09,104,risk_eval,A-Z,False,False,False
750101135069,VHSA,8,2026-05-04,37.29297426238521,52.63137397772281,100.56349643201374,143.40182160249248,167.87166920630756,lgbm,2026-03-09,104,risk_eval,A-Z,False,False,False
750101135109,CCUL,1,2026-03-16,3926.454603559081,3966.1281124465904,5154.971024782424,6503.383358362891,6590.644823782283,lgbm,2026-03-09,104,risk_eval,A-Y,False,False,False
750101135109,CCUL,2,2026-03-23,3777.0247591060534,3837.877797333012,4901.875066248591,6329.311424982792,6491.5356112599775,lgbm,2026-03-09,104,risk_eval,A-Y,False,False,False
750101135109,CCUL,3,2026-03-30,3503.637354842139,3586.4861041227896,5503.452443619779,7730.511026555118,7891.043341892541,lgbm,2026-03-09,104,risk_eval,A-Y,False,False,False
750101135109,CCUL,4,2026-04-06,3689.5403750724445,3756.540110580434,5095.205477262237,6388.150044558201,6597.914334806972,lgbm,2026-03-09,104,risk_eval,A-Y,False,False,False
750101135109,CCUL,5,2026-04-13,4182.587989207802,4453.869173414267,5192.95937712506,6675.573253098734,6959.843569414753,lgbm,2026-03-09,104,risk_eval,A-Y,False,False,False
750101135109,CCUL,6,2026-04-20,3660.551312966522,3690.572583261779,5105.364542501779,6371.847134842085,6640.864928339795,lgbm,2026-03-09,104,risk_eval,A-Y,False,False,False
750101135109,CCUL,7,2026-04-27,3885.053858786491,4079.170332479538,5199.3665669160855,6702.382394605168,6738.921117377421,lgbm,2026-03-09,104,risk_eval,A-Y,False,False,False
750101135109,CCUL,8,2026-05-04,3636.052899268333,3681.2554943737523,5156.907926412198,6541.626615408675,6713.041602663021,lgbm,2026-03-09,104,risk_eval,A-Y,False,False,False
750101135109,CMD2,1,2026-03-16,8890.56391044689,9214.483716624694,10648.090446127631,12500.94653132292,13026.933888379885,lgbm,2026-03-09,104,risk_eval,A-Y,False,False,False
750101135109,CMD2,2,2026-03-23,8543.535771698522,8890.840736104867,10106.29082113655,12011.606351596885,12894.200644968807,lgbm,2026-03-09,104,risk_eval,A-Y,False,False,False
750101135109,CMD2,3,2026-03-30,7954.7338475477045,8138.525546238532,11304.911202817082,15634.078354851523,16047.685507745771,lgbm,2026-03-09,104,risk_eval,A-Y,False,False,False
750101135109,CMD2,4,2026-04-06,8327.298412008227,8466.411238811055,10379.220970151726,12540.394406729221,12818.265205050135,lgbm,2026-03-09,104,risk_eval,A-Y,False,False,False
750101135109,CMD2,5,2026-04-13,9424.306705990595,9856.058795582618,10831.19241999059,13219.317295615832,13764.282996459093,lgbm,2026-03-09,104,risk_eval,A-Y,False,False,False
750101135109,CMD2,6,2026-04-20,8237.19236053353,8492.247286344826,10576.575617053013,12400.508579933212,13171.738818636451,lgbm,2026-03-09,104,risk_eval,A-Y,False,False,False
750101135109,CMD2,7,2026-04-27,8722.012570356854,9279.37192925391,10899.219792838596,12972.102672852448,13505.705354984782,lgbm,2026-03-09,104,risk_eval,A-Y,False,False,False
750101135109,CMD2,8,2026-05-04,7909.050528609292,8476.129475604967,10602.423025076429,12490.972388906413,13359.672099693267,lgbm,2026-03-09,104,risk_eval,A-Y,False,False,False
750101135109,CMTY,1,2026-03-16,6790.1597805213105,6938.341133694444,8729.233939359663,10393.017731751213,10525.82116406906,lgbm,2026-03-09,104,risk_eval,A-Y,False,False,False
750101135109,CMTY,2,2026-03-23,6491.396181645087,6867.573547076105,8286.102726660427,9462.910735765749,10414.929076991228,lgbm,2026-03-09,104,risk_eval,A-Y,False,False,False
750101135109,CMTY,3,2026-03-30,6337.863808006738,6392.123494726475,8905.965912111073,11751.086644240795,11799.063653317444,lgbm,2026-03-09,104,risk_eval,A-Y,False,False,False
750101135109,CMTY,4,2026-04-06,6265.591366308324,6491.863890767757,8353.480511971084,10085.707989875029,10494.206914338176,lgbm,2026-03-09,104,risk_eval,A-Y,False,False,False
750101135109,CMTY,5,2026-04-13,7011.26970681881,7439.678433616551,8591.718727574658,10495.033226735755,10912.33978171243,lgbm,2026-03-09,104,risk_eval,A-Y,False,False,False
750101135109,CMTY,6,2026-04-20,6265.613173662955,6365.915959432256,8430.792699003456,10141.699390435318,10645.196178745111,lgbm,2026-03-09,104,risk_eval,A-Y,False,False,False
750101135109,CMTY,7,2026-04-27,6598.891263201933,6903.380206330059,8683.043382847702,10427.787914018014,10857.00379378655,lgbm,2026-03-09,104,risk_eval,A-Y,False,False,False
750101135109,CMTY,8,2026-05-04,6060.639050912823,6353.27343417246,8616.885227384926,10088.455799116535,10856.728928965596,lgbm,2026-03-09,104,risk_eval,A-Y,False,False,False
750101135109,MXLI,1,2026-03-16,847.980354440368,867.6079862091752,1161.6981796946636,1542.2345977402706,1542.7798942770814,lgbm,2026-03-09,104,risk_eval,A-Y,False,False,False
750101135109,MXLI,2,2026-03-23,838.9536748040263,869.3840726198221,1114.081767507674,1456.8345344634095,1530.1884441145144,lgbm,2026-03-09,104,risk_eval,A-Y,False,False,False
750101135109,MXLI,3,2026-03-30,799.3736253802944,820.2693073979975,1226.504646411646,1740.1541267843081,1752.5291881649741,lgbm,2026-03-09,104,risk_eval,A-Y,False,False,False
750101135109,MXLI,4,2026-04-06,810.3290943093393,842.2713548264817,1139.3650254767017,1512.3111174288354,1544.453909613731,lgbm,2026-03-09,104,risk_eval,A-Y,False,False,False
750101135109,MXLI,5,2026-04-13,907.8289262249342,997.9199537708196,1163.4644153305035,1544.9203046401226,1612.2703971987278,lgbm,2026-03-09,104,risk_eval,A-Y,False,False,False
750101135109,MXLI,6,2026-04-20,803.4620043261169,830.5084750991565,1141.0777336715462,1508.3595812075525,1555.3028337532228,lgbm,2026-03-09,104,risk_eval,A-Y,False,False,False
750101135109,MXLI,7,2026-04-27,827.2909109301656,893.3321980523299,1162.6368031018399,1574.620665734501,1585.1813131561448,lgbm,2026-03-09,104,risk_eval,A-Y,False,False,False
750101135109,MXLI,8,2026-05-04,858.7520926326226,919.2778019180186,1156.6774043037485,1506.4733084504273,1595.4160410722736,lgbm,2026-03-09,104,risk_eval,A-Y,False,False,False
750101135109,TLJ,1,2026-03-16,4110.877218088985,4142.101493277478,5295.317678675616,6314.159641987148,6377.418102961178,lgbm,2026-03-09,104,risk_eval,A-Y,False,False,False
750101135109,TLJ,2,2026-03-23,3897.2010741064155,4008.370627532445,5038.220735708764,6238.374066509206,6263.975225772319,lgbm,2026-03-09,104,risk_eval,A-Y,False,False,False
750101135109,TLJ,3,2026-03-30,3418.6884451684077,3739.094738133377,5506.482009035802,7535.067040235913,7906.498895768575,lgbm,2026-03-09,104,risk_eval,A-Y,False,False,False
750101135109,TLJ,4,2026-04-06,3650.776177984104,3797.4368642846052,5010.754758014971,6272.0799826356615,6281.021441048748,lgbm,2026-03-09,104,risk_eval,A-Y,False,False,False
750101135109,TLJ,5,2026-04-13,4232.4406406968,4273.090436193836,5155.348686470345,6582.093135557067,6729.603499758653,lgbm,2026-03-09,104,risk_eval,A-Y,False,False,False
750101135109,TLJ,6,2026-04-20,3639.174793738381,3767.347426529427,5007.587873175795,6286.262508458912,6336.5142696796265,lgbm,2026-03-09,104,risk_eval,A-Y,False,False,False
750101135109,TLJ,7,2026-04-27,4000.433784224489,4122.759482598329,5184.034592202008,6382.926020044926,6517.7493068307485,lgbm,2026-03-09,104,risk_eval,A-Y,False,False,False
750101135109,TLJ,8,2026-05-04,3602.4554189993282,3666.9744271359127,5022.55375542488,6253.156698734045,6482.862071138583,lgbm,2026-03-09,104,risk_eval,A-Y,False,False,False
750101135109,VHSA,1,2026-03-16,1700.4133545918125,1778.4512002865756,2192.1931709249243,2763.789966413472,2801.858392362697,lgbm,2026-03-09,104,risk_eval,A-Y,False,False,False
750101135109,VHSA,2,2026-03-23,1638.2059988304989,1778.7419177737277,2117.7508567259492,2551.3091832696186,2772.8649034883124,lgbm,2026-03-09,104,risk_eval,A-Y,False,False,False
750101135109,VHSA,3,2026-03-30,1555.3799597825514,1735.7410235107752,2306.2731203617204,3119.095390697047,3273.7505479275687,lgbm,2026-03-09,104,risk_eval,A-Y,False,False,False
750101135109,VHSA,4,2026-04-06,1588.1901742212965,1665.6960286650178,2187.9383032278683,2735.0738370947397,2815.1855126605296,lgbm,2026-03-09,104,risk_eval,A-Y,False,False,False
750101135109,VHSA,5,2026-04-13,1602.543571522797,1789.9325916440052,2177.5056576906477,2877.983298975425,2983.77393233532,lgbm,2026-03-09,104,risk_eval,A-Y,False,False,False
750101135109,VHSA,6,2026-04-20,1576.9859314930213,1626.5455411664998,2198.6269685541397,2764.443693418953,2833.372338881425,lgbm,2026-03-09,104,risk_eval,A-Y,False,False,False
750101135109,VHSA,7,2026-04-27,1645.0093206504475,1741.0462161826374,2220.9248747593138,2848.3231198148483,2878.6632380135425,lgbm,2026-03-09,104,risk_eval,A-Y,False,False,False
750101135109,VHSA,8,2026-05-04,1562.8609324775618,1654.8742872584019,2194.548373254903,2769.365547398331,2841.117701659603,lgbm,2026-03-09,104,risk_eval,A-Y,False,False,False
750101310014,CCUL,1,2026-03-16,878.0676455791536,1121.5734677365056,1776.682388159902,2526.652268531902,2819.1004672939316,lgbm,2026-03-09,104,risk_eval,A-Z,False,False,False
750101310014,CCUL,2,2026-03-23,722.5991272792621,1038.1339551026674,1550.8184102847054,2034.1039915282515,2792.7109694152296,lgbm,2026-03-09,104,risk_eval,A-Z,False,False,False
750101310014,CCUL,3,2026-03-30,571.1279832899233,861.1544101759938,1627.8124797889236,2290.151456695231,2962.7165195441075,lgbm,2026-03-09,104,risk_eval,A-Z,False,False,False
750101310014,CCUL,4,2026-04-06,722.5429956994275,816.3344621788284,1708.9745581118596,2696.1678943394977,2994.588495531203,lgbm,2026-03-09,104,risk_eval,A-Z,False,False,False
750101310014,CCUL,5,2026-04-13,672.8934752191917,792.8322013634306,1756.0952554846187,2761.383995984331,3079.9975079172063,lgbm,2026-03-09,104,risk_eval,A-Z,False,False,False
750101310014,CCUL,6,2026-04-20,620.8552890770296,760.8092974528863,1765.6538261112332,2861.423390349425,3121.5868082331226,lgbm,2026-03-09,104,risk_eval,A-Z,False,False,False
750101310014,CCUL,7,2026-04-27,630.5958604823031,732.4010244274062,1865.5912627540106,2947.4801695783594,3127.033650802023,lgbm,2026-03-09,104,risk_eval,A-Z,False,False,False
750101310014,CCUL,8,2026-05-04,498.6000283125247,681.7354836557885,1772.9544714847061,2871.0744028824165,3137.410602844472,lgbm,2026-03-09,104,risk_eval,A-Z,False,False,False
750101310014,CMD2,1,2026-03-16,2793.6564302309525,3356.4348719829504,4354.872209629392,6264.730221188131,6814.309352356044,lgbm,2026-03-09,104,risk_eval,A-Z,False,False,False
750101310014,CMD2,2,2026-03-23,2388.265308502633,3054.40004803352,3756.7848749678433,4953.1916912820125,6595.796172855553,lgbm,2026-03-09,104,risk_eval,A-Z,False,False,False
750101310014,CMD2,3,2026-03-30,1971.2274700499322,2553.0481334632145,3912.7953894574907,5620.824231964978,7026.115435501476,lgbm,2026-03-09,104,risk_eval,A-Z,False,False,False
750101310014,CMD2,4,2026-04-06,2430.837708984987,2518.502895453908,4185.110927589621,6491.687935234086,6877.764868590619,lgbm,2026-03-09,104,risk_eval,A-Z,False,False,False
750101310014,CMD2,5,2026-04-13,2298.470031688915,2406.6557416179767,4306.957759735428,6791.553441212156,7181.533877350497,lgbm,2026-03-09,104,risk_eval,A-Z,False,False,False
750101310014,CMD2,6,2026-04-20,2208.460440769868,2418.792390845942,4207.081302148362,6889.322825889316,7357.39511335201,lgbm,2026-03-09,104,risk_eval,A-Z,False,False,False
750101310014,CMD2,7,2026-04-27,2156.1569954932743,2353.4657807972417,4542.56213510712,7398.025112802724,7574.112473927751,lgbm,2026-03-09,104,risk_eval,A-Z,False,False,False
750101310014,CMD2,8,2026-05-04,1862.2754796156187,2219.015109527135,4253.501559300239,6998.429688978407,7528.1270233485975,lgbm,2026-03-09,104,risk_eval,A-Z,False,False,False
750101310014,CMTY,1,2026-03-16,706.2912150933546,796.2073003557578,1151.8642895839346,1621.312455198836,1754.838471245122,lgbm,2026-03-09,104,risk_eval,A-Z,False,False,False
750101310014,CMTY,2,2026-03-23,563.3370049344921,778.9104195062887,1003.1978731877867,1231.3142756951163,1733.2941243002567,lgbm,2026-03-09,104,risk_eval,A-Z,False,False,False
750101310014,CMTY,3,2026-03-30,444.0626554271199,601.8663907813605,1011.3031802541594,1456.5330635120822,1894.2118478931552,lgbm,2026-03-09,104,risk_eval,A-Z,False,False,False
750101310014,CMTY,4,2026-04-06,584.5003449711219,648.9020602655141,1096.0339541575654,1643.8428658180114,1824.9662287851936,lgbm,2026-03-09,104,risk_eval,A-Z,False,False,False
750101310014,CMTY,5,2026-04-13,554.1584977518473,602.4748447310319,1110.2231771843526,1730.1445747335722,1898.428975201297,lgbm,2026-03-09,104,risk_eval,A-Z,False,False,False
750101310014,CMTY,6,2026-04-20,546.613894920539,588.7136701566394,1109.4267566949375,1730.6912625581626,1890.8423479095545,lgbm,2026-03-09,104,risk_eval,A-Z,False,False,False
750101310014,CMTY,7,2026-04-27,521.6162993197343,595.2062619132355,1175.9398410432123,1886.4274593689872,2011.5909963503675,lgbm,2026-03-09,104,risk_eval,A-Z,False,False,False
750101310014,CMTY,8,2026-05-04,452.5168159509372,550.7829535104846,1123.3192342289747,1817.005078263162,1969.7060809742345,lgbm,2026-03-09,104,risk_eval,A-Z,False,False,False
750101310014,MXLI,1,2026-03-16,432.4060174909987,512.9001061498332,837.7386427271671,1261.8985020149503,1382.4148994692755,lgbm,2026-03-09,104,risk_eval,A-Z,False,False,False
750101310014,MXLI,2,2026-03-23,356.51470594561323,506.54257163948773,689.5450191190146,931.1012120852334,1305.7448347593415,lgbm,2026-03-09,104,risk_eval,A-Z,False,False,False
750101310014,MXLI,3,2026-03-30,267.41250131878434,416.4014371205717,706.8595587008045,1037.3785574504404,1441.6012259196389,lgbm,2026-03-09,104,risk_eval,A-Z,False,False,False
750101310014,MXLI,4,2026-04-06,370.7748551816976,437.6065216888454,776.4595680550616,1203.5408928521044,1369.862339655785,lgbm,2026-03-09,104,risk_eval,A-Z,False,False,False
750101310014,MXLI,5,2026-04-13,347.2714664639581,424.4630888756474,784.6777048257353,1177.4911455462513,1371.472234753526,lgbm,2026-03-09,104,risk_eval,A-Z,False,False,False
750101310014,MXLI,6,2026-04-20,339.7705110964909,432.31253146959443,774.5723031251205,1207.1416631373029,1399.7589871274283,lgbm,2026-03-09,104,risk_eval,A-Z,False,False,False
750101310014,MXLI,7,2026-04-27,302.9829080262609,363.80920180739923,814.9728894205604,1352.1691984478698,1483.6494510717023,lgbm,2026-03-09,104,risk_eval,A-Z,False,False,False
750101310014,MXLI,8,2026-05-04,281.1419668606556,382.92410752552973,771.3451028287611,1260.9803219984815,1430.867939795301,lgbm,2026-03-09,104,risk_eval,A-Z,False,False,False
750101310014,TLJ,1,2026-03-16,1076.4111818752242,1211.7435457770925,1763.6332975633522,2477.8488435472404,2639.63354272775,lgbm,2026-03-09,104,risk_eval,A-Z,False,False,False
750101310014,TLJ,2,2026-03-23,775.6004245241352,1030.5300044673895,1498.279306504274,2018.5715731185114,2677.4010795902905,lgbm,2026-03-09,104,risk_eval,A-Z,False,False,False
750101310014,TLJ,3,2026-03-30,592.8345394590149,794.1068053134486,1580.3382190181383,2227.704121554966,2831.0892501419858,lgbm,2026-03-09,104,risk_eval,A-Z,False,False,False
750101310014,TLJ,4,2026-04-06,834.2642378265684,909.2010819088721,1670.5551802116697,2537.766006529243,2798.0784786724507,lgbm,2026-03-09,104,risk_eval,A-Z,False,False,False
750101310014,TLJ,5,2026-04-13,755.1086025148394,835.7926446681971,1696.8381092200539,2688.722208705866,2929.3960195954546,lgbm,2026-03-09,104,risk_eval,A-Z,False,False,False
750101310014,TLJ,6,2026-04-20,762.2971526999779,841.195732726983,1696.7598681614581,2718.720778229298,2943.4214067517696,lgbm,2026-03-09,104,risk_eval,A-Z,False,False,False
750101310014,TLJ,7,2026-04-27,752.6147125383499,854.4142644128109,1817.430822393586,2923.741247897006,3046.722386742924,lgbm,2026-03-09,104,risk_eval,A-Z,False,False,False
750101310014,TLJ,8,2026-05-04,634.1797218813297,767.1528844355147,1720.0020015321234,2741.1896406372834,2960.56296265856,lgbm,2026-03-09,104,risk_eval,A-Z,False,False,False
750101310014,VHSA,1,2026-03-16,592.3158095348372,690.4502895125809,1131.431119851427,1699.463372690625,1827.6684411597812,lgbm,2026-03-09,104,risk_eval,A-Z,False,False,False
750101310014,VHSA,2,2026-03-23,457.53268957263646,657.0897176216647,992.2338508393292,1333.4139885311793,1809.4257720470869,lgbm,2026-03-09,104,risk_eval,A-Z,False,False,False
750101310014,VHSA,3,2026-03-30,339.54644193006624,524.6526868961267,1029.9665090799633,1512.2241753648996,1940.613109731244,lgbm,2026-03-09,104,risk_eval,A-Z,False,False,False
750101310014,VHSA,4,2026-04-06,479.88065339826613,531.7486485678687,1081.487912162417,1762.1097678925512,1904.8179037119507,lgbm,2026-03-09,104,risk_eval,A-Z,False,False,False
750101310014,VHSA,5,2026-04-13,437.25802212260186,506.5771119718905,1106.2820728398851,1838.8278895568444,2005.4261439913882,lgbm,2026-03-09,104,risk_eval,A-Z,False,False,False
750101310014,VHSA,6,2026-04-20,426.8599608178218,495.2372653939915,1099.9186344452137,1881.5758810051595,2024.9137177723046,lgbm,2026-03-09,104,risk_eval,A-Z,False,False,False
750101310014,VHSA,7,2026-04-27,426.49900330968103,465.6912369172755,1179.5219920530085,1985.566993315173,2058.5524486259123,lgbm,2026-03-09,104,risk_eval,A-Z,False,False,False
750101310014,VHSA,8,2026-05-04,362.757880549723,444.8311408465214,1112.1452781126002,1911.8591686535233,2012.6928305153383,lgbm,2026-03-09,104,risk_eval,A-Z,False,False,False
750101310054,CCUL,1,2026-03-16,2256.3529874660508,2725.1003416707763,3611.951717493147,5077.933505107924,5510.93184654568,lgbm,2026-03-09,104,risk_eval,A-Y,False,False,False
750101310054,CCUL,2,2026-03-23,2169.9233713031067,2534.562640179792,3612.502126809753,4947.296397114077,5284.364729643439,lgbm,2026-03-09,104,risk_eval,A-Y,False,False,False
750101310054,CCUL,3,2026-03-30,1354.5314463063498,1437.821364336887,3978.808737665512,7814.004724818338,8211.606062190534,lgbm,2026-03-09,104,risk_eval,A-Y,False,False,False
750101310054,CCUL,4,2026-04-06,2045.1579780266534,2371.4876677527286,3432.8565695380603,5189.853183323775,5466.29009557298,lgbm,2026-03-09,104,risk_eval,A-Y,False,False,False
750101310054,CCUL,5,2026-04-13,2387.3509142872945,2642.741415536724,4222.089278563263,5839.068529806797,5945.147295465385,lgbm,2026-03-09,104,risk_eval,A-Y,False,False,False
750101310054,CCUL,6,2026-04-20,1810.7072445972933,2142.079360041226,3286.9431623488654,4961.089929748891,5451.396767729087,lgbm,2026-03-09,104,risk_eval,A-Y,False,False,False
750101310054,CCUL,7,2026-04-27,1937.0986106915775,2269.9589871985527,3664.6659255798263,5508.3444836295075,5818.581271497588,lgbm,2026-03-09,104,risk_eval,A-Y,False,False,False
750101310054,CCUL,8,2026-05-04,1602.8906452070341,1871.898464038372,3230.3023580555564,5052.883617322106,5382.103460934246,lgbm,2026-03-09,104,risk_eval,A-Y,False,False,False
750101310054,CMD2,1,2026-03-16,1393.7119556624468,1753.6708118179595,2201.1051972739174,2894.107821006641,3173.08943840689,lgbm,2026-03-09,104,risk_eval,A-Y,False,False,False
750101310054,CMD2,2,2026-03-23,1310.9654750287802,1624.5765029540416,2222.86387233431,2762.563694613321,3048.5772862937624,lgbm,2026-03-09,104,risk_eval,A-Y,False,False,False
750101310054,CMD2,3,2026-03-30,863.8420380352281,925.1864971026878,2487.648210862492,4732.084375579494,4772.825171540637,lgbm,2026-03-09,104,risk_eval,A-Y,False,False,False
750101310054,CMD2,4,2026-04-06,1209.2103538163908,1537.778827290309,2136.5885324992387,2847.357295687241,3279.167759644086,lgbm,2026-03-09,104,risk_eval,A-Y,False,False,False
750101310054,CMD2,5,2026-04-13,1322.91510771504,1502.2583051898264,2464.2904309997853,3546.9958641580993,3765.1670719307317,lgbm,2026-03-09,104,risk_eval,A-Y,False,False,False
750101310054,CMD2,6,2026-04-20,1196.2645251932477,1393.182028577615,2009.0730399006502,2872.7532429154107,3031.493804495305,lgbm,2026-03-09,104,risk_eval,A-Y,False,False,False
750101310054,CMD2,7,2026-04-27,1214.1902639000066,1480.310065261271,2251.3215067579104,3270.851659257496,3523.638016085753,lgbm,2026-03-09,104,risk_eval,A-Y,False,False,False
750101310054,CMD2,8,2026-05-04,1115.4862921448914,1272.7054410721753,1945.8632603354354,2848.60718231902,3021.674374733174,lgbm,2026-03-09,104,risk_eval,A-Y,False,False,False
750101310054,CMTY,1,2026-03-16,792.7998211514187,928.8187659926924,1226.081625383002,1786.4449745174925,1884.7439349380743,lgbm,2026-03-09,104,risk_eval,A-Y,False,False,False
750101310054,CMTY,2,2026-03-23,748.988521804074,859.0479730894394,1250.9887661979956,1682.6784840793684,1830.6983076731801,lgbm,2026-03-09,104,risk_eval,A-Y,False,False,False
750101310054,CMTY,3,2026-03-30,463.55464084746563,477.016236626055,1333.3620218305002,2735.4467858652547,2801.4685865299725,lgbm,2026-03-09,104,risk_eval,A-Y,False,False,False
750101310054,CMTY,4,2026-04-06,700.7736759982691,814.5562694703897,1180.6755531272345,1718.867333240058,1907.205261180375,lgbm,2026-03-09,104,risk_eval,A-Y,False,False,False
750101310054,CMTY,5,2026-04-13,762.0191386848362,798.2025078352239,1377.3922245359015,2121.0079672838956,2135.492519462212,lgbm,2026-03-09,104,risk_eval,A-Y,False,False,False
750101310054,CMTY,6,2026-04-20,679.9961736814407,748.0514000256605,1109.3384527910393,1720.515572623809,1762.2488003378094,lgbm,2026-03-09,104,risk_eval,A-Y,False,False,False
750101310054,CMTY,7,2026-04-27,701.1357063705432,840.4135143221864,1288.1238390258995,1931.8169937132443,2068.3163763171865,lgbm,2026-03-09,104,risk_eval,A-Y,False,False,False
750101310054,CMTY,8,2026-05-04,677.0105430501089,735.2875331670843,1067.3038795751331,1750.0641028456616,1808.3999764505654,lgbm,2026-03-09,104,risk_eval,A-Y,False,False,False
750101310054,MXLI,1,2026-03-16,283.19338559544235,351.17175044280975,469.36846714030514,661.5589932000654,702.7727917505267,lgbm,2026-03-09,104,risk_eval,A-Y,False,False,False
750101310054,MXLI,2,2026-03-23,265.9124117557799,337.7723087014643,470.60728596800857,631.0542116167512,708.8040312594768,lgbm,2026-03-09,104,risk_eval,A-Y,False,False,False
750101310054,MXLI,3,2026-03-30,159.46199793282312,164.08395966304855,511.6585558746479,969.5632560657959,1029.0928698251605,lgbm,2026-03-09,104,risk_eval,A-Y,False,False,False
750101310054,MXLI,4,2026-04-06,238.66746092984954,287.22968986969295,443.2136051744032,670.8777933025123,689.7111360211064,lgbm,2026-03-09,104,risk_eval,A-Y,False,False,False
750101310054,MXLI,5,2026-04-13,240.3482662966682,287.8590127837489,546.058987376728,802.1476328589841,845.5818680477765,lgbm,2026-03-09,104,risk_eval,A-Y,False,False,False
750101310054,MXLI,6,2026-04-20,230.3608056365656,280.7791687706051,438.77599817646234,665.5762580654184,697.3303308219857,lgbm,2026-03-09,104,risk_eval,A-Y,False,False,False
750101310054,MXLI,7,2026-04-27,193.15386713414108,257.50218893182716,464.6212172966268,703.1585557357491,724.9844333064816,lgbm,2026-03-09,104,risk_eval,A-Y,False,False,False
750101310054,MXLI,8,2026-05-04,219.19267757531156,269.45348986808676,423.58197426243095,650.2238539823261,704.02573129627,lgbm,2026-03-09,104,risk_eval,A-Y,False,False,False
750101310054,TLJ,1,2026-03-16,788.6436870408702,916.3420817664986,1134.8973426433704,1630.593078734753,1639.7842205861407,lgbm,2026-03-09,104,risk_eval,A-Y,False,False,False
750101310054,TLJ,2,2026-03-23,741.0039918478839,807.2231827819835,1089.3235104786559,1565.9246980410644,1573.3925313275597,lgbm,2026-03-09,104,risk_eval,A-Y,False,False,False
750101310054,TLJ,3,2026-03-30,479.87696495381675,502.1824092871531,1244.8222289654793,2351.5614232157554,2418.0378364740586,lgbm,2026-03-09,104,risk_eval,A-Y,False,False,False
750101310054,TLJ,4,2026-04-06,662.4921441652948,702.8485511517327,1059.4722875632895,1590.3145552686321,1628.2787743671545,lgbm,2026-03-09,104,risk_eval,A-Y,False,False,False
750101310054,TLJ,5,2026-04-13,737.2542167599463,771.2601775258313,1343.807136203021,2022.325048726244,2089.5906345183794,lgbm,2026-03-09,104,risk_eval,A-Y,False,False,False
750101310054,TLJ,6,2026-04-20,635.5325116202442,657.5731396629902,1040.563551761624,1626.6261381756647,1667.2424392726048,lgbm,2026-03-09,104,risk_eval,A-Y,False,False,False
750101310054,TLJ,7,2026-04-27,654.3718943814545,750.3689066345621,1171.2919268572634,1783.851561169773,1800.0196959109878,lgbm,2026-03-09,104,risk_eval,A-Y,False,False,False
750101310054,TLJ,8,2026-05-04,584.9958426912686,607.975079848836,997.734403709531,1638.3000529911626,1643.8454894056633,lgbm,2026-03-09,104,risk_eval,A-Y,False,False,False
750101310054,VHSA,1,2026-03-16,154.54613115395864,183.3913230237261,289.5649360580278,422.74746731941946,443.6903513625573,lgbm,2026-03-09,104,risk_eval,A-Y,False,False,False
750101310054,VHSA,2,2026-03-23,137.0774074998158,166.0683815849059,286.1442387499518,400.3888963616242,449.2686458460538,lgbm,2026-03-09,104,risk_eval,A-Y,False,False,False
750101310054,VHSA,3,2026-03-30,73.15921808193187,79.36582265101622,310.5219340738734,622.9612134146163,665.7148296209407,lgbm,2026-03-09,104,risk_eval,A-Y,False,False,False
750101310054,VHSA,4,2026-04-06,127.60520922025623,151.39838636252546,248.23390564073966,400.0678909597979,421.2246502447919,lgbm,2026-03-09,104,risk_eval,A-Y,False,False,False
750101310054,VHSA,5,2026-04-13,127.87916760768024,153.2602067109682,299.3296152898388,459.2930935153678,496.37130114558306,lgbm,2026-03-09,104,risk_eval,A-Y,False,False,False
750101310054,VHSA,6,2026-04-20,121.58245499407445,150.22939061197687,246.27278230048537,413.6321024536144,440.1277063311712,lgbm,2026-03-09,104,risk_eval,A-Y,False,False,False
750101310054,VHSA,7,2026-04-27,117.86629228584393,142.17538563043274,262.4547931074667,448.9777061806323,467.4915623705072,lgbm,2026-03-09,104,risk_eval,A-Y,False,False,False
750101310054,VHSA,8,2026-05-04,116.00338392216692,135.31516471238396,240.46776945962912,420.9171934252182,453.0819171134518,lgbm,2026-03-09,104,risk_eval,A-Y,False,False,False
750101310055,CCUL,1,2026-03-16,590.3925852422108,876.115919625398,1344.9197516105755,1752.716522880495,2066.51417841778,lgbm,2026-03-09,103,risk_eval,A-Z,False,False,False
750101310055,CCUL,2,2026-03-23,571.2286547690037,763.6532822694917,1336.4580445101324,1983.3473166823758,2045.478794793239,lgbm,2026-03-09,103,risk_eval,A-Z,False,False,False
750101310055,CCUL,3,2026-03-30,95.80983373056836,553.3168014576704,1521.5567140095143,2588.613170719903,3284.481480109127,lgbm,2026-03-09,103,risk_eval,A-Z,False,False,False
750101310055,CCUL,4,2026-04-06,533.7940161707437,768.0331616954935,1352.079264304398,1841.7977521546632,2087.789531797842,lgbm,2026-03-09,103,risk_eval,A-Z,False,False,False
750101310055,CCUL,5,2026-04-13,0.0,821.1127780633255,1649.0472112347031,2167.4887536789,8319.41622303695,lgbm,2026-03-09,103,risk_eval,A-Z,False,False,False
750101310055,CCUL,6,2026-04-20,489.1590711530104,720.4982209259506,1329.096330018288,1830.2086640286975,2101.098960111327,lgbm,2026-03-09,103,risk_eval,A-Z,False,False,False
750101310055,CCUL,7,2026-04-27,475.29243991688924,741.4426138880036,1469.170484080083,2084.4920693526037,2305.7464358819584,lgbm,2026-03-09,103,risk_eval,A-Z,False,False,False
750101310055,CCUL,8,2026-05-04,365.8865312869901,599.3535557341922,1227.3712662858109,1838.0504691132571,2120.9279713574833,lgbm,2026-03-09,103,risk_eval,A-Z,False,False,False
750101310055,CMD2,1,2026-03-16,1281.7240732849523,1966.1392415637922,3168.926205501319,4034.228209997532,4801.341182786872,lgbm,2026-03-09,101,risk_eval,A-Z,False,False,False
750101310055,CMD2,2,2026-03-23,1258.9740367530956,1709.8526820834586,3163.275171149502,4435.635694241846,4634.926780213349,lgbm,2026-03-09,101,risk_eval,A-Z,False,False,False
750101310055,CMD2,3,2026-03-30,300.1724561097101,1046.7958337523187,3579.763613665153,6159.553242169164,7215.536999284405,lgbm,2026-03-09,101,risk_eval,A-Z,False,False,False
750101310055,CMD2,4,2026-04-06,1174.053005499558,1781.0525453368314,3103.673070377496,3754.688404139574,4525.11990510872,lgbm,2026-03-09,101,risk_eval,A-Z,False,False,False
750101310055,CMD2,5,2026-04-13,1155.3268007314618,1821.661008005376,3219.994101202703,3933.485899721117,4646.79677082537,lgbm,2026-03-09,101,risk_eval,A-Z,False,False,False
750101310055,CMD2,6,2026-04-20,1183.603777147761,1734.3826699813549,3073.5958980889895,3834.9114629563032,4524.385032965641,lgbm,2026-03-09,101,risk_eval,A-Z,False,False,False
750101310055,CMD2,7,2026-04-27,1009.7459919496168,1767.7824358629257,3250.9775154172107,4237.215096021764,4998.7914542317285,lgbm,2026-03-09,101,risk_eval,A-Z,False,False,False
750101310055,CMD2,8,2026-05-04,979.519615151019,1481.584610818591,2875.878112592157,3963.0931997580183,4549.085658825209,lgbm,2026-03-09,101,risk_eval,A-Z,False,False,False
750101310055,CMTY,1,2026-03-16,371.08225787548304,716.0259920214888,1361.1647591115996,1875.8876777080568,2307.041653716427,lgbm,2026-03-09,103,risk_eval,A-Z,False,False,False
750101310055,CMTY,2,2026-03-23,389.27735575694186,646.6799477855673,1351.406722969619,1951.2737825426298,2150.9442871658953,lgbm,2026-03-09,103,risk_eval,A-Z,False,False,False
750101310055,CMTY,3,2026-03-30,23.380433441330524,318.29517642872065,1488.259581315198,2792.1904194043204,3143.829500042807,lgbm,2026-03-09,103,risk_eval,A-Z,False,False,False
750101310055,CMTY,4,2026-04-06,392.0692687854979,699.4447105657887,1339.0196333936838,1805.0625932756677,2181.7540113996724,lgbm,2026-03-09,103,risk_eval,A-Z,False,False,False
750101310055,CMTY,5,2026-04-13,485.483598473066,816.8606009694872,1512.5991703415182,1856.1679688163943,2301.3769902699987,lgbm,2026-03-09,103,risk_eval,A-Z,False,False,False
750101310055,CMTY,6,2026-04-20,344.6151185482907,643.9158121387293,1267.8791904800414,1753.784257979217,2134.4785721752546,lgbm,2026-03-09,103,risk_eval,A-Z,False,False,False
750101310055,CMTY,7,2026-04-27,297.88195007682236,613.2115867730686,1372.2165795571002,2044.5878808912723,2430.6848607366273,lgbm,2026-03-09,103,risk_eval,A-Z,False,False,False
750101310055,CMTY,8,2026-05-04,283.28504219479123,509.79403554196085,1218.5004676044746,1911.4878950472412,2180.1691773399652,lgbm,2026-03-09,103,risk_eval,A-Z,False,False,False
750101310055,MXLI,1,2026-03-16,0.0,88.54948837406428,303.5483289060939,545.070390043187,1754.9072086628125,lgbm,2026-03-09,102,risk_eval,A-Z,False,False,False
750101310055,MXLI,2,2026-03-23,45.25813445846862,109.80076045555201,299.3682704443054,465.8182942258504,526.6187109563972,lgbm,2026-03-09,102,risk_eval,A-Z,False,False,False
750101310055,MXLI,3,2026-03-30,0.0,14.034928161453195,330.4744481353387,683.4013529438075,742.1813404002515,lgbm,2026-03-09,102,risk_eval,A-Z,False,False,False
750101310055,MXLI,4,2026-04-06,0.0,86.3761450619721,299.1960698898207,509.17617532962265,1736.7472528985845,lgbm,2026-03-09,102,risk_eval,A-Z,False,False,False
750101310055,MXLI,5,2026-04-13,0.0,88.48350507533536,339.313677888602,554.7578360410212,1789.6085321561122,lgbm,2026-03-09,102,risk_eval,A-Z,False,False,False
750101310055,MXLI,6,2026-04-20,0.0,78.30063877481389,295.02687218115625,507.3270589496831,1731.016695174025,lgbm,2026-03-09,102,risk_eval,A-Z,False,False,False
750101310055,MXLI,7,2026-04-27,0.0,61.918039781262536,318.91085835089376,571.4297876464575,1789.7155315901523,lgbm,2026-03-09,102,risk_eval,A-Z,False,False,False
750101310055,MXLI,8,2026-05-04,0.0,60.41440567188974,287.3415051139291,518.5277501380104,1758.076726265053,lgbm,2026-03-09,102,risk_eval,A-Z,False,False,False
750101310055,TLJ,1,2026-03-16,455.44423049712873,800.3132650256916,1422.9697278289686,1899.4120397210309,2275.1422761194526,lgbm,2026-03-09,104,risk_eval,A-Z,False,False,False
750101310055,TLJ,2,2026-03-23,445.8953580696814,693.3430374846805,1426.6743173039758,2046.6728506941242,2159.595760958954,lgbm,2026-03-09,104,risk_eval,A-Z,False,False,False
750101310055,TLJ,3,2026-03-30,63.850139670198814,354.27569499498657,1593.6190653111048,2932.690336693769,3204.6281428862644,lgbm,2026-03-09,104,risk_eval,A-Z,False,False,False
750101310055,TLJ,4,2026-04-06,446.6577838161799,722.7361837106296,1384.263930293802,1736.9091415000805,2094.893569988798,lgbm,2026-03-09,104,risk_eval,A-Z,False,False,False
750101310055,TLJ,5,2026-04-13,0.0,815.8048450120652,1596.4201991452746,1919.0755014122722,8089.506914478836,lgbm,2026-03-09,104,risk_eval,A-Z,False,False,False
750101310055,TLJ,6,2026-04-20,419.8450683251688,680.3670038286215,1384.8802718504905,1804.6634218778113,2136.442879318707,lgbm,2026-03-09,104,risk_eval,A-Z,False,False,False
750101310055,TLJ,7,2026-04-27,381.74170761233313,749.5061118069211,1446.8761003013663,1931.131554630818,2342.7401833025924,lgbm,2026-03-09,104,risk_eval,A-Z,False,False,False
750101310055,TLJ,8,2026-05-04,341.62298113678804,617.0604397090101,1284.7253477951454,1796.9235101537347,2108.3385448686945,lgbm,2026-03-09,104,risk_eval,A-Z,False,False,False
750101310055,VHSA,1,2026-03-16,131.77137704267497,202.41391564660995,461.8241784254142,633.9217350760022,747.8515493032272,lgbm,2026-03-09,90,risk_eval,A-Z,False,False,False
750101310055,VHSA,2,2026-03-23,135.4947077046539,188.82334119283658,461.29325275799374,668.0304401538476,721.2161873697727,lgbm,2026-03-09,90,risk_eval,A-Z,False,False,False
750101310055,VHSA,3,2026-03-30,0.0,76.77655561707664,525.8706146484983,944.1224374881191,1117.167243748817,lgbm,2026-03-09,90,risk_eval,A-Z,False,False,False
750101310055,VHSA,4,2026-04-06,140.24769118660967,194.07103273630707,461.5531313922145,585.7097950163202,694.7099162298379,lgbm,2026-03-09,90,risk_eval,A-Z,False,False,False
750101310055,VHSA,5,2026-04-13,131.25724534093345,195.19733117896573,471.4451472702832,601.923092095139,710.0450358557849,lgbm,2026-03-09,90,risk_eval,A-Z,False,False,False
750101310055,VHSA,6,2026-04-20,132.7965306353918,186.4036585394774,452.92947535790637,593.8474363899511,693.1076321825126,lgbm,2026-03-09,90,risk_eval,A-Z,False,False,False
750101310055,VHSA,7,2026-04-27,105.69076856249632,179.47118723713422,485.1894613026366,648.6129424421795,765.9453458621889,lgbm,2026-03-09,90,risk_eval,A-Z,False,False,False
750101310055,VHSA,8,2026-05-04,100.5482524586318,154.93046848716025,434.4390210997534,611.5010045782394,698.0165574783698,lgbm,2026-03-09,90,risk_eval,A-Z,False,False,False
750101310119,CMD2,1,2026-03-16,0.0,0.0,26.919650506896872,74.74926879654396,75.87144684900187,lgbm,2026-03-09,104,risk_eval,A-Z,False,False,False
750101310119,CMD2,2,2026-03-23,0.0,0.0,28.333295424194645,77.1558947229538,78.10182021125493,lgbm,2026-03-09,104,risk_eval,A-Z,False,False,False
750101310119,CMD2,3,2026-03-30,0.0,0.0,28.573688158754223,74.37050104464254,77.47532770089275,lgbm,2026-03-09,104,risk_eval,A-Z,False,False,False
750101310119,CMD2,4,2026-04-06,0.0,0.0,28.362008597126582,75.49622644617932,82.86518685991234,lgbm,2026-03-09,104,risk_eval,A-Z,False,False,False
750101310119,CMD2,5,2026-04-13,0.0,0.0,28.852239994203998,62.512475387722745,190.44719596664382,lgbm,2026-03-09,104,risk_eval,A-Z,False,False,False
750101310119,CMD2,6,2026-04-20,0.0,0.0,29.348417300169,63.354153963637586,190.70947357625806,lgbm,2026-03-09,104,risk_eval,A-Z,False,False,False
750101310119,CMD2,7,2026-04-27,0.0,0.0,28.187135810947044,68.82517138671463,195.7406316522867,lgbm,2026-03-09,104,risk_eval,A-Z,False,False,False
750101310119,CMD2,8,2026-05-04,0.0,0.0,26.849127330981055,63.331142468843765,189.43143225307745,lgbm,2026-03-09,104,risk_eval,A-Z,False,False,False
750101310119,CMTY,1,2026-03-16,0.0,11.660266463131293,42.731437265418705,73.58203091940427,83.1890165115218,lgbm,2026-03-09,104,risk_eval,A-Z,False,False,False
750101310119,CMTY,2,2026-03-23,0.0,12.3012697764605,42.04276977180597,72.97770710244805,81.44520568417131,lgbm,2026-03-09,104,risk_eval,A-Z,False,False,False
750101310119,CMTY,3,2026-03-30,0.0,9.224783794874437,42.12479435857439,74.37219960997854,83.75176838337167,lgbm,2026-03-09,104,risk_eval,A-Z,False,False,False
750101310119,CMTY,4,2026-04-06,0.0,7.604015730834927,42.031652055944946,72.21509599630826,83.28814405025486,lgbm,2026-03-09,104,risk_eval,A-Z,False,False,False
750101310119,CMTY,5,2026-04-13,0.0,6.50420460325601,42.88736358597803,72.80324634243334,83.06926609888957,lgbm,2026-03-09,104,risk_eval,A-Z,False,False,False
750101310119,CMTY,6,2026-04-20,0.0,2.999524154180058,53.48383404490089,79.81499907492984,85.29774577393621,lgbm,2026-03-09,104,risk_eval,A-Z,False,False,False
750101310119,CMTY,7,2026-04-27,0.0,1.4768143257258544,56.21266162123011,80.65937529088774,87.60478768075775,lgbm,2026-03-09,104,risk_eval,A-Z,False,False,False
750101310119,CMTY,8,2026-05-04,0.0,1.886443453866029,54.26259709659851,80.73649616399862,85.4124251520397,lgbm,2026-03-09,104,risk_eval,A-Z,False,False,False
750101310119,TLJ,1,2026-03-16,0.0,0.0,67.26206117220686,114.76798138176571,307.8431824751938,lgbm,2026-03-09,104,risk_eval,A-Z,True,False,False
750101310119,TLJ,2,2026-03-23,0.0,0.0,69.8883599029371,116.11726896047219,309.5721440697119,lgbm,2026-03-09,104,risk_eval,A-Z,True,False,False
750101310119,TLJ,3,2026-03-30,0.0,0.0,69.85738918838436,115.28270354492122,316.5934369876519,lgbm,2026-03-09,104,risk_eval,A-Z,True,False,False
750101310119,TLJ,4,2026-04-06,0.0,0.0,67.17439655329822,114.49825395305734,315.4811236291604,lgbm,2026-03-09,104,risk_eval,A-Z,True,False,False
750101310119,TLJ,5,2026-04-13,0.0,0.0,70.66456093016653,171.38181965027852,315.71738566710013,lgbm,2026-03-09,104,risk_eval,A-Z,True,False,False
750101310119,TLJ,6,2026-04-20,0.0,0.0,84.18790790566375,174.15453727859187,192.31867173816238,lgbm,2026-03-09,104,risk_eval,A-Z,True,False,False
750101310119,TLJ,7,2026-04-27,0.0,0.0,103.29433081040212,192.29313103908643,892.9143275308502,lgbm,2026-03-09,104,risk_eval,A-Z,True,False,False
750101310119,TLJ,8,2026-05-04,0.0,0.0,103.65313730725578,217.1558989662178,773.3865119925665,lgbm,2026-03-09,104,risk_eval,A-Z,True,False,False
750101310276,VHSA,1,2026-03-16,118.01991369737175,132.3329478957763,173.93697884979858,230.17885824160135,276.80751391102694,lgbm,2026-03-09,104,risk_eval,A-X,False,False,False
750101310276,VHSA,2,2026-03-23,115.1420717896979,125.2007059990161,172.86330802121847,233.8340261273057,280.6755863982248,lgbm,2026-03-09,104,risk_eval,A-X,False,False,False
750101310276,VHSA,3,2026-03-30,106.25389386701,123.9202329598736,177.05831800232568,257.43438529721226,291.79256377491697,lgbm,2026-03-09,104,risk_eval,A-X,False,False,False
750101310276,VHSA,4,2026-04-06,110.61474099504764,123.75845899346824,171.9490250428936,237.70052198602082,281.3422233274814,lgbm,2026-03-09,104,risk_eval,A-X,False,False,False
750101310276,VHSA,5,2026-04-13,102.91933300827935,119.0183572838634,172.8428214929001,243.27827174689145,289.77223867312745,lgbm,2026-03-09,104,risk_eval,A-X,False,False,False
750101310276,VHSA,6,2026-04-20,109.15867845124185,121.3417259021895,174.82855155912168,243.72473437042325,288.19015303503244,lgbm,2026-03-09,104,risk_eval,A-X,False,False,False
750101310276,VHSA,7,2026-04-27,107.33973159717556,126.44078333479976,173.4713326956771,246.00477191717533,292.811125629085,lgbm,2026-03-09,104,risk_eval,A-X,False,False,False
750101310276,VHSA,8,2026-05-04,101.68208345248833,116.55826181731987,170.82255962396155,245.24616609533282,290.8192373143543,lgbm,2026-03-09,104,risk_eval,A-X,False,False,False
750101310278,CCUL,1,2026-03-16,1326.3662960489219,1558.1883842156233,2305.2048617393143,3147.452553178505,3266.239759533125,lgbm,2026-03-09,104,risk_eval,A-Z,False,False,False
750101310278,CCUL,2,2026-03-23,1407.143724214775,1671.9798847288916,2181.5452263663487,2637.9151702833824,2979.11367284515,lgbm,2026-03-09,104,risk_eval,A-Z,False,False,False
750101310278,CCUL,3,2026-03-30,1486.6670416582506,1800.0497818608937,2510.73348501986,3298.0649048296023,3468.913399957064,lgbm,2026-03-09,104,risk_eval,A-Z,False,False,False
750101310278,CCUL,4,2026-04-06,1334.6291168160042,1710.0090782097086,2360.5175966692154,3170.01171371796,3521.320552044826,lgbm,2026-03-09,104,risk_eval,A-Z,False,False,False
750101310278,CCUL,5,2026-04-13,1350.8435951827128,1793.0718014410068,2449.1813365707685,3231.8828207607885,3565.892179911527,lgbm,2026-03-09,104,risk_eval,A-Z,False,False,False
750101310278,CCUL,6,2026-04-20,1258.643229555485,1664.1078883295863,2303.272794719613,3106.4988729314373,3365.751291375036,lgbm,2026-03-09,104,risk_eval,A-Z,False,False,False
750101310278,CCUL,7,2026-04-27,1230.6307683505713,1699.3561561858683,2713.652651118538,3673.3500557966436,3998.7566846615427,lgbm,2026-03-09,104,risk_eval,A-Z,False,False,False
750101310278,CCUL,8,2026-05-04,931.0335756671806,1192.8598945492745,2554.0422058602185,3745.917538020552,3916.9981717665237,lgbm,2026-03-09,104,risk_eval,A-Z,False,False,False
750101310278,CMD2,1,2026-03-16,22256.043006556072,25729.400815161935,35537.56078493923,50480.03677864932,51497.25952666608,lgbm,2026-03-09,104,risk_eval,A-Z,False,False,False
750101310278,CMD2,2,2026-03-23,23061.60939293905,27267.598432631108,34641.867390884494,41142.014965989714,46701.08913279737,lgbm,2026-03-09,104,risk_eval,A-Z,False,False,False
750101310278,CMD2,3,2026-03-30,24854.659122991754,30213.81643788855,39897.4262747091,50772.839144736565,55570.51462206476,lgbm,2026-03-09,104,risk_eval,A-Z,False,False,False
750101310278,CMD2,4,2026-04-06,23232.320414663853,27719.57682519863,38228.8995011509,49450.563821839765,53502.989947582384,lgbm,2026-03-09,104,risk_eval,A-Z,False,False,False
750101310278,CMD2,5,2026-04-13,27512.779977019687,32290.316739819857,42508.5501653892,51363.069253775495,53733.058394459236,lgbm,2026-03-09,104,risk_eval,A-Z,False,False,False
750101310278,CMD2,6,2026-04-20,21809.91589485432,26829.428725344107,38887.652429086964,50613.2948735526,56144.293486981085,lgbm,2026-03-09,104,risk_eval,A-Z,False,False,False
750101310278,CMD2,7,2026-04-27,26588.210384312428,31835.029866417255,45213.495120794905,57499.055251939906,59662.43209622356,lgbm,2026-03-09,104,risk_eval,A-Z,False,False,False
750101310278,CMD2,8,2026-05-04,23917.566218602973,27045.560373821478,43417.12168170968,53708.696334013286,56489.75877195281,lgbm,2026-03-09,104,risk_eval,A-Z,False,False,False
750101310278,CMTY,1,2026-03-16,11437.362396684552,13401.442239698768,17739.27631351387,22995.778892290964,23821.016406344716,lgbm,2026-03-09,104,risk_eval,A-Z,False,False,False
750101310278,CMTY,2,2026-03-23,11687.117413565622,14028.796066049306,16719.963025006386,18798.86373939658,21918.15917879022,lgbm,2026-03-09,104,risk_eval,A-Z,False,False,False
750101310278,CMTY,3,2026-03-30,12480.773162273597,14549.976790834864,18632.32070391489,23802.701858412915,25007.57473858809,lgbm,2026-03-09,104,risk_eval,A-Z,False,False,False
750101310278,CMTY,4,2026-04-06,11183.75644416893,14076.956318704548,17557.848909624503,21957.61118853725,25322.770298225507,lgbm,2026-03-09,104,risk_eval,A-Z,False,False,False
750101310278,CMTY,5,2026-04-13,11710.914065931458,14212.273368399416,18698.145208172653,23957.2147532947,25382.011405855614,lgbm,2026-03-09,104,risk_eval,A-Z,False,False,False
750101310278,CMTY,6,2026-04-20,10397.313064909904,13644.081605271618,17543.610595827704,22568.89452146393,26540.82792401592,lgbm,2026-03-09,104,risk_eval,A-Z,False,False,False
750101310278,CMTY,7,2026-04-27,11056.657156750622,13587.67599899907,20160.626215969678,27053.377857265143,27783.22402821568,lgbm,2026-03-09,104,risk_eval,A-Z,False,False,False
750101310278,CMTY,8,2026-05-04,9293.039810899107,11743.220565108288,18873.781568286875,25580.894353603668,27850.33380631741,lgbm,2026-03-09,104,risk_eval,A-Z,False,False,False
750101310278,MXLI,1,2026-03-16,1085.3799164535124,1226.6941421791578,1809.8148452998523,2561.430777853923,2629.152246644806,lgbm,2026-03-09,104,risk_eval,A-Z,False,False,False
750101310278,MXLI,2,2026-03-23,1137.6358228844401,1380.2650150069715,1640.2542638831312,1986.3750249687246,2340.8841189589693,lgbm,2026-03-09,104,risk_eval,A-Z,False,False,False
750101310278,MXLI,3,2026-03-30,1214.1212377239362,1402.150304930293,1971.7211354178075,2543.026693948019,2665.355204007533,lgbm,2026-03-09,104,risk_eval,A-Z,False,False,False
750101310278,MXLI,4,2026-04-06,1055.4573943129235,1396.7973874177187,1771.030222533965,2346.9376582153864,2712.3216615190654,lgbm,2026-03-09,104,risk_eval,A-Z,False,False,False
750101310278,MXLI,5,2026-04-13,1127.266056479127,1416.9368141113566,1982.3611056887664,2549.4830642247834,2807.774358863311,lgbm,2026-03-09,104,risk_eval,A-Z,False,False,False
750101310278,MXLI,6,2026-04-20,1011.763550179063,1332.8691279405077,1831.731726174438,2436.5508555730867,2853.080877250248,lgbm,2026-03-09,104,risk_eval,A-Z,False,False,False
750101310278,MXLI,7,2026-04-27,1078.718176953952,1378.9335476275032,2162.891155203789,2904.059455774573,3016.6181858286345,lgbm,2026-03-09,104,risk_eval,A-Z,False,False,False
750101310278,MXLI,8,2026-05-04,870.6658564735309,1092.7379630961686,1964.7572947089063,2683.969255458784,2991.3014364965493,lgbm,2026-03-09,104,risk_eval,A-Z,False,False,False
750101310278,TLJ,1,2026-03-16,6039.067803720277,6898.571119217753,9448.553212970093,12695.289922843167,13170.00506943265,lgbm,2026-03-09,104,risk_eval,A-Z,False,False,False
750101310278,TLJ,2,2026-03-23,6257.506014162539,7133.2682254362235,9007.232941891481,10530.683967749306,11965.72499112466,lgbm,2026-03-09,104,risk_eval,A-Z,False,False,False
750101310278,TLJ,3,2026-03-30,6654.741534678968,7539.277670353332,10469.682100587494,13623.25252826098,14463.364792009977,lgbm,2026-03-09,104,risk_eval,A-Z,False,False,False
750101310278,TLJ,4,2026-04-06,6153.175381270449,6933.884733827557,9970.5888634937,13352.45986869188,14249.28024313636,lgbm,2026-03-09,104,risk_eval,A-Z,False,False,False
750101310278,TLJ,5,2026-04-13,7075.589088420901,8326.338683274616,11091.24765738275,13439.014011041774,14353.283760494744,lgbm,2026-03-09,104,risk_eval,A-Z,False,False,False
750101310278,TLJ,6,2026-04-20,6060.886131655903,7021.275301465037,10301.375969174556,13765.523922277038,14707.53406575161,lgbm,2026-03-09,104,risk_eval,A-Z,False,False,False
750101310278,TLJ,7,2026-04-27,7062.146787796866,8244.338429190318,11850.591453250441,15366.364128752191,15720.650713085284,lgbm,2026-03-09,104,risk_eval,A-Z,False,False,False
750101310278,TLJ,8,2026-05-04,6084.878348961428,7158.293916395193,11207.224655089072,14312.738830974129,15051.712342928087,lgbm,2026-03-09,104,risk_eval,A-Z,False,False,False
750101310278,VHSA,1,2026-03-16,2693.0256285216924,3014.449307225912,5130.465279167785,8028.215026066555,8095.763604913225,lgbm,2026-03-09,104,risk_eval,A-Z,False,False,False
750101310278,VHSA,2,2026-03-23,2933.172280928808,3631.019751188561,4850.193525601118,6531.029634598679,7539.507877839567,lgbm,2026-03-09,104,risk_eval,A-Z,False,False,False
750101310278,VHSA,3,2026-03-30,3254.2077948419046,4037.6289395872477,5849.590163848212,8269.078521756373,8592.975742639435,lgbm,2026-03-09,104,risk_eval,A-Z,False,False,False
750101310278,VHSA,4,2026-04-06,2865.264631838195,3888.077968245115,5581.946138809681,7658.089927428669,8615.210530126455,lgbm,2026-03-09,104,risk_eval,A-Z,False,False,False
750101310278,VHSA,5,2026-04-13,3126.87940815686,4267.127285191537,6094.119977138652,7861.004597962489,8659.222470059007,lgbm,2026-03-09,104,risk_eval,A-Z,False,False,False
750101310278,VHSA,6,2026-04-20,2763.377029828789,3759.9743894782177,5722.981304175536,7844.206533012574,8696.597155972597,lgbm,2026-03-09,104,risk_eval,A-Z,False,False,False
750101310278,VHSA,7,2026-04-27,3081.016658640294,4252.8922859625645,6565.304852844196,8852.692860876718,9796.784178243317,lgbm,2026-03-09,104,risk_eval,A-Z,False,False,False
750101310278,VHSA,8,2026-05-04,2968.1841323091576,3727.1850884665782,6420.472148568276,8581.650119381553,9144.485019125748,lgbm,2026-03-09,104,risk_eval,A-Z,False,False,False
750101310280,CCUL,1,2026-03-16,216.78633826822448,329.6281644662422,361.4279786477845,424.952738819076,946.085119013161,lgbm,2026-03-09,104,risk_eval,A-X,False,False,False
750101310280,CCUL,2,2026-03-23,202.48883994670064,303.05270941860226,345.3452991041279,424.1434905146216,946.7378231210945,lgbm,2026-03-09,104,risk_eval,A-X,False,False,False
750101310280,CCUL,3,2026-03-30,212.0237873725049,346.05680317800176,383.9776181586844,460.630306586577,949.1560483782241,lgbm,2026-03-09,104,risk_eval,A-X,False,False,False
750101310280,CCUL,4,2026-04-06,186.59805092248683,301.9940113698155,322.36123419253806,426.37678653196207,947.4802928286902,lgbm,2026-03-09,104,risk_eval,A-X,False,False,False
750101310280,CCUL,5,2026-04-13,209.9507688793799,337.9276645659741,355.9024928039748,456.9497062033705,968.2987863665543,lgbm,2026-03-09,104,risk_eval,A-X,False,False,False
750101310280,CCUL,6,2026-04-20,183.93085183153352,297.795806333924,320.00915942403844,421.62562558736954,950.692048284848,lgbm,2026-03-09,104,risk_eval,A-X,False,False,False
750101310280,CCUL,7,2026-04-27,208.76519996951322,332.08695342334096,348.9527564715737,432.9895944280139,963.0948660064686,lgbm,2026-03-09,104,risk_eval,A-X,False,False,False
750101310280,CCUL,8,2026-05-04,179.43475194563368,286.34771219391484,322.32277564453454,417.63278708397576,953.1221161069276,lgbm,2026-03-09,104,risk_eval,A-X,False,False,False
750101310280,MXLI,1,2026-03-16,332.4422657527725,368.56102607841666,401.7251720900208,474.5974400713308,496.06561934147373,lgbm,2026-03-09,104,risk_eval,A-X,False,False,False
750101310280,MXLI,2,2026-03-23,317.20937894933184,357.1910049280126,371.32153946187617,440.82596295846656,494.2847940705188,lgbm,2026-03-09,104,risk_eval,A-X,False,False,False
750101310280,MXLI,3,2026-03-30,324.50959499720784,374.8629106713945,448.7763606107034,506.2574356193092,517.2020535497859,lgbm,2026-03-09,104,risk_eval,A-X,False,False,False
750101310280,MXLI,4,2026-04-06,302.2568413577094,340.7197815099147,372.3406559025516,463.5629807580126,492.4455427694909,lgbm,2026-03-09,104,risk_eval,A-X,False,False,False
750101310280,MXLI,5,2026-04-13,326.6101255078133,366.6791939620444,403.3599176501919,503.7224802854059,519.1560808463547,lgbm,2026-03-09,104,risk_eval,A-X,False,False,False
750101310280,MXLI,6,2026-04-20,277.74888554924894,311.16530591091754,372.9701786086123,456.6642494701827,496.530471949863,lgbm,2026-03-09,104,risk_eval,A-X,False,False,False
750101310280,MXLI,7,2026-04-27,319.44239458395293,356.5607684187196,403.60231419023796,486.3625889744974,512.6718534707612,lgbm,2026-03-09,104,risk_eval,A-X,False,False,False
750101310280,MXLI,8,2026-05-04,296.75616758832655,327.9479018261014,360.51913835924324,451.28815898376143,492.8300272107239,lgbm,2026-03-09,104,risk_eval,A-X,False,False,False
750101310283,CCUL,1,2026-03-16,423.8434547689095,614.4931855715763,809.5581459745773,1187.9118032418153,1258.6790591159408,lgbm,2026-03-09,104,risk_eval,A-Z,False,False,False
750101310283,CCUL,2,2026-03-23,411.186534458234,600.9311348375869,752.1026246195225,1054.2903001888337,1216.3212027971483,lgbm,2026-03-09,104,risk_eval,A-Z,False,False,False
750101310283,CCUL,3,2026-03-30,389.77988319462946,647.3108202573994,859.8243336321051,1213.781461187636,1449.204837913824,lgbm,2026-03-09,104,risk_eval,A-Z,False,False,False
750101310283,CCUL,4,2026-04-06,345.16058347437246,545.525786734428,883.0772705748717,1213.8749999331317,1403.8419117557967,lgbm,2026-03-09,104,risk_eval,A-Z,False,False,False
750101310283,CCUL,5,2026-04-13,347.14218734563866,558.1574926427181,897.4875321141086,1259.9098478837493,1446.5938351477025,lgbm,2026-03-09,104,risk_eval,A-Z,False,False,False
750101310283,CCUL,6,2026-04-20,322.1228018645488,552.4116074571566,911.3663347758383,1312.4488653815465,1522.9121382945955,lgbm,2026-03-09,104,risk_eval,A-Z,False,False,False
750101310283,CCUL,7,2026-04-27,335.08993249280854,558.9407208983383,954.0924723151483,1403.575503119528,1593.1492345463516,lgbm,2026-03-09,104,risk_eval,A-Z,False,False,False
750101310283,CCUL,8,2026-05-04,0.0,435.80305549115246,986.384761851255,1409.7211251061353,4115.910780131342,lgbm,2026-03-09,104,risk_eval,A-Z,False,False,False
750101310283,CMD2,1,2026-03-16,5302.0781782702725,7245.292762097628,10211.028284957465,13277.62026006629,14270.010159206118,lgbm,2026-03-09,104,risk_eval,A-Z,False,False,False
750101310283,CMD2,2,2026-03-23,5079.431167486371,7195.679040737967,9253.1378781701,11691.025748811486,13762.888118193376,lgbm,2026-03-09,104,risk_eval,A-Z,False,False,False
750101310283,CMD2,3,2026-03-30,4729.407362052028,8040.1173029588235,11615.859870975817,13215.575602252928,17537.92665785884,lgbm,2026-03-09,104,risk_eval,A-Z,False,False,False
750101310283,CMD2,4,2026-04-06,4356.612267400666,6865.891903994287,11347.450497347161,13391.151886583728,16763.29613833109,lgbm,2026-03-09,104,risk_eval,A-Z,False,False,False
750101310283,CMD2,5,2026-04-13,4590.538848698936,6947.759941462164,11824.028144599786,14774.695631060045,17087.210377477473,lgbm,2026-03-09,104,risk_eval,A-Z,False,False,False
750101310283,CMD2,6,2026-04-20,4632.78146470279,6892.837444833509,11724.545257745356,14335.950298578007,16771.452685320353,lgbm,2026-03-09,104,risk_eval,A-Z,False,False,False
750101310283,CMD2,7,2026-04-27,4298.32313002985,7222.899658225819,12761.366613907547,15086.676516746778,18457.047865170032,lgbm,2026-03-09,104,risk_eval,A-Z,False,False,False
750101310283,CMD2,8,2026-05-04,3610.871948570958,5724.477435471868,11760.394538550041,14984.678817669246,17355.677692440608,lgbm,2026-03-09,104,risk_eval,A-Z,False,False,False
750101310283,CMTY,1,2026-03-16,2631.6495661436456,3646.26923849119,5464.538979321064,7262.615427370736,7780.588818921662,lgbm,2026-03-09,104,risk_eval,A-Z,False,False,False
750101310283,CMTY,2,2026-03-23,2582.4659317904625,3735.90157142762,4578.800579712139,5985.484247156919,7047.434883378749,lgbm,2026-03-09,104,risk_eval,A-Z,False,False,False
750101310283,CMTY,3,2026-03-30,2338.112409672043,4145.749119824839,5773.96584294982,6786.288373784827,8984.431797275098,lgbm,2026-03-09,104,risk_eval,A-Z,False,False,False
750101310283,CMTY,4,2026-04-06,2203.6244306953363,3441.5782540129994,5531.112721029497,7126.59254524841,8377.84056652428,lgbm,2026-03-09,104,risk_eval,A-Z,False,False,False
750101310283,CMTY,5,2026-04-13,2148.712262824224,3504.6321456803657,5295.011400332671,7113.507445276197,8492.590682943808,lgbm,2026-03-09,104,risk_eval,A-Z,False,False,False
750101310283,CMTY,6,2026-04-20,2084.087828495537,3660.1595684512486,6111.665234881109,7205.107761181547,8995.491845926552,lgbm,2026-03-09,104,risk_eval,A-Z,False,False,False
750101310283,CMTY,7,2026-04-27,2150.780372886329,3630.695467144264,6464.920782102378,8089.108902948592,9589.093689698922,lgbm,2026-03-09,104,risk_eval,A-Z,False,False,False
750101310283,CMTY,8,2026-05-04,1678.868354805743,3135.581448903214,6249.71951583941,7722.644188188249,9434.82297937433,lgbm,2026-03-09,104,risk_eval,A-Z,False,False,False
750101310283,MXLI,1,2026-03-16,640.1065345830809,867.968280990448,1373.684576065838,1875.4607038765273,2016.0095445487896,lgbm,2026-03-09,104,risk_eval,A-Z,False,False,False
750101310283,MXLI,2,2026-03-23,614.3249297866821,961.7850816686521,1205.005924146005,1553.552047642142,1887.2371818515812,lgbm,2026-03-09,104,risk_eval,A-Z,False,False,False
750101310283,MXLI,3,2026-03-30,533.2400228733084,910.1847236461726,1329.4111803946307,1820.8343163682123,2215.8259681838867,lgbm,2026-03-09,104,risk_eval,A-Z,False,False,False
750101310283,MXLI,4,2026-04-06,511.88382700376025,765.9966684892811,1389.3672909158515,1949.3328196851019,2159.942412588441,lgbm,2026-03-09,104,risk_eval,A-Z,False,False,False
750101310283,MXLI,5,2026-04-13,514.8848965282518,764.682314080608,1415.9060676456083,2040.2877526222098,2205.000108178705,lgbm,2026-03-09,104,risk_eval,A-Z,False,False,False
750101310283,MXLI,6,2026-04-20,0.0,818.4481682383223,1552.95324995474,1985.4223727738165,5798.165432161131,lgbm,2026-03-09,104,risk_eval,A-Z,False,False,False
750101310283,MXLI,7,2026-04-27,0.0,786.7089589363795,1668.1487623848486,2175.6523397230544,5986.603163970422,lgbm,2026-03-09,104,risk_eval,A-Z,False,False,False
750101310283,MXLI,8,2026-05-04,0.0,688.66625554648,1594.1341225367837,2073.859459865691,5862.841907045726,lgbm,2026-03-09,104,risk_eval,A-Z,False,False,False
750101310283,TLJ,1,2026-03-16,882.5377050579464,1533.9890068610866,2331.3871082576156,2963.067769262353,3477.470695045681,lgbm,2026-03-09,104,risk_eval,A-Z,False,False,False
750101310283,TLJ,2,2026-03-23,810.0866569881523,1439.4663039338575,2124.611890128575,2730.027199287033,3425.2585990905654,lgbm,2026-03-09,104,risk_eval,A-Z,False,False,False
750101310283,TLJ,3,2026-03-30,742.7208051389167,1285.7541731317815,2403.4200179918016,3546.677626614117,4004.201134578085,lgbm,2026-03-09,104,risk_eval,A-Z,False,False,False
750101310283,TLJ,4,2026-04-06,639.5610191881254,1147.408515608993,2236.531837989151,3092.583849695457,3782.34670714895,lgbm,2026-03-09,104,risk_eval,A-Z,False,False,False
750101310283,TLJ,5,2026-04-13,677.171807536164,1188.829029377166,2259.7351337432424,3101.4372308580496,3756.051503329245,lgbm,2026-03-09,104,risk_eval,A-Z,False,False,False
750101310283,TLJ,6,2026-04-20,782.5037478558629,1150.2459476159877,2579.1391845586727,3623.647779363832,3940.0784855790725,lgbm,2026-03-09,104,risk_eval,A-Z,False,False,False
750101310283,TLJ,7,2026-04-27,745.8389830432675,1158.0214359919419,2716.0295623724346,3864.463448147301,4200.972524215533,lgbm,2026-03-09,104,risk_eval,A-Z,False,False,False
750101310283,TLJ,8,2026-05-04,529.7697560285675,893.6660296702522,2626.6086129368427,3725.4682676381035,4054.1945915772476,lgbm,2026-03-09,104,risk_eval,A-Z,False,False,False
750101310283,VHSA,1,2026-03-16,584.0876291003497,956.3806689092949,1661.2123700219754,2127.1917577402714,2337.5668789390616,lgbm,2026-03-09,104,risk_eval,A-Z,False,False,False
750101310283,VHSA,2,2026-03-23,558.883370886688,985.7508021101048,1461.7183020480988,1810.5540645136764,2214.620778881465,lgbm,2026-03-09,104,risk_eval,A-Z,False,False,False
750101310283,VHSA,3,2026-03-30,561.4341496940241,1086.6091635012908,1740.8302643073328,2112.0197680195406,2705.7453833260724,lgbm,2026-03-09,104,risk_eval,A-Z,False,False,False
750101310283,VHSA,4,2026-04-06,460.0921411350374,814.2481358507323,1620.84780691564,2226.1280220478257,2568.3477673065922,lgbm,2026-03-09,104,risk_eval,A-Z,False,False,False
750101310283,VHSA,5,2026-04-13,474.7894512778879,847.3345407777726,1633.4519521717828,2271.6323625587956,2594.001011461877,lgbm,2026-03-09,104,risk_eval,A-Z,False,False,False
750101310283,VHSA,6,2026-04-20,469.90197339459235,866.3009103651101,1774.6199940122162,2299.4225843829063,2671.1369023097564,lgbm,2026-03-09,104,risk_eval,A-Z,False,False,False
750101310283,VHSA,7,2026-04-27,461.3301680004671,857.6866021008966,1854.7630548252225,2474.494925538415,2792.3366580385186,lgbm,2026-03-09,104,risk_eval,A-Z,False,False,False
750101310283,VHSA,8,2026-05-04,354.2558321691956,717.8625251079939,1805.8324286503844,2362.496014885368,2736.104203045622,lgbm,2026-03-09,104,risk_eval,A-Z,False,False,False
750101310312,CCUL,1,2026-03-16,21172.861681044324,22458.087198629222,25801.365507839346,29557.916740370583,29608.263401392996,lgbm,2026-03-09,104,risk_eval,A-Y,False,False,False
750101310312,CCUL,2,2026-03-23,19926.244731933784,22560.09164209293,22715.456794995214,22835.07176703593,27884.243807464296,lgbm,2026-03-09,104,risk_eval,A-Y,False,False,False
750101310312,CCUL,3,2026-03-30,19948.235163689278,22138.400242383042,22512.610866457748,23022.67216727456,28576.917874170595,lgbm,2026-03-09,104,risk_eval,A-Y,False,False,False
750101310312,CCUL,4,2026-04-06,18169.58129065366,19853.36912681723,22505.90282619715,28018.832926643823,28712.008030220117,lgbm,2026-03-09,104,risk_eval,A-Y,False,False,False
750101310312,CCUL,5,2026-04-13,19315.11964539873,21044.510352933747,23252.16822598004,28686.082194671533,28972.77068129926,lgbm,2026-03-09,104,risk_eval,A-Y,False,False,False
750101310312,CCUL,6,2026-04-20,19592.466511817183,20315.837029155948,23207.886523667898,28298.743282725372,28531.704949644536,lgbm,2026-03-09,104,risk_eval,A-Y,False,False,False
750101310312,CCUL,7,2026-04-27,17682.485084702104,19954.32426088576,22693.008961516432,29465.082503494028,29914.362911933727,lgbm,2026-03-09,104,risk_eval,A-Y,False,False,False
750101310312,CCUL,8,2026-05-04,10106.87121006562,11429.192253508974,16539.790533365773,25896.614457259755,27595.178710272336,lgbm,2026-03-09,104,risk_eval,A-Y,False,False,False
750101310312,CMD2,1,2026-03-16,48601.54084976829,54677.89205293527,60840.502726489365,67762.09937787105,69518.3921811364,lgbm,2026-03-09,104,risk_eval,A-Y,False,False,False
750101310312,CMD2,2,2026-03-23,45941.55791204306,50943.670041930265,53581.38724950039,54561.87505114117,65662.7421991417,lgbm,2026-03-09,104,risk_eval,A-Y,False,False,False
750101310312,CMD2,3,2026-03-30,47306.7472508127,51107.795994087835,52896.81126442048,54852.374974854974,68331.63652851571,lgbm,2026-03-09,104,risk_eval,A-Y,False,False,False
750101310312,CMD2,4,2026-04-06,45594.08473131904,49041.854598872655,54983.36590755146,61022.93771065817,65101.71181394318,lgbm,2026-03-09,104,risk_eval,A-Y,False,False,False
750101310312,CMD2,5,2026-04-13,45115.83277323229,51088.469607612096,54407.49820194686,61352.923941624766,66018.37118657802,lgbm,2026-03-09,104,risk_eval,A-Y,False,False,False
750101310312,CMD2,6,2026-04-20,47002.993357472944,49491.459351811005,55165.41469551766,60803.01562939036,65730.20640475987,lgbm,2026-03-09,104,risk_eval,A-Y,False,False,False
750101310312,CMD2,7,2026-04-27,44207.215181594474,52057.456509802185,54757.00640204852,62020.70915304724,68707.24941522161,lgbm,2026-03-09,104,risk_eval,A-Y,False,False,False
750101310312,CMD2,8,2026-05-04,26509.3648325213,29727.916131343878,41212.94821461031,61381.47207669,63627.70578371168,lgbm,2026-03-09,104,risk_eval,A-Y,False,False,False
750101310312,CMTY,1,2026-03-16,38530.22016745222,41969.89183826048,48772.500875615304,54472.25443236748,54835.79816803594,lgbm,2026-03-09,104,risk_eval,A-Y,False,False,False
750101310312,CMTY,2,2026-03-23,36606.205924699476,40631.2470756165,41185.66215710162,41490.8887042879,51309.79302918757,lgbm,2026-03-09,104,risk_eval,A-Y,False,False,False
750101310312,CMTY,3,2026-03-30,35213.7973481076,39205.706166961776,40496.24508338642,42810.931543595296,52837.30166229708,lgbm,2026-03-09,104,risk_eval,A-Y,False,False,False
750101310312,CMTY,4,2026-04-06,30075.128568503103,33530.18441172691,38815.96368166902,52576.94958502477,52913.12156695542,lgbm,2026-03-09,104,risk_eval,A-Y,False,False,False
750101310312,CMTY,5,2026-04-13,28995.539797431426,31390.91429710455,39252.87754206905,53362.11076988197,53865.933146409254,lgbm,2026-03-09,104,risk_eval,A-Y,False,False,False
750101310312,CMTY,6,2026-04-20,32694.94145865908,36035.97445890173,41178.32132797409,52530.85456071152,52585.48740281513,lgbm,2026-03-09,104,risk_eval,A-Y,False,False,False
750101310312,CMTY,7,2026-04-27,28751.950633623404,32422.40896375534,39986.707122244276,55712.819451575815,56044.88743194701,lgbm,2026-03-09,104,risk_eval,A-Y,False,False,False
750101310312,CMTY,8,2026-05-04,19801.08915205269,22567.700736385945,32107.79490464107,49039.943401476885,49554.586690886455,lgbm,2026-03-09,104,risk_eval,A-Y,False,False,False
750101310312,MXLI,1,2026-03-16,6595.951393071583,7096.9845409495265,8336.023684014977,9114.790091222027,9202.283010072208,lgbm,2026-03-09,104,risk_eval,A-Y,False,False,False
750101310312,MXLI,2,2026-03-23,6139.1382473211,7011.8214052827625,7284.99093344409,7432.171664790076,8900.728835888815,lgbm,2026-03-09,104,risk_eval,A-Y,False,False,False
750101310312,MXLI,3,2026-03-30,6339.18631982807,7029.960959697454,7249.330274920365,7514.856843302909,9306.740948737077,lgbm,2026-03-09,104,risk_eval,A-Y,False,False,False
750101310312,MXLI,4,2026-04-06,6137.881294696873,6533.290772088686,7713.8269799494965,8784.269876799457,9116.226144257877,lgbm,2026-03-09,104,risk_eval,A-Y,False,False,False
750101310312,MXLI,5,2026-04-13,6016.588757542422,6641.642561116004,7635.839550061125,8996.049108112873,9283.109277309755,lgbm,2026-03-09,104,risk_eval,A-Y,False,False,False
750101310312,MXLI,6,2026-04-20,6341.514493001221,6465.959599781328,7673.063712515688,8936.846059604948,9197.08930319786,lgbm,2026-03-09,104,risk_eval,A-Y,False,False,False
750101310312,MXLI,7,2026-04-27,5837.480575125379,6434.097964786491,7670.346492946769,9355.017317392076,9596.47162467156,lgbm,2026-03-09,104,risk_eval,A-Y,False,False,False
750101310312,MXLI,8,2026-05-04,3416.661850154198,3962.770494668499,5517.245186149434,8472.828060200305,9032.285419305173,lgbm,2026-03-09,104,risk_eval,A-Y,False,False,False
750101310312,TLJ,1,2026-03-16,58755.64198346095,67286.66156336947,73905.95284534815,78318.28051907774,85303.50134182202,lgbm,2026-03-09,104,risk_eval,A-Y,False,False,False
750101310312,TLJ,2,2026-03-23,58634.06734549745,61345.26490728552,63638.41210597343,66854.33480022525,75672.07629711828,lgbm,2026-03-09,104,risk_eval,A-Y,False,False,False
750101310312,TLJ,3,2026-03-30,53745.12507415648,59765.76537654604,65000.311626113566,68888.78600280981,80636.06023785379,lgbm,2026-03-09,104,risk_eval,A-Y,False,False,False
750101310312,TLJ,4,2026-04-06,48210.01930683911,51533.88615303109,58247.44667239427,73188.57871463083,77002.89183258182,lgbm,2026-03-09,104,risk_eval,A-Y,False,False,False
750101310312,TLJ,5,2026-04-13,46000.38783114453,47125.39892352791,59392.05056170645,77745.5970617773,78771.91294568655,lgbm,2026-03-09,104,risk_eval,A-Y,False,False,False
750101310312,TLJ,6,2026-04-20,52314.267217012224,56043.29702757808,63354.07999201162,78103.0751710032,79296.36713230603,lgbm,2026-03-09,104,risk_eval,A-Y,False,False,False
750101310312,TLJ,7,2026-04-27,46001.50649274435,47127.79625880055,61090.54546401646,81725.3192864559,82450.9698308088,lgbm,2026-03-09,104,risk_eval,A-Y,False,False,False
750101310312,TLJ,8,2026-05-04,30183.905793511585,33717.06972696905,45847.808312994915,71330.1157191367,74591.73563143448,lgbm,2026-03-09,104,risk_eval,A-Y,False,False,False
750101310312,VHSA,1,2026-03-16,20731.539525510096,22130.98464116972,25525.778362724457,29798.359487064976,29852.52330348219,lgbm,2026-03-09,104,risk_eval,A-Y,False,False,False
750101310312,VHSA,2,2026-03-23,19996.372664979604,21753.868834767418,22372.99267940322,22740.79524717975,28149.52520550466,lgbm,2026-03-09,104,risk_eval,A-Y,False,False,False
750101310312,VHSA,3,2026-03-30,19022.506246995916,21808.616626611394,22098.229196713426,22866.848681671454,29951.1674467865,lgbm,2026-03-09,104,risk_eval,A-Y,False,False,False
750101310312,VHSA,4,2026-04-06,16220.347775294564,17967.17062346257,21135.302824412705,29358.475480095563,29531.55667173039,lgbm,2026-03-09,104,risk_eval,A-Y,False,False,False
750101310312,VHSA,5,2026-04-13,16189.818067602411,17169.66211580959,21780.6330669121,29790.793067478822,30350.208307426306,lgbm,2026-03-09,104,risk_eval,A-Y,False,False,False
750101310312,VHSA,6,2026-04-20,18982.762086306575,20190.084685624548,23183.828872758986,28644.256995486616,29011.510922700592,lgbm,2026-03-09,104,risk_eval,A-Y,False,False,False
750101310312,VHSA,7,2026-04-27,18575.479319491285,20338.94745588586,23634.637775161456,30128.49995370407,30330.06531164829,lgbm,2026-03-09,104,risk_eval,A-Y,False,False,False
750101310312,VHSA,8,2026-05-04,10774.602034278065,12316.432261056852,17475.067806496194,27698.312527991304,28351.436747251064,lgbm,2026-03-09,104,risk_eval,A-Y,False,False,False
750101310314,CCUL,1,2026-03-16,16139.616080358815,17369.01761255488,20916.42765608672,24100.26226396826,24197.262720821556,lgbm,2026-03-09,104,risk_eval,A-Y,False,False,False
750101310314,CCUL,2,2026-03-23,16442.00738056725,17432.41577129137,18399.57054648211,18766.420319872217,22720.169230045856,lgbm,2026-03-09,104,risk_eval,A-Y,False,False,False
750101310314,CCUL,3,2026-03-30,15809.69206063052,18152.119449653288,18370.915410776077,18488.022842581988,23810.020668008074,lgbm,2026-03-09,104,risk_eval,A-Y,False,False,False
750101310314,CCUL,4,2026-04-06,14912.933493687955,15586.739240671788,19519.758766318548,23032.405282587828,23172.495840343487,lgbm,2026-03-09,104,risk_eval,A-Y,False,False,False
750101310314,CCUL,5,2026-04-13,15069.92806955981,16323.892882476226,19261.89569457358,23076.83221895931,23085.351553398996,lgbm,2026-03-09,104,risk_eval,A-Y,False,False,False
750101310314,CCUL,6,2026-04-20,15280.146613772591,15702.488126935536,19248.569618493653,22773.445671616908,22984.31402987578,lgbm,2026-03-09,104,risk_eval,A-Y,False,False,False
750101310314,CCUL,7,2026-04-27,14555.304552439276,16081.065663723539,19307.14027676977,23485.21859495568,23761.0779084665,lgbm,2026-03-09,104,risk_eval,A-Y,False,False,False
750101310314,CCUL,8,2026-05-04,7672.605415684891,8699.152259785717,13770.843984537038,21915.746978543033,22700.677051911265,lgbm,2026-03-09,104,risk_eval,A-Y,False,False,False
750101310314,CMD2,1,2026-03-16,45308.7402741496,49043.154145105334,56255.72843501364,63637.45138237913,63869.390552776604,lgbm,2026-03-09,104,risk_eval,A-Y,False,False,False
750101310314,CMD2,2,2026-03-23,43774.494473875326,47173.63937697606,49620.27459381115,51078.45454632851,60153.23995994513,lgbm,2026-03-09,104,risk_eval,A-Y,False,False,False
750101310314,CMD2,3,2026-03-30,44192.78342704201,48530.613836697856,49957.22803970368,50714.088871392225,63336.42992682195,lgbm,2026-03-09,104,risk_eval,A-Y,False,False,False
750101310314,CMD2,4,2026-04-06,41612.63476883502,43486.72981776739,52523.75613766939,58834.80153794397,61358.61070054149,lgbm,2026-03-09,104,risk_eval,A-Y,False,False,False
750101310314,CMD2,5,2026-04-13,41924.48348403721,45895.438883444265,52086.10111474551,58330.957470352674,61098.01837565218,lgbm,2026-03-09,104,risk_eval,A-Y,False,False,False
750101310314,CMD2,6,2026-04-20,42933.25173039076,43838.39779912916,52178.9498724377,58256.96352585753,61572.88474377367,lgbm,2026-03-09,104,risk_eval,A-Y,False,False,False
750101310314,CMD2,7,2026-04-27,41630.490206969094,46686.55404636276,52191.90704243754,59147.386048998735,62613.854875209596,lgbm,2026-03-09,104,risk_eval,A-Y,False,False,False
750101310314,CMD2,8,2026-05-04,24464.63731685789,27514.280646458094,40427.625657509154,58650.34639763217,60562.77209004939,lgbm,2026-03-09,104,risk_eval,A-Y,False,False,False
750101310314,CMTY,1,2026-03-16,32939.05133497207,34912.75584876476,42664.91139744206,46705.350995506546,46849.3694257776,lgbm,2026-03-09,104,risk_eval,A-Y,False,False,False
750101310314,CMTY,2,2026-03-23,31535.5879259706,34011.68396461769,35368.10886891455,36080.051436614485,44171.649483068,lgbm,2026-03-09,104,risk_eval,A-Y,False,False,False
750101310314,CMTY,3,2026-03-30,30297.10611947562,34903.810084228135,35214.774422377144,35379.55970029086,45917.687686663965,lgbm,2026-03-09,104,risk_eval,A-Y,False,False,False
750101310314,CMTY,4,2026-04-06,26623.624583625144,29353.33448034966,35306.68336250387,45168.219855550466,45168.927214407406,lgbm,2026-03-09,104,risk_eval,A-Y,False,False,False
750101310314,CMTY,5,2026-04-13,25196.419744767096,28400.104960661964,33730.7189937531,45484.25452386304,45654.77596143101,lgbm,2026-03-09,104,risk_eval,A-Y,False,False,False
750101310314,CMTY,6,2026-04-20,29097.928933189294,30525.68908981766,37016.27600824174,44476.31925030614,44602.92348627194,lgbm,2026-03-09,104,risk_eval,A-Y,False,False,False
750101310314,CMTY,7,2026-04-27,27692.977041293394,31051.352488464338,36122.088994806785,45835.41428148923,46015.48106821299,lgbm,2026-03-09,104,risk_eval,A-Y,False,False,False
750101310314,CMTY,8,2026-05-04,18188.334454701373,19662.777668117298,28048.02677216799,42380.48860560525,43331.7595463976,lgbm,2026-03-09,104,risk_eval,A-Y,False,False,False
750101310314,MXLI,1,2026-03-16,5777.21044951521,6163.440301158163,7706.885853646852,9005.546323706498,9085.568607382407,lgbm,2026-03-09,104,risk_eval,A-Y,False,False,False
750101310314,MXLI,2,2026-03-23,5956.935482632946,6445.72965517455,6737.56682168237,6914.095869680619,8591.915124465164,lgbm,2026-03-09,104,risk_eval,A-Y,False,False,False
750101310314,MXLI,3,2026-03-30,5616.947967058648,6667.0017201269375,6729.117516528172,6848.115109714149,9193.60721610631,lgbm,2026-03-09,104,risk_eval,A-Y,False,False,False
750101310314,MXLI,4,2026-04-06,5361.075042489625,5607.667814542473,7166.11678391952,8777.461246473309,8941.870325529158,lgbm,2026-03-09,104,risk_eval,A-Y,False,False,False
750101310314,MXLI,5,2026-04-13,5015.30799828909,5563.976473764344,6985.710407257506,8945.451485369977,9020.492523023964,lgbm,2026-03-09,104,risk_eval,A-Y,False,False,False
750101310314,MXLI,6,2026-04-20,5383.632052630207,5680.931477094414,7111.632506678446,8640.735431541741,8876.14676836099,lgbm,2026-03-09,104,risk_eval,A-Y,False,False,False
750101310314,MXLI,7,2026-04-27,5115.038924611533,5572.454286727077,7169.736088064608,9095.663124141622,9242.866693740072,lgbm,2026-03-09,104,risk_eval,A-Y,False,False,False
750101310314,MXLI,8,2026-05-04,3110.792392719221,3294.094573865127,5584.627364284235,8853.859252231208,9197.255812417938,lgbm,2026-03-09,104,risk_eval,A-Y,False,False,False
750101310314,TLJ,1,2026-03-16,48697.71003223033,53900.401892021386,59909.283579316856,65014.29968843172,69328.06671786703,lgbm,2026-03-09,104,risk_eval,A-Y,False,False,False
750101310314,TLJ,2,2026-03-23,48853.76154780559,50779.532693561465,53142.68967609715,54686.41065683558,61780.79493164575,lgbm,2026-03-09,104,risk_eval,A-Y,False,False,False
750101310314,TLJ,3,2026-03-30,45414.78812076138,52509.65917629087,54065.33055292872,54638.76934890792,65179.5520535811,lgbm,2026-03-09,104,risk_eval,A-Y,False,False,False
750101310314,TLJ,4,2026-04-06,37817.92647660155,40546.117092822424,49517.26174060549,63819.54782081924,66109.78398368927,lgbm,2026-03-09,104,risk_eval,A-Y,False,False,False
750101310314,TLJ,5,2026-04-13,38220.76920238733,42295.14735944763,48278.71379834014,63285.37513899933,65352.989448199616,lgbm,2026-03-09,104,risk_eval,A-Y,False,False,False
750101310314,TLJ,6,2026-04-20,42935.538443565936,45900.89512922799,54459.798411136246,63272.720840128895,65530.214423987374,lgbm,2026-03-09,104,risk_eval,A-Y,False,False,False
750101310314,TLJ,7,2026-04-27,39014.971421462615,40865.23029195519,49922.31251721398,67006.34657349414,67585.15731517435,lgbm,2026-03-09,104,risk_eval,A-Y,False,False,False
750101310314,TLJ,8,2026-05-04,24702.536148224503,27050.756972397478,38632.8372805988,57988.91416907779,61011.61583683389,lgbm,2026-03-09,104,risk_eval,A-Y,False,False,False
750101310314,VHSA,1,2026-03-16,17232.31118768283,18377.036729349908,21623.31265880231,24322.599251483007,24563.28812950692,lgbm,2026-03-09,104,risk_eval,A-Y,False,False,False
750101310314,VHSA,2,2026-03-23,16664.03012921184,18571.50778827419,18760.826364818266,19262.978037823697,23400.91882757239,lgbm,2026-03-09,104,risk_eval,A-Y,False,False,False
750101310314,VHSA,3,2026-03-30,16461.342427029922,18513.710207107128,18758.472288505665,19278.822716440525,24771.7572910026,lgbm,2026-03-09,104,risk_eval,A-Y,False,False,False
750101310314,VHSA,4,2026-04-06,14702.65401500871,16107.872611733137,19614.655003743155,23425.366672122997,24123.542066118138,lgbm,2026-03-09,104,risk_eval,A-Y,False,False,False
750101310314,VHSA,5,2026-04-13,14810.069435488122,16841.83760438581,19494.11179633355,23416.69617465843,24107.33838135189,lgbm,2026-03-09,104,risk_eval,A-Y,False,False,False
750101310314,VHSA,6,2026-04-20,16031.26963893022,16770.0702725105,19876.699177103736,23057.983636019715,24015.820393737682,lgbm,2026-03-09,104,risk_eval,A-Y,False,False,False
750101310314,VHSA,7,2026-04-27,15515.889173701593,16984.71334217659,20135.096624341608,23968.854233536647,24611.217357674308,lgbm,2026-03-09,104,risk_eval,A-Y,False,False,False
750101310314,VHSA,8,2026-05-04,9242.801351322705,10104.148066878997,15750.086126302873,23057.456938649702,23735.592894220168,lgbm,2026-03-09,104,risk_eval,A-Y,False,False,False
750101310315,CCUL,1,2026-03-16,6597.038034744041,7145.187410655692,8962.763916495745,11171.29474780718,11215.924257764027,lgbm,2026-03-09,104,risk_eval,A-Y,False,False,False
750101310315,CCUL,2,2026-03-23,6645.451854626058,7344.875386645341,7885.363288379965,8363.040365432891,10229.744885302658,lgbm,2026-03-09,104,risk_eval,A-Y,False,False,False
750101310315,CCUL,3,2026-03-30,6390.858674831688,6851.5983122463895,7864.57444192144,8822.711433496705,10795.172653915284,lgbm,2026-03-09,104,risk_eval,A-Y,False,False,False
750101310315,CCUL,4,2026-04-06,5376.202917239601,5991.314874062608,8049.341304225828,10574.974357385929,10804.429435981918,lgbm,2026-03-09,104,risk_eval,A-Y,False,False,False
750101310315,CCUL,5,2026-04-13,5939.379237184142,6395.852840182121,8237.404293949423,10657.699712941787,10914.960126789962,lgbm,2026-03-09,104,risk_eval,A-Y,False,False,False
750101310315,CCUL,6,2026-04-20,6020.212708383292,6229.254884840984,8120.007023143646,10424.777099549403,10796.08357923052,lgbm,2026-03-09,104,risk_eval,A-Y,False,False,False
750101310315,CCUL,7,2026-04-27,5752.498173886321,6168.927257042242,8216.010534999832,11221.915466032913,11401.158162571068,lgbm,2026-03-09,104,risk_eval,A-Y,False,False,False
750101310315,CCUL,8,2026-05-04,2911.7413827985665,3413.923158188367,6311.411225556487,10264.28053393135,10544.46015402869,lgbm,2026-03-09,104,risk_eval,A-Y,False,False,False
750101310315,CMD2,1,2026-03-16,25574.098621264246,29451.870469146797,33846.773454904964,39137.45409269296,39748.28875597363,lgbm,2026-03-09,104,risk_eval,A-Y,False,False,False
750101310315,CMD2,2,2026-03-23,24892.49264940996,28311.525978945436,28950.008715037213,29668.530978373172,37205.78716113552,lgbm,2026-03-09,104,risk_eval,A-Y,False,False,False
750101310315,CMD2,3,2026-03-30,24809.06319226428,27539.684889468837,28638.627513290885,31097.641947122753,39354.74843054285,lgbm,2026-03-09,104,risk_eval,A-Y,False,False,False
750101310315,CMD2,4,2026-04-06,23288.40649578146,25333.780284991873,29458.918718750894,35951.84758851485,37461.57667448264,lgbm,2026-03-09,104,risk_eval,A-Y,False,False,False
750101310315,CMD2,5,2026-04-13,24000.144758132035,26082.42903933925,29433.99634288629,36348.73516006721,37831.78862006232,lgbm,2026-03-09,104,risk_eval,A-Y,False,False,False
750101310315,CMD2,6,2026-04-20,24246.406429572482,25165.79833795049,29273.821468379534,35987.87924508966,37970.83360932281,lgbm,2026-03-09,104,risk_eval,A-Y,False,False,False
750101310315,CMD2,7,2026-04-27,23962.802563849196,25972.6264937275,29962.780066441806,37802.800640501504,39435.964726811384,lgbm,2026-03-09,104,risk_eval,A-Y,False,False,False
750101310315,CMD2,8,2026-05-04,13592.193903528108,15431.726401249158,23969.054033930595,37466.71971711149,37687.285226630614,lgbm,2026-03-09,104,risk_eval,A-Y,False,False,False
750101310315,CMTY,1,2026-03-16,18523.9368358686,20622.585964474718,25169.063625444935,30730.857895771995,30880.4162427628,lgbm,2026-03-09,104,risk_eval,A-Y,False,False,False
750101310315,CMTY,2,2026-03-23,18009.44530143702,20442.294992268242,21241.306492314117,21973.369932782032,28150.98752005633,lgbm,2026-03-09,104,risk_eval,A-Y,False,False,False
750101310315,CMTY,3,2026-03-30,16862.93963782263,19729.475806242015,20682.004814755117,22877.64417318949,29729.15495158273,lgbm,2026-03-09,104,risk_eval,A-Y,False,False,False
750101310315,CMTY,4,2026-04-06,14312.142284533084,17247.921270123705,20721.313420728242,27512.270168159666,29212.755266298416,lgbm,2026-03-09,104,risk_eval,A-Y,False,False,False
750101310315,CMTY,5,2026-04-13,14548.290474108107,16876.644283237263,20558.351120181484,28096.820585758607,29229.66396295283,lgbm,2026-03-09,104,risk_eval,A-Y,False,False,False
750101310315,CMTY,6,2026-04-20,16666.372204240302,18174.298160229955,21497.785264423637,27244.555286621573,28719.590270109715,lgbm,2026-03-09,104,risk_eval,A-Y,False,False,False
750101310315,CMTY,7,2026-04-27,15791.265286114103,17579.53873495936,21704.594311986282,29578.717450647826,30666.38443066011,lgbm,2026-03-09,104,risk_eval,A-Y,False,False,False
750101310315,CMTY,8,2026-05-04,10077.020945304099,11644.634422691552,17537.552566539758,27306.206909809036,27884.257485413997,lgbm,2026-03-09,104,risk_eval,A-Y,False,False,False
750101310315,MXLI,1,2026-03-16,3579.4370956236116,3814.458858464294,4882.372607228797,6192.72867836639,6283.726094051264,lgbm,2026-03-09,104,risk_eval,A-Y,False,False,False
750101310315,MXLI,2,2026-03-23,3551.893003064112,4024.61051377888,4300.0348376372285,4624.635458323408,5655.185156337129,lgbm,2026-03-09,104,risk_eval,A-Y,False,False,False
750101310315,MXLI,3,2026-03-30,3293.3682632544596,3728.0024198933083,4353.888693169452,4986.680321295157,5940.692471518502,lgbm,2026-03-09,104,risk_eval,A-Y,False,False,False
750101310315,MXLI,4,2026-04-06,3141.4222135243754,3340.308287137759,4543.041375066917,5995.126791433971,6038.771322305065,lgbm,2026-03-09,104,risk_eval,A-Y,False,False,False
750101310315,MXLI,5,2026-04-13,3216.191373658026,3418.3398202073336,4549.043663408379,6078.760988010623,6095.284056739023,lgbm,2026-03-09,104,risk_eval,A-Y,False,False,False
750101310315,MXLI,6,2026-04-20,3234.1924668241795,3339.6398561738215,4506.249367413975,6040.416974558148,6044.108864060357,lgbm,2026-03-09,104,risk_eval,A-Y,False,False,False
750101310315,MXLI,7,2026-04-27,3125.6249761820764,3283.1356883109834,4554.747806363264,6413.713041986617,6427.049551616787,lgbm,2026-03-09,104,risk_eval,A-Y,False,False,False
750101310315,MXLI,8,2026-05-04,1656.2971146902055,2092.233686979337,3584.703753385566,5929.047694215369,6135.99115609652,lgbm,2026-03-09,104,risk_eval,A-Y,False,False,False
750101310315,TLJ,1,2026-03-16,13964.217801271581,15528.519115641442,18042.820461181145,21130.753262466555,21511.58453840137,lgbm,2026-03-09,104,risk_eval,A-Y,False,False,False
750101310315,TLJ,2,2026-03-23,13983.903233039848,15353.96184270128,15495.965501733144,15633.045959960997,19368.11921449839,lgbm,2026-03-09,104,risk_eval,A-Y,False,False,False
750101310315,TLJ,3,2026-03-30,13123.693171149878,14436.452855444584,15501.970619029873,16955.79548610222,20322.03108259884,lgbm,2026-03-09,104,risk_eval,A-Y,False,False,False
750101310315,TLJ,4,2026-04-06,10469.633397362166,11669.18556201219,14859.079809509387,20093.840061375628,20590.932118731904,lgbm,2026-03-09,104,risk_eval,A-Y,False,False,False
750101310315,TLJ,5,2026-04-13,10706.118828578368,11858.51195369596,14744.776422541694,20573.705362594083,20802.182941617346,lgbm,2026-03-09,104,risk_eval,A-Y,False,False,False
750101310315,TLJ,6,2026-04-20,12558.497851905526,13053.084560972606,15758.288012006138,19933.449675706695,20405.473179482706,lgbm,2026-03-09,104,risk_eval,A-Y,False,False,False
750101310315,TLJ,7,2026-04-27,11047.108536780279,12394.42727070241,14833.600659648591,21388.04600601014,21921.26923459727,lgbm,2026-03-09,104,risk_eval,A-Y,False,False,False
750101310315,TLJ,8,2026-05-04,6852.043263521586,7006.124799465289,12121.333086248222,19228.821106356,20005.60701571274,lgbm,2026-03-09,104,risk_eval,A-Y,False,False,False
750101310315,VHSA,1,2026-03-16,12335.875639430664,13185.934025783165,16656.954633157144,20664.47450714475,20721.64561070199,lgbm,2026-03-09,104,risk_eval,A-Y,False,False,False
750101310315,VHSA,2,2026-03-23,12283.747272214476,13701.282565878342,14216.405126750109,14752.044195526267,19340.794380472427,lgbm,2026-03-09,104,risk_eval,A-Y,False,False,False
750101310315,VHSA,3,2026-03-30,11837.647630812537,13092.282135840096,14266.88794462563,15454.814537153805,20403.16924836589,lgbm,2026-03-09,104,risk_eval,A-Y,False,False,False
750101310315,VHSA,4,2026-04-06,10377.782595282413,11578.5512050805,14617.020107341086,18604.970757433603,19734.406475121643,lgbm,2026-03-09,104,risk_eval,A-Y,False,False,False
750101310315,VHSA,5,2026-04-13,10848.585950696706,12238.815033613904,14799.572925825065,18886.30260615304,20111.504538750512,lgbm,2026-03-09,104,risk_eval,A-Y,False,False,False
750101310315,VHSA,6,2026-04-20,11632.231678168613,11999.771992091642,14706.10290592403,18535.490302331156,19708.898949629594,lgbm,2026-03-09,104,risk_eval,A-Y,False,False,False
750101310315,VHSA,7,2026-04-27,11398.647829542902,11882.172076852808,15012.616500247917,20044.0747005942,20861.506267419878,lgbm,2026-03-09,104,risk_eval,A-Y,False,False,False
750101310315,VHSA,8,2026-05-04,6457.4787339151935,7164.000748151453,11720.362257300847,19167.671344345028,19889.356313858665,lgbm,2026-03-09,104,risk_eval,A-Y,False,False,False
750101310326,CCUL,1,2026-03-16,1184.020040545015,1374.263483200716,2041.0606390421829,2714.3589594417563,2729.5425838952374,lgbm,2026-03-09,104,risk_eval,A-Y,False,False,False
750101310326,CCUL,2,2026-03-23,1134.3216117060765,1446.8554069506945,1824.128403188279,2333.389345650584,2695.8762438980466,lgbm,2026-03-09,104,risk_eval,A-Y,False,False,False
750101310326,CCUL,3,2026-03-30,1105.1624827728724,1530.6663500079324,2211.5953027057612,2758.3771354639234,3209.119693710761,lgbm,2026-03-09,104,risk_eval,A-Y,False,False,False
750101310326,CCUL,4,2026-04-06,1029.9714309095123,1306.799488017997,2072.505213254048,2831.6099767658884,3092.709979280418,lgbm,2026-03-09,104,risk_eval,A-Y,False,False,False
750101310326,CCUL,5,2026-04-13,1035.655057850739,1308.2458364299832,2266.2109036938077,2949.8568042801794,3231.5264592439926,lgbm,2026-03-09,104,risk_eval,A-Y,False,False,False
750101310326,CCUL,6,2026-04-20,0.0,1314.2140351261241,2303.10763981279,2950.5925526819765,8137.858737984096,lgbm,2026-03-09,104,risk_eval,A-Y,False,False,False
750101310326,CCUL,7,2026-04-27,0.0,1390.2860475569669,2514.9272352751827,3056.5799555661415,8223.949511048006,lgbm,2026-03-09,104,risk_eval,A-Y,False,False,False
750101310326,CCUL,8,2026-05-04,0.0,1091.6245253383968,2288.1698238848344,3060.7847783249426,8238.836949334034,lgbm,2026-03-09,104,risk_eval,A-Y,False,False,False
750101310326,CMD2,1,2026-03-16,4998.962337245024,6185.095334714484,8817.178969149409,10932.317913534729,11776.170302351393,lgbm,2026-03-09,104,risk_eval,A-Y,False,False,False
750101310326,CMD2,2,2026-03-23,4827.70690974127,6385.295029660025,8099.118191105483,9391.358134236954,11577.605504695142,lgbm,2026-03-09,104,risk_eval,A-Y,False,False,False
750101310326,CMD2,3,2026-03-30,4807.9665465268545,6985.03085839147,9882.203482324612,11066.214220828995,13632.23024288288,lgbm,2026-03-09,104,risk_eval,A-Y,False,False,False
750101310326,CMD2,4,2026-04-06,4586.214184886627,5772.425635776,9471.176503768862,11471.737263917072,12906.797935602326,lgbm,2026-03-09,104,risk_eval,A-Y,False,False,False
750101310326,CMD2,5,2026-04-13,4500.647883628088,6017.409534870836,10351.471475434197,12120.829106017347,13939.359427521807,lgbm,2026-03-09,104,risk_eval,A-Y,False,False,False
750101310326,CMD2,6,2026-04-20,4760.166697319513,6084.169489455882,10286.720223168042,11853.58982956731,13676.658911735682,lgbm,2026-03-09,104,risk_eval,A-Y,False,False,False
750101310326,CMD2,7,2026-04-27,4611.347294465841,6099.598290315362,10933.729738050468,12786.450062499527,14150.62759716019,lgbm,2026-03-09,104,risk_eval,A-Y,False,False,False
750101310326,CMD2,8,2026-05-04,4007.797039586027,5048.1964542343685,10084.06104795609,12571.521734193737,14006.882818311056,lgbm,2026-03-09,104,risk_eval,A-Y,False,False,False
750101310326,CMTY,1,2026-03-16,2126.990427913588,2588.5595947984493,3979.5097985846282,5007.680655074614,5153.912819594501,lgbm,2026-03-09,104,risk_eval,A-Y,False,False,False
750101310326,CMTY,2,2026-03-23,2007.0852704433607,2780.5078854929156,3536.640858307072,4049.0939920436895,5006.328634592603,lgbm,2026-03-09,104,risk_eval,A-Y,False,False,False
750101310326,CMTY,3,2026-03-30,1968.4775074826302,2962.1569268175654,3997.13484850299,4540.099337794564,5745.728407644616,lgbm,2026-03-09,104,risk_eval,A-Y,False,False,False
750101310326,CMTY,4,2026-04-06,1814.4319233377887,2467.4254801033344,3798.2622878117504,4863.961744281931,5466.570301136484,lgbm,2026-03-09,104,risk_eval,A-Y,False,False,False
750101310326,CMTY,5,2026-04-13,1801.353644147705,2444.7230391665817,3952.3121792531174,5029.283234878059,5604.097716221034,lgbm,2026-03-09,104,risk_eval,A-Y,False,False,False
750101310326,CMTY,6,2026-04-20,1837.6581066944395,2555.32403231484,4193.4917644650095,5015.085625712851,5835.909262218805,lgbm,2026-03-09,104,risk_eval,A-Y,False,False,False
750101310326,CMTY,7,2026-04-27,1830.3367150208157,2578.032423104155,4530.0035320656125,5389.6176218622995,6022.7240677667805,lgbm,2026-03-09,104,risk_eval,A-Y,False,False,False
750101310326,CMTY,8,2026-05-04,1669.1527206194432,2195.782603282558,4182.96492678039,5409.67906737944,5992.753913931702,lgbm,2026-03-09,104,risk_eval,A-Y,False,False,False
750101310326,MXLI,1,2026-03-16,0.0,1170.8732460075432,1918.4073120761898,2585.8197516500213,6515.6926588203305,lgbm,2026-03-09,104,risk_eval,A-Y,False,False,False
750101310326,MXLI,2,2026-03-23,983.1581646249115,1216.9959901939756,1727.555743380357,2291.5539494741947,2516.3136064903124,lgbm,2026-03-09,104,risk_eval,A-Y,False,False,False
750101310326,MXLI,3,2026-03-30,0.0,1289.3655159338136,1956.3182992801821,2482.4547485870794,6757.694548326359,lgbm,2026-03-09,104,risk_eval,A-Y,False,False,False
750101310326,MXLI,4,2026-04-06,844.9039693217678,965.7376188643356,1873.5879085060492,2757.1023916632503,2840.3351729359974,lgbm,2026-03-09,104,risk_eval,A-Y,False,False,False
750101310326,MXLI,5,2026-04-13,0.0,985.1547346313861,2075.4115905376875,3029.2690670382035,6949.79599471481,lgbm,2026-03-09,104,risk_eval,A-Y,False,False,False
750101310326,MXLI,6,2026-04-20,0.0,960.4114356973756,2054.236706170263,3009.944964259556,6935.865015430109,lgbm,2026-03-09,104,risk_eval,A-Y,False,False,False
750101310326,MXLI,7,2026-04-27,0.0,976.8894690141885,2151.689429063436,3075.9418083621317,6977.545635380944,lgbm,2026-03-09,104,risk_eval,A-Y,False,False,False
750101310326,MXLI,8,2026-05-04,0.0,801.3433646539195,2055.187154189663,3114.23761563873,7000.059644700354,lgbm,2026-03-09,104,risk_eval,A-Y,False,False,False
750101310326,TLJ,1,2026-03-16,1843.9888193128986,2320.521986244569,3631.7667204087847,4562.11659869863,4872.247052136811,lgbm,2026-03-09,104,risk_eval,A-Y,False,False,False
750101310326,TLJ,2,2026-03-23,1692.7631915060833,2263.7956774368727,3212.063603846715,4026.9631448190617,4881.662586026292,lgbm,2026-03-09,104,risk_eval,A-Y,False,False,False
750101310326,TLJ,3,2026-03-30,1665.2201846540377,2281.103851976521,3802.259686838365,4849.043289123212,5559.247893937617,lgbm,2026-03-09,104,risk_eval,A-Y,False,False,False
750101310326,TLJ,4,2026-04-06,1541.2811058913899,1950.760119982125,3387.0627165757737,4561.205585671365,4975.92286187462,lgbm,2026-03-09,104,risk_eval,A-Y,False,False,False
750101310326,TLJ,5,2026-04-13,1581.6683691269698,1946.0054964576582,3758.939334342793,5042.40912479184,5475.075982835352,lgbm,2026-03-09,104,risk_eval,A-Y,False,False,False
750101310326,TLJ,6,2026-04-20,1746.5835584270717,2076.340763017287,3951.469182604186,5092.2929274968865,5576.802552949989,lgbm,2026-03-09,104,risk_eval,A-Y,False,False,False
750101310326,TLJ,7,2026-04-27,1696.7612534931227,2081.874233261682,4220.298938860086,5378.000404306619,5714.347173154133,lgbm,2026-03-09,104,risk_eval,A-Y,False,False,False
750101310326,TLJ,8,2026-05-04,1195.2317908800062,1393.0938784624113,3479.2747249480976,5334.1304444007765,5523.502670063734,lgbm,2026-03-09,104,risk_eval,A-Y,False,False,False
750101310326,VHSA,1,2026-03-16,1282.7587936428931,1655.4292103363953,2654.237548280694,3438.285456643871,3645.591227213087,lgbm,2026-03-09,104,risk_eval,A-Y,False,False,False
750101310326,VHSA,2,2026-03-23,1230.0465384177746,1733.373524327585,2454.748619037631,3004.658736573099,3619.5385939783264,lgbm,2026-03-09,104,risk_eval,A-Y,False,False,False
750101310326,VHSA,3,2026-03-30,1280.9650680899206,1914.5012295814074,2910.133503337363,3415.44480498801,4190.053919626086,lgbm,2026-03-09,104,risk_eval,A-Y,False,False,False
750101310326,VHSA,4,2026-04-06,1149.392085921015,1501.709498245397,2604.464584009082,3652.6627252283934,4026.729086381736,lgbm,2026-03-09,104,risk_eval,A-Y,False,False,False
750101310326,VHSA,5,2026-04-13,1144.269223017671,1560.7182389173659,2850.224643642052,3726.778576995841,4188.116543885611,lgbm,2026-03-09,104,risk_eval,A-Y,False,False,False
750101310326,VHSA,6,2026-04-20,1269.2070536640256,1588.0368102536381,2938.31778289258,3786.0373851289232,4171.470612977688,lgbm,2026-03-09,104,risk_eval,A-Y,False,False,False
750101310326,VHSA,7,2026-04-27,1230.949991961505,1591.582029007645,3121.02451547859,3955.938994524166,4282.852445768017,lgbm,2026-03-09,104,risk_eval,A-Y,False,False,False
750101310326,VHSA,8,2026-05-04,1054.5123141691802,1320.2471684643738,2925.0176790216656,3922.0544543076726,4258.302156928668,lgbm,2026-03-09,104,risk_eval,A-Y,False,False,False
750101310327,CCUL,1,2026-03-16,1156.1740912890994,1502.5801308227053,2017.5268975327454,2605.519652640357,2788.1711489608037,lgbm,2026-03-09,104,risk_eval,A-Y,False,False,False
750101310327,CCUL,2,2026-03-23,1094.2829240401254,1523.2764255476743,1731.0298004128279,2146.5490177424717,2650.1586459776563,lgbm,2026-03-09,104,risk_eval,A-Y,False,False,False
750101310327,CCUL,3,2026-03-30,1057.157651924331,1468.10591413623,2065.7315222740153,2665.1955608481617,3160.4548903257646,lgbm,2026-03-09,104,risk_eval,A-Y,False,False,False
750101310327,CCUL,4,2026-04-06,971.8562816382687,1284.1904364644254,2022.6851081952725,2761.585747765575,3087.806696264494,lgbm,2026-03-09,104,risk_eval,A-Y,False,False,False
750101310327,CCUL,5,2026-04-13,992.2259078414127,1298.029369734167,2195.3200958717616,2911.3489959828644,3252.154907627047,lgbm,2026-03-09,104,risk_eval,A-Y,False,False,False
750101310327,CCUL,6,2026-04-20,966.0498895656416,1297.0019511384098,2162.5421930640377,2877.2975578383916,3257.8194726577203,lgbm,2026-03-09,104,risk_eval,A-Y,False,False,False
750101310327,CCUL,7,2026-04-27,0.0,1335.484595834828,2398.880900472209,3040.1880777813544,8171.51462806645,lgbm,2026-03-09,104,risk_eval,A-Y,False,False,False
750101310327,CCUL,8,2026-05-04,0.0,1136.6663933792618,2429.572916472164,3030.496434417755,8145.432868829337,lgbm,2026-03-09,104,risk_eval,A-Y,False,False,False
750101310327,CMD2,1,2026-03-16,5733.264413688114,7341.443673893126,9430.21944238627,11822.305465927822,12354.366842096631,lgbm,2026-03-09,104,risk_eval,A-Y,False,False,False
750101310327,CMD2,2,2026-03-23,5555.6313896890815,7512.331330256697,8133.024452325318,9814.22344693412,11728.411662365443,lgbm,2026-03-09,104,risk_eval,A-Y,False,False,False
750101310327,CMD2,3,2026-03-30,5574.906887965345,7713.925951257429,10446.59528359787,11994.085091463883,14330.552815450388,lgbm,2026-03-09,104,risk_eval,A-Y,False,False,False
750101310327,CMD2,4,2026-04-06,5211.0162978965645,6576.695481453871,9994.97573732327,12209.053252509546,13508.8278921948,lgbm,2026-03-09,104,risk_eval,A-Y,False,False,False
750101310327,CMD2,5,2026-04-13,5044.22816179773,6902.273937366198,10982.054469524588,12528.473625340941,15083.827564574876,lgbm,2026-03-09,104,risk_eval,A-Y,False,False,False
750101310327,CMD2,6,2026-04-20,5272.439298238845,6806.874940486079,11170.36569112549,12858.226016823299,14890.415360015804,lgbm,2026-03-09,104,risk_eval,A-Y,False,False,False
750101310327,CMD2,7,2026-04-27,5308.887942573843,6824.448505722604,11839.156267054777,13729.60997095365,15433.517685342764,lgbm,2026-03-09,104,risk_eval,A-Y,False,False,False
750101310327,CMD2,8,2026-05-04,4482.480133313573,5779.055902246621,11333.23424912502,13658.861996943026,15262.085285584031,lgbm,2026-03-09,104,risk_eval,A-Y,False,False,False
750101310327,CMTY,1,2026-03-16,2508.1362791383553,3277.1681231236103,4036.3823155317145,5011.257755130999,5297.631837366689,lgbm,2026-03-09,104,risk_eval,A-Y,False,False,False
750101310327,CMTY,2,2026-03-23,2415.2555099274205,3185.7530175196016,3549.0589760920034,4080.3364683293685,4974.560851061624,lgbm,2026-03-09,104,risk_eval,A-Y,False,False,False
750101310327,CMTY,3,2026-03-30,2442.833885762238,3266.490749547038,4139.055211411628,5251.894544104134,5723.655186223897,lgbm,2026-03-09,104,risk_eval,A-Y,False,False,False
750101310327,CMTY,4,2026-04-06,2225.2908787524993,2935.2453286875934,4060.4669646145344,5379.08395645385,5818.877339371152,lgbm,2026-03-09,104,risk_eval,A-Y,False,False,False
750101310327,CMTY,5,2026-04-13,2222.0201898150676,2959.182390061681,3996.2902759896224,5404.679768133903,5716.570646098398,lgbm,2026-03-09,104,risk_eval,A-Y,False,False,False
750101310327,CMTY,6,2026-04-20,2179.5440818252555,2961.6029816371874,4479.380103224977,5793.451486647519,6372.654340956882,lgbm,2026-03-09,104,risk_eval,A-Y,False,False,False
750101310327,CMTY,7,2026-04-27,2285.7524418910416,2888.408984129595,4846.7166665067025,6330.062544563287,6607.473413935117,lgbm,2026-03-09,104,risk_eval,A-Y,False,False,False
750101310327,CMTY,8,2026-05-04,1918.0027168562638,2525.320042253893,4734.767341936992,6317.432985734272,6665.626345313682,lgbm,2026-03-09,104,risk_eval,A-Y,False,False,False
750101310327,MXLI,1,2026-03-16,1039.864520689138,1266.443688633445,1610.4823227387487,2071.6202104199474,2102.706054722208,lgbm,2026-03-09,104,risk_eval,A-Y,False,False,False
750101310327,MXLI,2,2026-03-23,991.0510120259652,1270.8053033835904,1413.9681340495677,1631.161360841274,1942.177569323856,lgbm,2026-03-09,104,risk_eval,A-Y,False,False,False
750101310327,MXLI,3,2026-03-30,0.0,1272.9319015623098,1607.7050140999177,2148.79794178508,6167.630266949016,lgbm,2026-03-09,104,risk_eval,A-Y,False,False,False
750101310327,MXLI,4,2026-04-06,0.0,1075.9210877734374,1650.1363635923794,2356.5866244723643,6309.710092108748,lgbm,2026-03-09,104,risk_eval,A-Y,False,False,False
750101310327,MXLI,5,2026-04-13,0.0,1058.4781762753375,1705.5866646359216,2487.6319039326036,6357.269956318573,lgbm,2026-03-09,104,risk_eval,A-Y,False,False,False
750101310327,MXLI,6,2026-04-20,0.0,1044.013760072567,1719.747110795855,2512.814060848114,6355.391318912233,lgbm,2026-03-09,104,risk_eval,A-Y,False,False,False
750101310327,MXLI,7,2026-04-27,0.0,1071.1117858072787,1811.5813874821652,2531.5512065339094,6406.958740624746,lgbm,2026-03-09,104,risk_eval,A-Y,False,False,False
750101310327,MXLI,8,2026-05-04,0.0,923.5709052659504,1754.452604849865,2593.000788165419,6430.384854559823,lgbm,2026-03-09,104,risk_eval,A-Y,False,False,False
750101310327,TLJ,1,2026-03-16,1822.7326007928716,2300.323873341229,3362.579870715419,4412.130532237529,4569.674878606179,lgbm,2026-03-09,104,risk_eval,A-Y,False,False,False
750101310327,TLJ,2,2026-03-23,1770.8264576859804,2363.971760449952,2918.945296361024,3684.746408277064,4339.68169230593,lgbm,2026-03-09,104,risk_eval,A-Y,False,False,False
750101310327,TLJ,3,2026-03-30,1705.513886071346,2278.780929545336,3499.6186007587958,4648.648649418855,5164.950837233542,lgbm,2026-03-09,104,risk_eval,A-Y,False,False,False
750101310327,TLJ,4,2026-04-06,1572.24747284233,1911.2502368672401,3367.933731145734,4732.855225013547,4965.254059478452,lgbm,2026-03-09,104,risk_eval,A-Y,False,False,False
750101310327,TLJ,5,2026-04-13,1627.202299940809,1999.5572293728037,3724.20526117394,4975.884337810743,5150.845299042114,lgbm,2026-03-09,104,risk_eval,A-Y,False,False,False
750101310327,TLJ,6,2026-04-20,1698.2143759284436,2068.2237201430144,3886.2249182869505,5009.039065484756,5341.261888666851,lgbm,2026-03-09,104,risk_eval,A-Y,False,False,False
750101310327,TLJ,7,2026-04-27,1662.720385622299,2026.4256824188756,4075.9773804715082,5332.897156704845,5531.247024480298,lgbm,2026-03-09,104,risk_eval,A-Y,False,False,False
750101310327,TLJ,8,2026-05-04,1253.2801096115963,1587.9964874232537,3610.712483306168,5083.203610413568,5295.135115577729,lgbm,2026-03-09,104,risk_eval,A-Y,False,False,False
750101310327,VHSA,1,2026-03-16,1386.9396416483155,1888.9866674531986,2602.5467313429053,3396.901489930055,3651.5204329065864,lgbm,2026-03-09,104,risk_eval,A-Y,False,False,False
750101310327,VHSA,2,2026-03-23,1331.4623511205464,1893.6405822395277,2262.165801339645,2914.326492503182,3579.747953751848,lgbm,2026-03-09,104,risk_eval,A-Y,False,False,False
750101310327,VHSA,3,2026-03-30,1356.739931826407,1973.5958838856193,2828.021699198818,3538.4678187304416,4202.587831565357,lgbm,2026-03-09,104,risk_eval,A-Y,False,False,False
750101310327,VHSA,4,2026-04-06,1208.106528852466,1696.310532107006,2396.454200265238,3297.9777300332225,3660.5374783331313,lgbm,2026-03-09,104,risk_eval,A-Y,False,False,False
750101310327,VHSA,5,2026-04-13,1168.385108150721,1636.6815706862162,2587.886308560629,3695.4094782408497,4101.30988000181,lgbm,2026-03-09,104,risk_eval,A-Y,False,False,False
750101310327,VHSA,6,2026-04-20,1375.157466457095,1741.2390722882315,2992.070742150508,3827.8716403286685,4207.581666290827,lgbm,2026-03-09,104,risk_eval,A-Y,False,False,False
750101310327,VHSA,7,2026-04-27,1304.2621196604503,1694.928407416929,3107.5998440983594,3975.739816351432,4277.260912144065,lgbm,2026-03-09,104,risk_eval,A-Y,False,False,False
750101310327,VHSA,8,2026-05-04,1169.8053227280336,1503.540054741948,3043.2171533302085,3974.39674130368,4304.37468631592,lgbm,2026-03-09,104,risk_eval,A-Y,False,False,False
750101310340,CCUL,1,2026-03-16,3662.6496783239973,5638.9430102464175,9263.931710561008,12087.844022683994,13637.00414427721,lgbm,2026-03-09,104,risk_eval,A-Z,False,False,False
750101310340,CCUL,2,2026-03-23,3799.0227692338185,5893.704321424584,8037.397136220267,9410.056800494616,12740.524003766615,lgbm,2026-03-09,104,risk_eval,A-Z,False,False,False
750101310340,CCUL,3,2026-03-30,3060.370760559749,5653.003987465508,8352.924789620869,9851.161569504582,13704.177824362041,lgbm,2026-03-09,104,risk_eval,A-Z,False,False,False
750101310340,CCUL,4,2026-04-06,2944.2122199096057,4671.1098987427,9193.386680993917,12145.44407431009,13784.458210228939,lgbm,2026-03-09,104,risk_eval,A-Z,False,False,False
750101310340,CCUL,5,2026-04-13,2906.9820113915052,4702.643136007828,9279.417034218975,12247.499470677172,13916.214788035211,lgbm,2026-03-09,104,risk_eval,A-Z,False,False,False
750101310340,CCUL,6,2026-04-20,3014.7802932807185,3990.1745925983355,9136.83709868696,13486.713886815673,13899.002005044025,lgbm,2026-03-09,104,risk_eval,A-Z,False,False,False
750101310340,CCUL,7,2026-04-27,2760.131310114558,4422.354361548532,9378.772348831688,14248.560306306414,14987.188083793135,lgbm,2026-03-09,104,risk_eval,A-Z,False,False,False
750101310340,CCUL,8,2026-05-04,2154.1161433067255,3493.4508173628938,8669.74365385736,13736.910344034757,14311.668585035866,lgbm,2026-03-09,104,risk_eval,A-Z,False,False,False
750101310340,CMTY,1,2026-03-16,10183.78105687345,15143.619098304156,24774.264233958565,33392.524330387314,35773.51129175241,lgbm,2026-03-09,104,risk_eval,A-Z,False,False,False
750101310340,CMTY,2,2026-03-23,10236.331447817667,15803.035193102845,21933.43047691148,24761.637064816874,32931.58572159154,lgbm,2026-03-09,104,risk_eval,A-Z,False,False,False
750101310340,CMTY,3,2026-03-30,8857.139715232744,15049.810380173778,22290.657434235833,26007.591152088564,34724.6386006258,lgbm,2026-03-09,104,risk_eval,A-Z,False,False,False
750101310340,CMTY,4,2026-04-06,6773.7332769440045,11911.517419730892,22106.76290886294,32278.332220114862,34539.5316726931,lgbm,2026-03-09,104,risk_eval,A-Z,False,False,False
750101310340,CMTY,5,2026-04-13,7037.81202011371,12406.229524041897,21665.257336798255,31719.31413921752,34337.26112253715,lgbm,2026-03-09,104,risk_eval,A-Z,False,False,False
750101310340,CMTY,6,2026-04-20,8204.61210891341,12066.404818902163,23424.69399074349,32879.91529425274,35514.36861343981,lgbm,2026-03-09,104,risk_eval,A-Z,False,False,False
750101310340,CMTY,7,2026-04-27,8057.636977116273,12777.45465292011,24488.500105698757,35713.96024395152,37694.01025331444,lgbm,2026-03-09,104,risk_eval,A-Z,False,False,False
750101310340,CMTY,8,2026-05-04,6121.592900558737,11034.50771208648,22310.018840866218,33181.14530918943,36678.426015272,lgbm,2026-03-09,104,risk_eval,A-Z,False,False,False
750101310340,MXLI,1,2026-03-16,1110.6831515906495,1772.4172515315013,3200.8324306903855,4517.905478171422,5093.421555054507,lgbm,2026-03-09,104,risk_eval,A-Z,False,False,False
750101310340,MXLI,2,2026-03-23,1069.873193879443,1950.7215574113854,2888.0004438691785,3316.219696979003,4846.6457448591,lgbm,2026-03-09,104,risk_eval,A-Z,False,False,False
750101310340,MXLI,3,2026-03-30,873.2365376332084,1849.4873815256874,2964.9171555846488,3466.7474206474108,5064.091509280302,lgbm,2026-03-09,104,risk_eval,A-Z,False,False,False
750101310340,MXLI,4,2026-04-06,802.47036498598,1413.8895788689038,3088.254665004014,4439.836395579901,5030.576542451322,lgbm,2026-03-09,104,risk_eval,A-Z,False,False,False
750101310340,MXLI,5,2026-04-13,857.2744558505374,1443.2930818459054,3168.7250190585296,4491.803399986008,5028.974938475632,lgbm,2026-03-09,104,risk_eval,A-Z,False,False,False
750101310340,MXLI,6,2026-04-20,915.6024477692451,1234.4546601200339,3125.4377040004724,4869.920667649762,5062.526743511681,lgbm,2026-03-09,104,risk_eval,A-Z,False,False,False
750101310340,MXLI,7,2026-04-27,816.1299160942247,1339.9387907210844,3233.2066571581136,5151.851032659778,5325.812783658548,lgbm,2026-03-09,104,risk_eval,A-Z,False,False,False
750101310340,MXLI,8,2026-05-04,602.0856703089605,1098.5141208126895,2986.3007312393815,4915.433457232081,5222.057745361622,lgbm,2026-03-09,104,risk_eval,A-Z,False,False,False
750101310340,TLJ,1,2026-03-16,3735.5925658176766,5848.680675409547,9818.932021384708,13100.424774115625,14589.961927426355,lgbm,2026-03-09,104,risk_eval,A-Z,False,False,False
750101310340,TLJ,2,2026-03-23,3636.009806495953,5700.96241139461,8868.873167691869,10135.304940710444,13845.286372559338,lgbm,2026-03-09,104,risk_eval,A-Z,False,False,False
750101310340,TLJ,3,2026-03-30,2917.47769474959,5416.789137674246,9116.718400906839,10714.776742380342,14699.056459111225,lgbm,2026-03-09,104,risk_eval,A-Z,False,False,False
750101310340,TLJ,4,2026-04-06,2313.9338381355706,4115.561229188183,8475.980635630358,12775.79345639716,14186.057803589123,lgbm,2026-03-09,104,risk_eval,A-Z,False,False,False
750101310340,TLJ,5,2026-04-13,2448.3927937322246,4136.401645365027,8006.074552125335,12707.513793992828,13745.59425257857,lgbm,2026-03-09,104,risk_eval,A-Z,False,False,False
750101310340,TLJ,6,2026-04-20,2376.447775476074,3823.7274206739803,9002.614541252606,13937.924783371116,14819.25646572925,lgbm,2026-03-09,104,risk_eval,A-Z,False,False,False
750101310340,TLJ,7,2026-04-27,2749.9511891802244,4486.993789763123,9735.960814287451,14891.737310491504,15664.107805116688,lgbm,2026-03-09,104,risk_eval,A-Z,False,False,False
750101310340,TLJ,8,2026-05-04,2346.7262336271997,3551.732317388861,9091.97347472973,14228.667747395626,14956.6613747525,lgbm,2026-03-09,104,risk_eval,A-Z,False,False,False
750101310340,VHSA,1,2026-03-16,4913.368491205514,7335.634349032523,12967.564101074746,18135.029229632837,19018.755779258845,lgbm,2026-03-09,104,risk_eval,A-Z,False,False,False
750101310340,VHSA,2,2026-03-23,5169.673614373303,7425.372509657769,11713.05483824187,14303.993952011633,17654.510424136664,lgbm,2026-03-09,104,risk_eval,A-Z,False,False,False
750101310340,VHSA,3,2026-03-30,4336.971585617928,7106.2084571439955,11952.394194077719,14570.645380972066,18720.078669914623,lgbm,2026-03-09,104,risk_eval,A-Z,False,False,False
750101310340,VHSA,4,2026-04-06,3177.9894376293296,5808.896919638468,11402.743933958931,17091.127193190165,18818.827309213353,lgbm,2026-03-09,104,risk_eval,A-Z,False,False,False
750101310340,VHSA,5,2026-04-13,3266.7773183136223,5774.397067959004,11733.486181817987,17475.9058519805,19232.379202112526,lgbm,2026-03-09,104,risk_eval,A-Z,False,False,False
750101310340,VHSA,6,2026-04-20,4177.855047895742,5785.332589886644,12301.018819184832,17521.389691452026,18853.789925512534,lgbm,2026-03-09,104,risk_eval,A-Z,False,False,False
750101310340,VHSA,7,2026-04-27,3775.7909404678694,6023.06990198633,12599.709819788784,19275.440782180995,20165.768151247383,lgbm,2026-03-09,104,risk_eval,A-Z,False,False,False
750101310340,VHSA,8,2026-05-04,3190.431471992588,5322.99996569456,11886.743125895764,17668.311447395492,19346.611299419303,lgbm,2026-03-09,104,risk_eval,A-Z,False,False,False
750101310341,CCUL,1,2026-03-16,628.5580407301268,2082.528357337681,4043.069255949781,5503.940318947528,6546.505070160574,lgbm,2026-03-09,104,risk_eval,A-Z,False,False,False
750101310341,CCUL,2,2026-03-23,638.3279543818651,2444.70683997598,3551.4032628290356,3996.7245306122777,6015.667308831204,lgbm,2026-03-09,104,risk_eval,A-Z,False,False,False
750101310341,CCUL,3,2026-03-30,493.1719019326813,1932.4885644790636,3454.208158491339,4888.8811412108125,6027.829974841549,lgbm,2026-03-09,104,risk_eval,A-Z,False,False,False
750101310341,CCUL,4,2026-04-06,359.28376547204357,1640.2558524614658,3719.3832183886407,5132.244271209116,5988.493795948186,lgbm,2026-03-09,104,risk_eval,A-Z,False,False,False
750101310341,CCUL,5,2026-04-13,369.15636028544714,1733.3105623354245,3715.744048573088,5082.485936557465,5941.493251514211,lgbm,2026-03-09,104,risk_eval,A-Z,False,False,False
750101310341,CCUL,6,2026-04-20,247.09474111172108,1561.30128629995,3678.669469082533,5146.046614548044,6030.1513722938535,lgbm,2026-03-09,104,risk_eval,A-Z,False,False,False
750101310341,CCUL,7,2026-04-27,240.96244097702674,1616.0966738248662,3677.2786661960986,5463.258683295715,6288.2394314130015,lgbm,2026-03-09,104,risk_eval,A-Z,False,False,False
750101310341,CCUL,8,2026-05-04,138.85910601586056,1164.3425857435034,3526.309092924887,5456.084315902359,6131.7742920824785,lgbm,2026-03-09,104,risk_eval,A-Z,False,False,False
750101310341,CMTY,1,2026-03-16,6146.992215180551,14137.339239936324,22992.347974497174,33605.77646498192,37268.335333545845,lgbm,2026-03-09,104,risk_eval,A-Z,False,False,False
750101310341,CMTY,2,2026-03-23,5970.848536893776,15721.067953732756,20117.51231841154,25158.228252815054,34502.29388602066,lgbm,2026-03-09,104,risk_eval,A-Z,False,False,False
750101310341,CMTY,3,2026-03-30,5192.752039831684,13508.994246607701,19906.01091581784,29963.407337342673,33955.95400207266,lgbm,2026-03-09,104,risk_eval,A-Z,False,False,False
750101310341,CMTY,4,2026-04-06,3609.1652534683108,12068.117715344126,21254.635456331558,30932.595165798877,35044.17397483093,lgbm,2026-03-09,104,risk_eval,A-Z,False,False,False
750101310341,CMTY,5,2026-04-13,3306.0745033389485,12013.549410963999,21128.760959415453,32124.34569902122,35741.122896144254,lgbm,2026-03-09,104,risk_eval,A-Z,False,False,False
750101310341,CMTY,6,2026-04-20,2841.5364130305334,10654.648050264928,20739.26280597012,32720.751088924135,35875.73135311391,lgbm,2026-03-09,104,risk_eval,A-Z,False,False,False
750101310341,CMTY,7,2026-04-27,3216.71100433812,11995.046730085234,20661.72889571319,33671.64576134782,37265.689988501676,lgbm,2026-03-09,104,risk_eval,A-Z,False,False,False
750101310341,CMTY,8,2026-05-04,2316.1273156831703,8999.474918529173,19525.582206785613,33694.812556467885,36418.26243908995,lgbm,2026-03-09,104,risk_eval,A-Z,False,False,False
750101310341,MXLI,1,2026-03-16,0.0,0.0,114.2550151136473,861.8952599959905,967.8374845872477,lgbm,2026-03-09,104,risk_eval,A-Z,False,False,False
750101310341,MXLI,2,2026-03-23,0.0,0.0,106.21339678092492,965.6900631349968,977.8436792912125,lgbm,2026-03-09,104,risk_eval,A-Z,False,False,False
750101310341,MXLI,3,2026-03-30,0.0,0.0,111.10498712432748,922.3032131524113,983.7143354129555,lgbm,2026-03-09,104,risk_eval,A-Z,False,False,False
750101310341,MXLI,4,2026-04-06,0.0,0.0,113.05947637578684,910.19953964924,945.273856662996,lgbm,2026-03-09,104,risk_eval,A-Z,False,False,False
750101310341,MXLI,5,2026-04-13,0.0,0.0,115.68699719254892,912.188584230033,958.0668741693696,lgbm,2026-03-09,104,risk_eval,A-Z,False,False,False
750101310341,MXLI,6,2026-04-20,0.0,0.0,114.15754445347706,910.2341828871643,944.2774395284509,lgbm,2026-03-09,104,risk_eval,A-Z,False,False,False
750101310341,MXLI,7,2026-04-27,0.0,0.0,108.63275090579717,841.9448844918224,959.3824722742777,lgbm,2026-03-09,104,risk_eval,A-Z,False,False,False
750101310341,MXLI,8,2026-05-04,0.0,0.0,117.99142900682615,916.9615799953887,948.200809158074,lgbm,2026-03-09,104,risk_eval,A-Z,False,False,False
750101310341,TLJ,1,2026-03-16,1328.2585743877585,3880.905009582875,7272.664770854676,10383.840817610891,11484.366161972535,lgbm,2026-03-09,104,risk_eval,A-Z,False,False,False
750101310341,TLJ,2,2026-03-23,1109.7131739964775,3817.763226125723,6538.455187220957,8484.45120083273,10993.328539789753,lgbm,2026-03-09,104,risk_eval,A-Z,False,False,False
750101310341,TLJ,3,2026-03-30,797.8850259071764,3594.629706925105,6370.096212831002,8599.13847148296,11022.90202835292,lgbm,2026-03-09,104,risk_eval,A-Z,False,False,False
750101310341,TLJ,4,2026-04-06,515.4206881095029,2779.4542461847213,6718.739228367714,9965.862208659073,10840.199891981685,lgbm,2026-03-09,104,risk_eval,A-Z,False,False,False
750101310341,TLJ,5,2026-04-13,495.1394536643429,2894.6041587414793,6680.7224814657175,9941.645814864742,10790.498858739982,lgbm,2026-03-09,104,risk_eval,A-Z,False,False,False
750101310341,TLJ,6,2026-04-20,336.24884926888353,2433.151462467247,6602.88263909262,10240.702947464872,10919.267402972335,lgbm,2026-03-09,104,risk_eval,A-Z,False,False,False
750101310341,TLJ,7,2026-04-27,168.71684512970114,2643.7077533759652,6623.197778021901,11615.121092977457,12445.297604681138,lgbm,2026-03-09,104,risk_eval,A-Z,False,False,False
750101310341,TLJ,8,2026-05-04,0.0,1730.5879681089987,6325.613119744557,11371.644341795833,12226.94399219554,lgbm,2026-03-09,104,risk_eval,A-Z,False,False,False
750101310341,VHSA,1,2026-03-16,790.9058263035176,3167.507514615885,6693.460253202091,9588.67412924084,10889.62893737884,lgbm,2026-03-09,104,risk_eval,A-Z,False,False,False
750101310341,VHSA,2,2026-03-23,674.0473949749435,3422.893561962853,5993.420783097427,7777.898741288999,10514.535676235972,lgbm,2026-03-09,104,risk_eval,A-Z,False,False,False
750101310341,VHSA,3,2026-03-30,422.75853753917045,2870.378167055719,5715.83545760836,8726.263902431323,10500.496119665846,lgbm,2026-03-09,104,risk_eval,A-Z,False,False,False
750101310341,VHSA,4,2026-04-06,302.3777900842697,2603.528504404265,5932.884104722951,8966.720675983139,10300.972175027628,lgbm,2026-03-09,104,risk_eval,A-Z,False,False,False
750101310341,VHSA,5,2026-04-13,279.88349535499356,2594.5567245494785,5895.2555597938135,9036.311137780727,10379.67691348229,lgbm,2026-03-09,104,risk_eval,A-Z,False,False,False
750101310341,VHSA,6,2026-04-20,52.958323727725656,2200.175651896576,5859.617311833414,9377.392672522847,10709.914926416624,lgbm,2026-03-09,104,risk_eval,A-Z,False,False,False
750101310341,VHSA,7,2026-04-27,45.09142784343112,2384.6793710979396,5853.4719491611095,9672.799552447463,10818.471686601904,lgbm,2026-03-09,104,risk_eval,A-Z,False,False,False
750101310341,VHSA,8,2026-05-04,0.0,1762.0529379969144,5685.906320946657,9591.38453777104,10726.307841554662,lgbm,2026-03-09,104,risk_eval,A-Z,False,False,False
750101310342,CCUL,1,2026-03-16,2297.58737473933,3854.768541457521,7492.68524617646,11153.182082417397,12109.750252763763,lgbm,2026-03-09,104,risk_eval,A-Z,False,False,False
750101310342,CCUL,2,2026-03-23,2254.413236947612,4198.651508525646,6768.214298552578,8596.293092925647,11395.553805095442,lgbm,2026-03-09,104,risk_eval,A-Z,False,False,False
750101310342,CCUL,3,2026-03-30,1884.1743572891787,3850.4323981928333,6925.007330748528,9236.01529921045,12059.171738073608,lgbm,2026-03-09,104,risk_eval,A-Z,False,False,False
750101310342,CCUL,4,2026-04-06,1670.9161329999256,2917.9718237616135,7118.155739983089,11038.130507426204,12198.380003115963,lgbm,2026-03-09,104,risk_eval,A-Z,False,False,False
750101310342,CCUL,5,2026-04-13,1672.1958122326964,2799.7099549259906,7277.810176605998,11379.15783663107,12399.916648622555,lgbm,2026-03-09,104,risk_eval,A-Z,False,False,False
750101310342,CCUL,6,2026-04-20,1735.9534519386366,2353.5487362455724,7105.503224944382,12139.633848225636,12233.610202787313,lgbm,2026-03-09,104,risk_eval,A-Z,False,False,False
750101310342,CCUL,7,2026-04-27,1422.8163818615271,2510.4997707837692,7329.532592810377,12784.999049297192,13435.996895645936,lgbm,2026-03-09,104,risk_eval,A-Z,False,False,False
750101310342,CCUL,8,2026-05-04,1248.7275166394002,1982.8068660701551,6745.982201591703,12296.44294452599,12452.931742948047,lgbm,2026-03-09,104,risk_eval,A-Z,False,False,False
750101310342,CMTY,1,2026-03-16,8175.976138301672,13197.509853637031,21507.010720793576,30677.26849500659,33742.580110946044,lgbm,2026-03-09,104,risk_eval,A-Z,False,False,False
750101310342,CMTY,2,2026-03-23,8054.7095753437825,14292.555287555477,18988.670580827442,22963.32111749599,30608.809823577016,lgbm,2026-03-09,104,risk_eval,A-Z,False,False,False
750101310342,CMTY,3,2026-03-30,7399.306847219325,13368.31176267813,19294.8196460328,24681.101512258116,31638.098282773684,lgbm,2026-03-09,104,risk_eval,A-Z,False,False,False
750101310342,CMTY,4,2026-04-06,5749.3574567810665,10277.749379106108,18457.254759915606,29195.70638220185,31268.733615559468,lgbm,2026-03-09,104,risk_eval,A-Z,False,False,False
750101310342,CMTY,5,2026-04-13,5878.138287638826,10202.615227032875,18597.797384358753,29410.523953269265,31439.73087735835,lgbm,2026-03-09,104,risk_eval,A-Z,False,False,False
750101310342,CMTY,6,2026-04-20,6469.6901365669355,9438.473727325216,20260.862446591622,32399.70891571881,33162.186918841275,lgbm,2026-03-09,104,risk_eval,A-Z,False,False,False
750101310342,CMTY,7,2026-04-27,5600.036875535221,10926.350476805233,21092.76195783856,33203.07328824488,37359.45591524122,lgbm,2026-03-09,104,risk_eval,A-Z,False,False,False
750101310342,CMTY,8,2026-05-04,4899.770842900878,8646.89517232978,19064.706805303344,32609.913781022995,34210.36061967315,lgbm,2026-03-09,104,risk_eval,A-Z,False,False,False
750101310342,MXLI,1,2026-03-16,707.324500987274,1133.7158710329443,2446.4821702667828,3872.454282016535,4113.699458475397,lgbm,2026-03-09,104,risk_eval,A-Z,False,False,False
750101310342,MXLI,2,2026-03-23,673.6424127233755,1256.2485117542808,2209.599675702894,3018.327814710913,3933.075568691545,lgbm,2026-03-09,104,risk_eval,A-Z,False,False,False
750101310342,MXLI,3,2026-03-30,502.3880437316586,1140.8965152422952,2238.0945485868087,3204.3974991380187,4149.80646722214,lgbm,2026-03-09,104,risk_eval,A-Z,False,False,False
750101310342,MXLI,4,2026-04-06,439.5057394955562,818.8794716607476,2345.6670957509873,3832.1097245574374,4174.801090024622,lgbm,2026-03-09,104,risk_eval,A-Z,False,False,False
750101310342,MXLI,5,2026-04-13,445.48529787082964,763.3446903156711,2398.7137023880327,3945.3514724921815,4217.347885575064,lgbm,2026-03-09,104,risk_eval,A-Z,False,False,False
750101310342,MXLI,6,2026-04-20,486.97175031252743,638.0411410899991,2371.478211116594,4210.379649155759,4220.0357203693575,lgbm,2026-03-09,104,risk_eval,A-Z,False,False,False
750101310342,MXLI,7,2026-04-27,351.13989210727846,714.6115284874578,2433.270208820666,4317.959861518182,4538.22580317048,lgbm,2026-03-09,104,risk_eval,A-Z,False,False,False
750101310342,MXLI,8,2026-05-04,294.1687822141946,522.5182819161901,2273.6991555950312,4288.923999955257,4328.387253975671,lgbm,2026-03-09,104,risk_eval,A-Z,False,False,False
750101310342,TLJ,1,2026-03-16,2941.7131906050836,4782.971614061553,9063.195143179228,13787.49697171373,14351.476955357397,lgbm,2026-03-09,104,risk_eval,A-Z,False,False,False
750101310342,TLJ,2,2026-03-23,2773.443829060531,4801.202193259696,8152.508919033886,10956.88791680215,13607.46734035113,lgbm,2026-03-09,104,risk_eval,A-Z,False,False,False
750101310342,TLJ,3,2026-03-30,2375.559303219752,4466.9720575212905,8383.421867509323,11597.28210695244,14182.490590482465,lgbm,2026-03-09,104,risk_eval,A-Z,False,False,False
750101310342,TLJ,4,2026-04-06,1893.488895143028,3115.6106145625877,7864.839254248349,13774.804193378995,14066.54410003722,lgbm,2026-03-09,104,risk_eval,A-Z,False,False,False
750101310342,TLJ,5,2026-04-13,1822.5738415996511,3437.5842817029466,7807.621088031349,13242.514695127957,14164.968373265841,lgbm,2026-03-09,104,risk_eval,A-Z,False,False,False
750101310342,TLJ,6,2026-04-20,1831.0665066526249,3179.7749314757257,8336.737984544614,13905.467754451602,15046.271807097812,lgbm,2026-03-09,104,risk_eval,A-Z,False,False,False
750101310342,TLJ,7,2026-04-27,1748.773772659848,3695.1053249076417,8784.956534983796,14384.092800097229,16160.041370462588,lgbm,2026-03-09,104,risk_eval,A-Z,False,False,False
750101310342,TLJ,8,2026-05-04,1487.0336830855367,2846.6394843876333,8135.256998987106,14104.656965911268,15203.727831188895,lgbm,2026-03-09,104,risk_eval,A-Z,False,False,False
750101310342,VHSA,1,2026-03-16,3061.4583631930673,4981.621473032708,9820.644517082852,14525.11510035847,15263.432891118591,lgbm,2026-03-09,104,risk_eval,A-Z,False,False,False
750101310342,VHSA,2,2026-03-23,3068.954159364687,5514.744261193521,8797.96707553975,10927.974766318588,14553.917858206067,lgbm,2026-03-09,104,risk_eval,A-Z,False,False,False
750101310342,VHSA,3,2026-03-30,2551.0521929325837,5065.719370910874,8959.780070895684,11627.711625252337,15429.145208263828,lgbm,2026-03-09,104,risk_eval,A-Z,False,False,False
750101310342,VHSA,4,2026-04-06,1860.2877519657995,3757.90488532181,8892.18934362292,13961.83313453979,15799.573215794895,lgbm,2026-03-09,104,risk_eval,A-Z,False,False,False
750101310342,VHSA,5,2026-04-13,2084.167345865339,3745.0901337871264,9343.870219671411,14371.114862944276,15871.547687713364,lgbm,2026-03-09,104,risk_eval,A-Z,False,False,False
750101310342,VHSA,6,2026-04-20,2435.5775188373523,3722.096722859343,9252.389227698925,14242.607797058608,15724.568206905815,lgbm,2026-03-09,104,risk_eval,A-Z,False,False,False
750101310342,VHSA,7,2026-04-27,2251.14032595937,3623.3905188862127,9567.019221479017,15785.525763444148,16382.06334962309,lgbm,2026-03-09,104,risk_eval,A-Z,False,False,False
750101310342,VHSA,8,2026-05-04,1673.297509335066,3331.3771045041817,8896.833674250161,14374.532761819415,16155.378933008602,lgbm,2026-03-09,104,risk_eval,A-Z,False,False,False
750101310406,CCUL,1,2026-03-16,3413.5695043960177,3563.204623951209,5650.91057467228,7982.654696561823,8272.791884646475,lgbm,2026-03-09,104,risk_eval,A-Y,False,False,False
750101310406,CCUL,2,2026-03-23,3457.7026948241432,4054.3292095536895,5326.714268884457,6318.752487657892,7324.320953849381,lgbm,2026-03-09,104,risk_eval,A-Y,False,False,False
750101310406,CCUL,3,2026-03-30,3773.525407120661,4434.000399712834,6294.136173875651,7581.887017424128,8327.324579927508,lgbm,2026-03-09,104,risk_eval,A-Y,False,False,False
750101310406,CCUL,4,2026-04-06,3625.687013511016,3960.338934980413,5941.2183202913275,7728.78699450528,8010.174690942422,lgbm,2026-03-09,104,risk_eval,A-Y,False,False,False
750101310406,CCUL,5,2026-04-13,3733.099750121079,4492.026799284309,6520.028958897974,7911.624080538292,8479.721905311591,lgbm,2026-03-09,104,risk_eval,A-Y,False,False,False
750101310406,CCUL,6,2026-04-20,3428.909304557082,3915.4960576918565,6068.55227785146,7979.570336521653,8530.440116620903,lgbm,2026-03-09,104,risk_eval,A-Y,False,False,False
750101310406,CCUL,7,2026-04-27,4060.3473355646292,4483.071571985226,6904.683283416456,9197.29489137314,9382.973866907161,lgbm,2026-03-09,104,risk_eval,A-Y,False,False,False
750101310406,CCUL,8,2026-05-04,3757.0509879021747,4003.9056162309153,6534.346735856846,8709.188592362165,8733.066614971964,lgbm,2026-03-09,104,risk_eval,A-Y,False,False,False
750101310406,CMD2,1,2026-03-16,19978.955406946297,21268.8616714939,31385.924027699326,44642.558843567815,45018.29017023938,lgbm,2026-03-09,104,risk_eval,A-Y,False,False,False
750101310406,CMD2,2,2026-03-23,20062.021459098723,23787.049304428365,30242.44628699736,34353.08040913794,40998.242677656934,lgbm,2026-03-09,104,risk_eval,A-Y,False,False,False
750101310406,CMD2,3,2026-03-30,22993.475091730936,27154.944689065414,36051.526796617094,40231.45003728999,44082.64282188853,lgbm,2026-03-09,104,risk_eval,A-Y,False,False,False
750101310406,CMD2,4,2026-04-06,21447.77702566359,24440.22289970249,33341.9882870469,41645.82913686006,44581.0920452277,lgbm,2026-03-09,104,risk_eval,A-Y,False,False,False
750101310406,CMD2,5,2026-04-13,25804.464072548733,28716.892559722004,37937.929997778854,43546.152290942075,44326.04854068561,lgbm,2026-03-09,104,risk_eval,A-Y,False,False,False
750101310406,CMD2,6,2026-04-20,20816.63388300954,24296.666044008678,34119.54143938313,42153.33689250731,45778.62066828974,lgbm,2026-03-09,104,risk_eval,A-Y,False,False,False
750101310406,CMD2,7,2026-04-27,24397.61006288922,27177.652562987452,39246.774940675714,48746.12304077302,49202.90370460445,lgbm,2026-03-09,104,risk_eval,A-Y,False,False,False
750101310406,CMD2,8,2026-05-04,22502.61939983719,24154.426149900326,37035.76495162095,45218.09872205511,46350.989520870266,lgbm,2026-03-09,104,risk_eval,A-Y,False,False,False
750101310406,CMTY,1,2026-03-16,8186.6166858826355,8734.1781078415,12357.998257146104,16719.700660251397,16896.63133932922,lgbm,2026-03-09,104,risk_eval,A-Y,False,False,False
750101310406,CMTY,2,2026-03-23,8172.352016534432,9864.861417116535,11709.023839602385,12413.836095933857,15141.04286223701,lgbm,2026-03-09,104,risk_eval,A-Y,False,False,False
750101310406,CMTY,3,2026-03-30,9105.718804604476,10369.763492470727,13434.166814731945,15282.929283111238,16042.435522803922,lgbm,2026-03-09,104,risk_eval,A-Y,False,False,False
750101310406,CMTY,4,2026-04-06,8558.416831896295,9290.68250368897,12755.984219554086,16492.64407593413,16789.14363220785,lgbm,2026-03-09,104,risk_eval,A-Y,False,False,False
750101310406,CMTY,5,2026-04-13,8734.801736725653,9722.16961474533,13545.395724404705,17135.920738466506,17277.836270125368,lgbm,2026-03-09,104,risk_eval,A-Y,False,False,False
750101310406,CMTY,6,2026-04-20,8264.346106728084,9014.426861461656,12754.658622472669,17046.200793821954,17156.35778957516,lgbm,2026-03-09,104,risk_eval,A-Y,False,False,False
750101310406,CMTY,7,2026-04-27,8351.541427329734,9482.740009200732,14433.714522136199,18812.942254859543,19106.707583872274,lgbm,2026-03-09,104,risk_eval,A-Y,False,False,False
750101310406,CMTY,8,2026-05-04,7418.085862462397,8056.075726282574,13370.02332995628,18027.350155221357,18213.61370746702,lgbm,2026-03-09,104,risk_eval,A-Y,False,False,False
750101310406,MXLI,1,2026-03-16,1536.8472525662626,1602.1999916444438,2455.7619658685385,3382.4665949148575,3465.642431941853,lgbm,2026-03-09,104,risk_eval,A-Y,False,False,False
750101310406,MXLI,2,2026-03-23,1543.2809872384942,1902.6016926062428,2340.149544439443,2575.498667898388,3135.4791355610755,lgbm,2026-03-09,104,risk_eval,A-Y,False,False,False
750101310406,MXLI,3,2026-03-30,1684.2540547404974,2020.3321827899451,2780.0516999690535,3128.8963110691775,3512.1936246750997,lgbm,2026-03-09,104,risk_eval,A-Y,False,False,False
750101310406,MXLI,4,2026-04-06,1573.2237095373496,1833.0069454653092,2567.520726843342,3245.7440674617574,3521.247928142225,lgbm,2026-03-09,104,risk_eval,A-Y,False,False,False
750101310406,MXLI,5,2026-04-13,1593.9628750217626,1921.1881231193358,2774.8679564224162,3407.0140496310814,3691.8740352700943,lgbm,2026-03-09,104,risk_eval,A-Y,False,False,False
750101310406,MXLI,6,2026-04-20,1519.3860626022877,1788.1668546132714,2614.4489319768686,3284.678063657638,3643.2648704601825,lgbm,2026-03-09,104,risk_eval,A-Y,False,False,False
750101310406,MXLI,7,2026-04-27,1483.9730920874665,1758.6058591713697,2883.9841300771677,3876.836559541417,4020.15578214051,lgbm,2026-03-09,104,risk_eval,A-Y,False,False,False
750101310406,MXLI,8,2026-05-04,1307.8172032829461,1388.292336375469,2699.9703371266787,3619.9232574421317,3935.1217169527963,lgbm,2026-03-09,104,risk_eval,A-Y,False,False,False
750101310406,TLJ,1,2026-03-16,9215.255979330414,9650.709540536049,14641.256334313235,20628.109049195646,21020.60681476339,lgbm,2026-03-09,104,risk_eval,A-Y,False,False,False
750101310406,TLJ,2,2026-03-23,9173.262577764533,10559.578435274367,14017.478070261444,16407.353252834648,19121.438983702014,lgbm,2026-03-09,104,risk_eval,A-Y,False,False,False
750101310406,TLJ,3,2026-03-30,10468.690137478337,12068.05606451785,16821.258767144736,19240.426168012615,20773.73949406969,lgbm,2026-03-09,104,risk_eval,A-Y,False,False,False
750101310406,TLJ,4,2026-04-06,9728.756526885185,10646.946028685074,15508.143748195727,20243.768778633774,20622.714783328036,lgbm,2026-03-09,104,risk_eval,A-Y,False,False,False
750101310406,TLJ,5,2026-04-13,11205.991514670666,12156.938909865206,17386.595929067793,21012.321064060758,21368.06961474237,lgbm,2026-03-09,104,risk_eval,A-Y,False,False,False
750101310406,TLJ,6,2026-04-20,9416.147782473476,10451.793387198044,15650.669656486723,20549.544998246736,21361.216568287437,lgbm,2026-03-09,104,risk_eval,A-Y,False,False,False
750101310406,TLJ,7,2026-04-27,11136.537074982687,12345.186813265405,18143.422211968245,22985.5830846584,23075.418707574834,lgbm,2026-03-09,104,risk_eval,A-Y,False,False,False
750101310406,TLJ,8,2026-05-04,10444.590027508362,10786.031027483601,16965.447034391305,21550.101664478923,21741.216039762574,lgbm,2026-03-09,104,risk_eval,A-Y,False,False,False
750101310406,VHSA,1,2026-03-16,4311.89851666165,4477.939262244178,7708.6177845363245,11626.939129436623,12221.302679956054,lgbm,2026-03-09,104,risk_eval,A-Y,False,False,False
750101310406,VHSA,2,2026-03-23,4568.851286381269,5314.4600829724095,7441.472206051465,9146.118221651845,10885.077932459433,lgbm,2026-03-09,104,risk_eval,A-Y,False,False,False
750101310406,VHSA,3,2026-03-30,5852.561303600825,7091.534652554444,9189.261215454217,10667.41748560767,12204.06592364912,lgbm,2026-03-09,104,risk_eval,A-Y,False,False,False
750101310406,VHSA,4,2026-04-06,4939.642652214645,6310.393867816688,8670.333838387385,10985.542995147347,12313.390157288455,lgbm,2026-03-09,104,risk_eval,A-Y,False,False,False
750101310406,VHSA,5,2026-04-13,5652.710473759501,7017.7690516218845,9547.234432951247,11035.291085291788,12276.460717358856,lgbm,2026-03-09,104,risk_eval,A-Y,False,False,False
750101310406,VHSA,6,2026-04-20,5408.004386249454,6735.009352701776,9056.79776710084,11018.614306416759,12504.397818480335,lgbm,2026-03-09,104,risk_eval,A-Y,False,False,False
750101310406,VHSA,7,2026-04-27,5710.33282949677,6249.443476260324,9888.776055654873,13169.938186076903,13366.11453895264,lgbm,2026-03-09,104,risk_eval,A-Y,False,False,False
750101310406,VHSA,8,2026-05-04,5346.359485375911,5494.569038838372,9315.139647261502,12615.484229289834,12637.450488063007,lgbm,2026-03-09,104,risk_eval,A-Y,False,False,False
750101310407,CCUL,1,2026-03-16,3672.8083798944353,3693.511899521908,5576.156494866704,7493.229918721261,7654.4903462400525,lgbm,2026-03-09,104,risk_eval,A-Y,False,False,False
750101310407,CCUL,2,2026-03-23,3713.9521161917082,3902.2419759044847,5274.747108423065,6364.598379990739,6928.150415866,lgbm,2026-03-09,104,risk_eval,A-Y,False,False,False
750101310407,CCUL,3,2026-03-30,4106.442216804052,4471.632687753427,5967.3003024878035,7203.220224917244,7612.053202336626,lgbm,2026-03-09,104,risk_eval,A-Y,False,False,False
750101310407,CCUL,4,2026-04-06,3897.6752632893763,3910.3799763390252,5637.660703867235,7421.351165947426,7515.209005143935,lgbm,2026-03-09,104,risk_eval,A-Y,False,False,False
750101310407,CCUL,5,2026-04-13,3999.9153346901694,4229.68897859426,6033.4130338341765,7685.0217908118375,7745.669673299387,lgbm,2026-03-09,104,risk_eval,A-Y,False,False,False
750101310407,CCUL,6,2026-04-20,3771.4439743843145,3855.8062603922617,5755.322952964822,7427.183575651673,7796.942395387396,lgbm,2026-03-09,104,risk_eval,A-Y,False,False,False
750101310407,CCUL,7,2026-04-27,4369.891339876771,4728.752843216247,6485.63637634477,8080.8287326290065,8179.530870854434,lgbm,2026-03-09,104,risk_eval,A-Y,False,False,False
750101310407,CCUL,8,2026-05-04,4178.678079058277,4319.300802732956,6385.949264125218,7791.033257230872,7826.311282379531,lgbm,2026-03-09,104,risk_eval,A-Y,False,False,False
750101310407,CMD2,1,2026-03-16,19126.038635846668,19564.26231510224,26507.4180439678,32565.613290067333,33067.32014437587,lgbm,2026-03-09,104,risk_eval,A-Y,False,False,False
750101310407,CMD2,2,2026-03-23,19356.512761250673,20483.597193816833,25439.460357293614,27344.493920200664,30310.131438491924,lgbm,2026-03-09,104,risk_eval,A-Y,False,False,False
750101310407,CMD2,3,2026-03-30,21876.106352213737,24011.163024982954,29159.184334052043,31966.07926789751,33186.461403879,lgbm,2026-03-09,104,risk_eval,A-Y,False,False,False
750101310407,CMD2,4,2026-04-06,20170.67998596331,20481.10654966314,26627.659617066314,32647.692073061156,33082.1259641853,lgbm,2026-03-09,104,risk_eval,A-Y,False,False,False
750101310407,CMD2,5,2026-04-13,23234.913159055104,24403.862249714395,30103.791806984093,32621.176434875106,33889.55589867099,lgbm,2026-03-09,104,risk_eval,A-Y,False,False,False
750101310407,CMD2,6,2026-04-20,19622.854922068887,20470.145859919394,27710.649478676372,33128.42982568767,34603.12518267599,lgbm,2026-03-09,104,risk_eval,A-Y,False,False,False
750101310407,CMD2,7,2026-04-27,22751.59133351844,24672.666206225844,31008.92490412277,34734.56266726157,35984.31920152847,lgbm,2026-03-09,104,risk_eval,A-Y,False,False,False
750101310407,CMD2,8,2026-05-04,20840.147659090584,21788.22786295316,29537.14059713702,32958.60794308745,34948.05745508456,lgbm,2026-03-09,104,risk_eval,A-Y,False,False,False
750101310407,CMTY,1,2026-03-16,8942.081750087005,9126.631264798158,11652.951551844002,15098.084761396074,15134.127227487523,lgbm,2026-03-09,104,risk_eval,A-Y,False,False,False
750101310407,CMTY,2,2026-03-23,8963.948901059806,9668.608751392105,10898.278560564113,11901.553879798892,14008.730259376784,lgbm,2026-03-09,104,risk_eval,A-Y,False,False,False
750101310407,CMTY,3,2026-03-30,9711.966579391312,10659.568595858142,12298.90415413461,13707.57562065314,14945.675843199584,lgbm,2026-03-09,104,risk_eval,A-Y,False,False,False
750101310407,CMTY,4,2026-04-06,9158.763790708286,9321.287194915098,11529.037818756733,14535.641446066302,15320.346104034048,lgbm,2026-03-09,104,risk_eval,A-Y,False,False,False
750101310407,CMTY,5,2026-04-13,9356.521419907594,9517.441713774195,12326.589071229568,15496.436496786524,15835.69923164144,lgbm,2026-03-09,104,risk_eval,A-Y,False,False,False
750101310407,CMTY,6,2026-04-20,8854.840541496304,9104.484920159322,11683.133660091216,14622.723321688662,15951.256274229641,lgbm,2026-03-09,104,risk_eval,A-Y,False,False,False
750101310407,CMTY,7,2026-04-27,9158.789456893537,9405.516083787927,12928.249752892614,16608.228729159408,17051.905665968898,lgbm,2026-03-09,104,risk_eval,A-Y,False,False,False
750101310407,CMTY,8,2026-05-04,7990.93633289567,8210.243084490578,11927.888443523267,16298.29541526137,16362.946117779324,lgbm,2026-03-09,104,risk_eval,A-Y,False,False,False
750101310407,MXLI,1,2026-03-16,1744.7955852948437,1775.2213579141805,2536.4635111369134,3370.69154748609,3372.6655849850513,lgbm,2026-03-09,104,risk_eval,A-Y,False,False,False
750101310407,MXLI,2,2026-03-23,1791.710348935911,1940.336075600451,2380.4737229415227,2680.7619126556237,3141.832787281839,lgbm,2026-03-09,104,risk_eval,A-Y,False,False,False
750101310407,MXLI,3,2026-03-30,1918.2174223540546,2210.683112053885,2720.904195736502,2916.182595470691,3438.8005314181346,lgbm,2026-03-09,104,risk_eval,A-Y,False,False,False
750101310407,MXLI,4,2026-04-06,1823.849692013145,1880.1053641431395,2541.1356007615204,3239.299565344108,3446.5503873571815,lgbm,2026-03-09,104,risk_eval,A-Y,False,False,False
750101310407,MXLI,5,2026-04-13,1862.5955020545687,1973.051103673205,2726.1924667926096,3471.1680650290923,3572.7661203232124,lgbm,2026-03-09,104,risk_eval,A-Y,False,False,False
750101310407,MXLI,6,2026-04-20,1776.0866039043008,1831.8320032869465,2602.4340871436675,3333.930411688733,3631.666876816986,lgbm,2026-03-09,104,risk_eval,A-Y,False,False,False
750101310407,MXLI,7,2026-04-27,1819.6359421160687,1934.4700973676356,2833.372755674807,3688.464400940292,3738.526295877243,lgbm,2026-03-09,104,risk_eval,A-Y,False,False,False
750101310407,MXLI,8,2026-05-04,1622.4978528204092,1782.6347254820435,2758.9784550607083,3516.7096694009037,3754.122998974803,lgbm,2026-03-09,104,risk_eval,A-Y,False,False,False
750101310407,TLJ,1,2026-03-16,9598.045223548317,9950.451812820711,13673.737467436778,17786.11871846705,18387.58291801653,lgbm,2026-03-09,104,risk_eval,A-Y,False,False,False
750101310407,TLJ,2,2026-03-23,9983.673301930972,10115.148205089024,13105.631171469604,15132.2100040094,16488.746553482724,lgbm,2026-03-09,104,risk_eval,A-Y,False,False,False
750101310407,TLJ,3,2026-03-30,11061.426204425707,12103.07933561627,15184.067713657743,17235.83103829931,17972.882382705924,lgbm,2026-03-09,104,risk_eval,A-Y,False,False,False
750101310407,TLJ,4,2026-04-06,9958.552124730355,10300.150903529158,13879.11206084549,18193.579945989546,18557.159820127134,lgbm,2026-03-09,104,risk_eval,A-Y,False,False,False
750101310407,TLJ,5,2026-04-13,11783.459815781234,12372.407277877943,15828.96294194977,18333.84403540763,18501.87682596319,lgbm,2026-03-09,104,risk_eval,A-Y,False,False,False
750101310407,TLJ,6,2026-04-20,10180.61431811066,10231.15890111141,14186.8300367415,18583.247329993224,18841.014082015783,lgbm,2026-03-09,104,risk_eval,A-Y,False,False,False
750101310407,TLJ,7,2026-04-27,11939.654837842389,12424.098252753083,16440.19346444653,19563.282144163106,19740.76514647525,lgbm,2026-03-09,104,risk_eval,A-Y,False,False,False
750101310407,TLJ,8,2026-05-04,11000.602812487581,11101.714486750145,15580.387031611905,18394.543154064435,19081.62182736042,lgbm,2026-03-09,104,risk_eval,A-Y,False,False,False
750101310407,VHSA,1,2026-03-16,4848.311144128781,4849.121811030087,7394.810049899328,9742.38479392443,9767.796881670081,lgbm,2026-03-09,104,risk_eval,A-Y,False,False,False
750101310407,VHSA,2,2026-03-23,5015.071632704974,5453.789047130227,7166.39557264687,8043.057567066494,9061.532231294319,lgbm,2026-03-09,104,risk_eval,A-Y,False,False,False
750101310407,VHSA,3,2026-03-30,6148.830686144101,7034.448031800926,8306.899822903937,8862.752648258198,9846.213639612475,lgbm,2026-03-09,104,risk_eval,A-Y,False,False,False
750101310407,VHSA,4,2026-04-06,5265.531622520013,5568.3209624186475,7858.9881670513305,10020.061824237308,10043.702376704934,lgbm,2026-03-09,104,risk_eval,A-Y,False,False,False
750101310407,VHSA,5,2026-04-13,5899.6171377283745,6447.373425761373,8577.472694520617,9866.79100198289,10196.542015078765,lgbm,2026-03-09,104,risk_eval,A-Y,False,False,False
750101310407,VHSA,6,2026-04-20,5573.521077852666,5863.975865392176,8315.346546769004,9952.094179601474,10201.113792873826,lgbm,2026-03-09,104,risk_eval,A-Y,False,False,False
750101310407,VHSA,7,2026-04-27,5950.37415501524,6368.607641159866,8992.969615250899,10623.751849052516,10823.026374095047,lgbm,2026-03-09,104,risk_eval,A-Y,False,False,False
750101310407,VHSA,8,2026-05-04,5514.818151944208,5656.018684239538,8698.403929587845,10364.770607673247,10691.82234684364,lgbm,2026-03-09,104,risk_eval,A-Y,False,False,False
750101310409,CCUL,1,2026-03-16,911.8679070771814,956.8672271834001,991.2073164150685,1174.2726073081753,1383.264330421432,lgbm,2026-03-09,104,risk_eval,A-X,False,False,False
750101310409,CCUL,2,2026-03-23,875.2168106639137,929.5074869292623,962.4258158382561,1111.8662701162236,1345.6540177810778,lgbm,2026-03-09,104,risk_eval,A-X,False,False,False
750101310409,CCUL,3,2026-03-30,870.4554474011288,911.2457155680968,1059.2199175076325,1226.9922841044556,1395.0102941478008,lgbm,2026-03-09,104,risk_eval,A-X,False,False,False
750101310409,CCUL,4,2026-04-06,838.0492355627902,891.7586034527604,929.3998893494893,1092.4412632977642,1326.8177601350267,lgbm,2026-03-09,104,risk_eval,A-X,False,False,False
750101310409,CCUL,5,2026-04-13,861.3208331383391,905.7992369928321,981.1263583505212,1199.7119305752456,1392.1747424322355,lgbm,2026-03-09,104,risk_eval,A-X,False,False,False
750101310409,CCUL,6,2026-04-20,780.4721142487189,869.6327523428461,906.2477225914973,1077.1751165203764,1335.2830360357802,lgbm,2026-03-09,104,risk_eval,A-X,False,False,False
750101310409,CCUL,7,2026-04-27,844.4895144304056,903.1164979992768,963.3497622410412,1136.6681500043867,1391.8408919157428,lgbm,2026-03-09,104,risk_eval,A-X,False,False,False
750101310409,CCUL,8,2026-05-04,754.3661112286231,841.1562973298197,900.8086387424212,1076.0167139880705,1364.7024378133106,lgbm,2026-03-09,104,risk_eval,A-X,False,False,False
750101310409,MXLI,1,2026-03-16,512.3636094151422,540.9543164711068,644.4680112053637,729.5184291769677,843.5199607854993,lgbm,2026-03-09,104,risk_eval,A-X,False,False,False
750101310409,MXLI,2,2026-03-23,497.18830690912574,531.0623199716533,614.34521100982,694.5900404525872,845.2996190119749,lgbm,2026-03-09,104,risk_eval,A-X,False,False,False
750101310409,MXLI,3,2026-03-30,482.1425743430321,505.90462502163285,688.6459411175674,727.0689452123453,838.6733493793993,lgbm,2026-03-09,104,risk_eval,A-X,False,False,False
750101310409,MXLI,4,2026-04-06,481.6635639356218,508.3435815918431,611.5272558651731,672.5526377810556,796.8212495922428,lgbm,2026-03-09,104,risk_eval,A-X,False,False,False
750101310409,MXLI,5,2026-04-13,484.1859867071739,510.1860330514532,638.1506190437264,744.8924807100611,848.9761627658381,lgbm,2026-03-09,104,risk_eval,A-X,False,False,False
750101310409,MXLI,6,2026-04-20,474.5983223227861,499.1913345797236,616.3445074723405,699.7596522411911,818.933115563328,lgbm,2026-03-09,104,risk_eval,A-X,False,False,False
750101310409,MXLI,7,2026-04-27,471.57278725109273,506.8508742326265,634.7494304861608,717.479093036517,827.8507107321816,lgbm,2026-03-09,104,risk_eval,A-X,False,False,False
750101310409,MXLI,8,2026-05-04,456.0023989286257,505.936232939672,604.3437493800664,668.0958742022968,819.8163122703306,lgbm,2026-03-09,104,risk_eval,A-X,False,False,False
750101310445,CCUL,1,2026-03-16,65.68393548363557,76.13545196364612,125.87354579064173,181.04476378296485,192.16891211958466,lgbm,2026-03-09,104,risk_eval,A-Z,False,False,False
750101310445,CCUL,2,2026-03-23,45.6727827949859,68.61501464347481,116.14746097523074,160.18475655944437,200.29354730777663,lgbm,2026-03-09,104,risk_eval,A-Z,False,False,False
750101310445,CCUL,3,2026-03-30,54.43913908308623,61.134041701063815,124.36359791816236,199.64171989788602,201.29152617634946,lgbm,2026-03-09,104,risk_eval,A-Z,False,False,False
750101310445,CCUL,4,2026-04-06,57.67726405490014,68.074553633466,128.20015176114242,189.23946714468715,198.08128220620023,lgbm,2026-03-09,104,risk_eval,A-Z,False,False,False
750101310445,CCUL,5,2026-04-13,53.05490761209226,60.93943442837244,130.44192625232841,195.79778954647375,200.82547534325604,lgbm,2026-03-09,104,risk_eval,A-Z,False,False,False
750101310445,CCUL,6,2026-04-20,54.348696234671735,62.88353224148491,127.99167940452011,192.10129616021524,199.24726257820623,lgbm,2026-03-09,104,risk_eval,A-Z,False,False,False
750101310445,CCUL,7,2026-04-27,59.30002123661632,68.17915159466882,133.01565759056473,194.93989658739272,199.59322264394945,lgbm,2026-03-09,104,risk_eval,A-Z,False,False,False
750101310445,CCUL,8,2026-05-04,57.96412430164703,67.69941376347862,130.1093447369817,192.24966021908787,200.55440985008482,lgbm,2026-03-09,104,risk_eval,A-Z,False,False,False
750101310445,CMD2,1,2026-03-16,1173.9393931240757,1310.8590066881532,1590.8285945828316,1984.9523679008278,2071.3852745628487,lgbm,2026-03-09,104,risk_eval,A-Z,False,False,False
750101310445,CMD2,2,2026-03-23,992.6920368329379,1226.4136518566092,1443.2774381599852,1711.3824791333568,2068.7260679008723,lgbm,2026-03-09,104,risk_eval,A-Z,False,False,False
750101310445,CMD2,3,2026-03-30,911.5633386974154,1099.0994773949828,1529.578862256074,2145.918963188379,2274.145063097309,lgbm,2026-03-09,104,risk_eval,A-Z,False,False,False
750101310445,CMD2,4,2026-04-06,909.6026930047262,1014.3514705479024,1563.3460145341312,2112.0125454578206,2149.148747402761,lgbm,2026-03-09,104,risk_eval,A-Z,False,False,False
750101310445,CMD2,5,2026-04-13,1016.9803735657608,1135.5800977692866,1603.8658035026274,2154.890255800322,2201.677121980346,lgbm,2026-03-09,104,risk_eval,A-Z,False,False,False
750101310445,CMD2,6,2026-04-20,973.8486803115782,1064.7119021778394,1570.635064312568,2143.801854319899,2162.512364507277,lgbm,2026-03-09,104,risk_eval,A-Z,False,False,False
750101310445,CMD2,7,2026-04-27,1048.223030473444,1214.9588808309456,1669.6290324697488,2143.3353424774764,2199.344005442662,lgbm,2026-03-09,104,risk_eval,A-Z,False,False,False
750101310445,CMD2,8,2026-05-04,969.6988569269108,1097.84104390209,1582.5009974241393,2149.577712889722,2197.658788720956,lgbm,2026-03-09,104,risk_eval,A-Z,False,False,False
750101310445,CMTY,1,2026-03-16,144.2672510844641,158.27789269590582,226.62924457442455,289.5604506244969,303.3614475413667,lgbm,2026-03-09,104,risk_eval,A-Z,False,False,False
750101310445,CMTY,2,2026-03-23,112.08910610759776,139.45476346515903,206.44285885332926,253.6266579804236,315.779372818342,lgbm,2026-03-09,104,risk_eval,A-Z,False,False,False
750101310445,CMTY,3,2026-03-30,107.36113014924558,112.22447339052142,215.5610278032402,318.9764760107967,323.17835635024255,lgbm,2026-03-09,104,risk_eval,A-Z,False,False,False
750101310445,CMTY,4,2026-04-06,105.032248365849,127.13118393320356,219.03053712641508,301.83725485650774,317.80592186098863,lgbm,2026-03-09,104,risk_eval,A-Z,False,False,False
750101310445,CMTY,5,2026-04-13,110.95670805978693,126.02413210454378,222.18925168171677,312.84062887697064,321.18988893758626,lgbm,2026-03-09,104,risk_eval,A-Z,False,False,False
750101310445,CMTY,6,2026-04-20,94.0277859041945,112.71702834701436,217.4705906170385,307.1580243586219,320.7894624681913,lgbm,2026-03-09,104,risk_eval,A-Z,False,False,False
750101310445,CMTY,7,2026-04-27,123.04528559307042,138.64551573372574,229.2602465528853,306.3061671183792,315.7525781050062,lgbm,2026-03-09,104,risk_eval,A-Z,False,False,False
750101310445,CMTY,8,2026-05-04,116.3932856826704,132.14679585800076,223.73174239291248,303.1760380637804,313.68217927503224,lgbm,2026-03-09,104,risk_eval,A-Z,False,False,False
750101310445,MXLI,1,2026-03-16,54.427795904103334,61.92014491791148,108.70901891586509,156.14594313142806,171.07085423229842,lgbm,2026-03-09,104,risk_eval,A-Z,False,False,False
750101310445,MXLI,2,2026-03-23,45.13396480636704,59.57973602480351,98.4088878388556,132.15916257675553,168.16671224880125,lgbm,2026-03-09,104,risk_eval,A-Z,False,False,False
750101310445,MXLI,3,2026-03-30,43.33482808907533,60.63839327308017,99.13052455542211,134.99795075489294,180.1335123628499,lgbm,2026-03-09,104,risk_eval,A-Z,False,False,False
750101310445,MXLI,4,2026-04-06,44.54654211612485,49.45419952297282,101.73929609068763,156.85977811603928,168.44842732129746,lgbm,2026-03-09,104,risk_eval,A-Z,False,False,False
750101310445,MXLI,5,2026-04-13,44.304286402063596,50.05135392373957,102.53372705264346,160.05995948910294,170.37338276836894,lgbm,2026-03-09,104,risk_eval,A-Z,False,False,False
750101310445,MXLI,6,2026-04-20,42.98214445571617,49.14406817900645,100.84469235168328,156.93674315356236,169.53245216575652,lgbm,2026-03-09,104,risk_eval,A-Z,False,False,False
750101310445,MXLI,7,2026-04-27,45.96567039366447,54.76579266511041,104.60522390960172,160.9230055885488,177.9977476126718,lgbm,2026-03-09,104,risk_eval,A-Z,False,False,False
750101310445,MXLI,8,2026-05-04,43.85706481727465,51.58206579646567,100.66611984180282,156.56578120894432,170.02304897806755,lgbm,2026-03-09,104,risk_eval,A-Z,False,False,False
750101310445,TLJ,1,2026-03-16,173.79398241953007,183.35807964495027,273.5864135046514,371.2592239629991,390.35001666710104,lgbm,2026-03-09,104,risk_eval,A-Z,False,False,False
750101310445,TLJ,2,2026-03-23,126.38454894349225,164.39770866608498,248.0589664303251,332.58084947632466,412.07332248343226,lgbm,2026-03-09,104,risk_eval,A-Z,False,False,False
750101310445,TLJ,3,2026-03-30,126.43592395844165,132.43977906210293,260.33638378138085,418.1684992990385,418.8573358518929,lgbm,2026-03-09,104,risk_eval,A-Z,False,False,False
750101310445,TLJ,4,2026-04-06,132.04788876153594,146.37194294403582,268.7086507475752,396.77699724204126,410.6763844743152,lgbm,2026-03-09,104,risk_eval,A-Z,False,False,False
750101310445,TLJ,5,2026-04-13,117.31503890742212,133.99654040440166,271.3377980684515,413.172488160231,426.3040348994126,lgbm,2026-03-09,104,risk_eval,A-Z,False,False,False
750101310445,TLJ,6,2026-04-20,127.88864948343277,140.27245167980666,268.8458292236672,403.51804861667415,415.34428247475154,lgbm,2026-03-09,104,risk_eval,A-Z,False,False,False
750101310445,TLJ,7,2026-04-27,148.50555363852789,163.495942298417,282.4220112113358,401.91511295420315,410.82096250928174,lgbm,2026-03-09,104,risk_eval,A-Z,False,False,False
750101310445,TLJ,8,2026-05-04,131.1742682467872,145.77909222344718,270.7237242471802,404.3902541605599,417.06946026884077,lgbm,2026-03-09,104,risk_eval,A-Z,False,False,False
750101310445,VHSA,1,2026-03-16,92.01493132591636,98.49016106347605,158.01250448720603,212.88053746196104,219.37401510535423,lgbm,2026-03-09,104,risk_eval,A-Z,False,False,False
750101310445,VHSA,2,2026-03-23,71.30536763983585,87.99157493820539,141.42614019335912,183.72556323480208,229.64820380702776,lgbm,2026-03-09,104,risk_eval,A-Z,False,False,False
750101310445,VHSA,3,2026-03-30,74.99071999857804,93.09211416393052,147.84518796029906,183.42426072306432,232.15449645564564,lgbm,2026-03-09,104,risk_eval,A-Z,False,False,False
750101310445,VHSA,4,2026-04-06,61.61517458899406,74.76657417257346,149.62700005282244,218.85544734357669,233.16550809776587,lgbm,2026-03-09,104,risk_eval,A-Z,False,False,False
750101310445,VHSA,5,2026-04-13,76.57723394930633,84.47898409543484,152.47642809741802,223.38583349008346,231.4878265330958,lgbm,2026-03-09,104,risk_eval,A-Z,False,False,False
750101310445,VHSA,6,2026-04-20,69.22487851889949,81.17450833282257,148.23320532739456,218.3546795233696,231.90414849181232,lgbm,2026-03-09,104,risk_eval,A-Z,False,False,False
750101310445,VHSA,7,2026-04-27,77.52305704393862,89.61602980565416,156.82935262711592,221.5512398120497,230.6798952460474,lgbm,2026-03-09,104,risk_eval,A-Z,False,False,False
750101310445,VHSA,8,2026-05-04,68.9187297726047,81.33333646977754,149.42780072778035,218.42178349191732,231.8418561401842,lgbm,2026-03-09,104,risk_eval,A-Z,False,False,False
750101310448,CCUL,1,2026-03-16,0.0,0.0,0.0,1.3034024003170668,2.3847331460970462,lgbm,2026-03-09,104,risk_eval,A-Z,False,False,False
750101310448,CCUL,2,2026-03-23,0.0,0.0,0.00027596383403405986,1.267671272213419,2.4953111763205835,lgbm,2026-03-09,104,risk_eval,A-Z,False,False,False
750101310448,CCUL,3,2026-03-30,0.0,0.0,0.0,1.389154637021901,2.8070360572516613,lgbm,2026-03-09,104,risk_eval,A-Z,False,False,False
750101310448,CCUL,4,2026-04-06,0.0,0.0,0.0,1.3396478352686798,2.177550017067378,lgbm,2026-03-09,104,risk_eval,A-Z,False,False,False
750101310448,CCUL,5,2026-04-13,0.0,0.0,0.001471485577717994,1.3055036896420638,6.804623192471836,lgbm,2026-03-09,104,risk_eval,A-Z,False,False,False
750101310448,CCUL,6,2026-04-20,0.0,0.0,0.0,1.2562787440700331,6.820119235564423,lgbm,2026-03-09,104,risk_eval,A-Z,False,False,False
750101310448,CCUL,7,2026-04-27,0.0,0.0,0.0,1.280179713444038,6.8288644616539464,lgbm,2026-03-09,104,risk_eval,A-Z,False,False,False
750101310448,CCUL,8,2026-05-04,0.0,0.0,0.0,1.2904498288226351,6.829550992906217,lgbm,2026-03-09,104,risk_eval,A-Z,False,False,False
750101310448,CMD2,1,2026-03-16,0.0,0.0,0.9312006020278417,20.706098071053855,28.825567094678192,lgbm,2026-03-09,104,risk_eval,A-Z,True,False,False
750101310448,CMD2,2,2026-03-23,0.0,0.0,0.523857139525868,19.1133392378557,30.285880939711262,lgbm,2026-03-09,104,risk_eval,A-Z,True,False,False
750101310448,CMD2,3,2026-03-30,0.0,0.0,0.6890132053076555,20.65169568240246,32.6490954787441,lgbm,2026-03-09,104,risk_eval,A-Z,True,False,False
750101310448,CMD2,4,2026-04-06,0.0,0.0,0.5229408831462625,20.63000668559367,32.00188177868855,lgbm,2026-03-09,104,risk_eval,A-Z,True,False,False
750101310448,CMD2,5,2026-04-13,0.0,0.0,0.5205315767908559,21.51502631880313,32.51332971197986,lgbm,2026-03-09,104,risk_eval,A-Z,True,False,False
750101310448,CMD2,6,2026-04-20,0.0,0.0,0.4495708284946114,21.20883499103084,32.45677777315224,lgbm,2026-03-09,104,risk_eval,A-Z,True,False,False
750101310448,CMD2,7,2026-04-27,0.0,0.0,0.3349086597691828,21.650529676892464,32.91998031879614,lgbm,2026-03-09,104,risk_eval,A-Z,True,False,False
750101310448,CMD2,8,2026-05-04,0.0,0.0,0.28105667959808744,21.08624962353995,32.60072439110341,lgbm,2026-03-09,104,risk_eval,A-Z,True,False,False
750101310448,TLJ,1,2026-03-16,0.0,0.0,7.9713877212286235,14.174673891510194,31.638129395267185,lgbm,2026-03-09,104,risk_eval,A-Z,True,False,False
750101310448,TLJ,2,2026-03-23,0.0,0.0,7.847251038986731,13.810428706144725,31.749592733101053,lgbm,2026-03-09,104,risk_eval,A-Z,True,False,False
750101310448,TLJ,3,2026-03-30,0.0,0.0,7.795947240149758,26.05202489975219,31.913648436460505,lgbm,2026-03-09,104,risk_eval,A-Z,True,False,False
750101310448,TLJ,4,2026-04-06,0.0,0.0,7.989040233869895,26.131954368923456,31.587050507404278,lgbm,2026-03-09,104,risk_eval,A-Z,True,False,False
750101310448,TLJ,5,2026-04-13,0.0,0.0,8.071215121146327,26.212424519075313,35.80141705448639,lgbm,2026-03-09,104,risk_eval,A-Z,True,False,False
750101310448,TLJ,6,2026-04-20,0.0,0.0,8.096134592886267,26.150448172601582,35.75435974896846,lgbm,2026-03-09,104,risk_eval,A-Z,True,False,False
750101310448,TLJ,7,2026-04-27,0.0,0.0,8.770509904817866,26.224653936798433,31.602794689596536,lgbm,2026-03-09,104,risk_eval,A-Z,True,False,False
750101310448,TLJ,8,2026-05-04,0.0,0.0,9.606597093861081,26.145706407877466,31.58125116311713,lgbm,2026-03-09,104,risk_eval,A-Z,True,False,False
750101310449,CCUL,1,2026-03-16,130.45010350203952,139.4848880364263,217.33156332240742,290.31086878220805,305.8675376508071,lgbm,2026-03-09,104,risk_eval,A-Z,False,False,False
750101310449,CCUL,2,2026-03-23,134.45134993165001,151.3399028189467,201.555775366496,285.3154922491423,306.43176960332454,lgbm,2026-03-09,104,risk_eval,A-Z,False,False,False
750101310449,CCUL,3,2026-03-30,126.95491472247363,151.7612616747815,201.1977764578631,267.6328101565691,306.63751960170634,lgbm,2026-03-09,104,risk_eval,A-Z,False,False,False
750101310449,CCUL,4,2026-04-06,125.69485420240255,138.3111407852208,210.95673278540198,299.1255409612089,310.6551684506604,lgbm,2026-03-09,104,risk_eval,A-Z,False,False,False
750101310449,CCUL,5,2026-04-13,118.57799200375125,137.82753703468842,208.87250780950183,291.22337526294456,309.1949842770958,lgbm,2026-03-09,104,risk_eval,A-Z,False,False,False
750101310449,CCUL,6,2026-04-20,118.77336415482385,138.58249480214107,207.4474241054903,285.91879536063664,307.40594789573703,lgbm,2026-03-09,104,risk_eval,A-Z,False,False,False
750101310449,CCUL,7,2026-04-27,111.99219745481733,131.39016783515171,208.7507119291264,283.68354548407086,302.3993901846342,lgbm,2026-03-09,104,risk_eval,A-Z,False,False,False
750101310449,CCUL,8,2026-05-04,114.51931645437674,137.50505261063086,205.55607787398654,284.6862624212458,308.9159886499161,lgbm,2026-03-09,104,risk_eval,A-Z,False,False,False
750101310449,CMD2,1,2026-03-16,1904.3031501198936,2158.0269430967164,2514.021587440263,2841.4652930353222,3101.854923503488,lgbm,2026-03-09,104,risk_eval,A-Z,False,False,False
750101310449,CMD2,2,2026-03-23,1963.755108813393,2137.0873563131245,2362.239177306513,2707.329745343514,3012.4233616868,lgbm,2026-03-09,104,risk_eval,A-Z,False,False,False
750101310449,CMD2,3,2026-03-30,1888.3022888208022,2168.1720308025833,2380.6395556273537,2728.2499156168105,3174.4637495267484,lgbm,2026-03-09,104,risk_eval,A-Z,False,False,False
750101310449,CMD2,4,2026-04-06,1747.4821258920574,1931.362247179819,2424.6511696814505,2898.45876294023,3103.3689011164292,lgbm,2026-03-09,104,risk_eval,A-Z,False,False,False
750101310449,CMD2,5,2026-04-13,1806.88783924667,2036.4496965550393,2453.5246893788203,2928.837556684705,3161.5350228207553,lgbm,2026-03-09,104,risk_eval,A-Z,False,False,False
750101310449,CMD2,6,2026-04-20,1781.7384455503932,1998.001672052394,2444.6687035885548,2863.6653654457336,3190.806486439489,lgbm,2026-03-09,104,risk_eval,A-Z,False,False,False
750101310449,CMD2,7,2026-04-27,1806.7216754323188,2173.693586038527,2524.1619048065536,2839.012184971127,3279.646492640253,lgbm,2026-03-09,104,risk_eval,A-Z,False,False,False
750101310449,CMD2,8,2026-05-04,1688.3055325202918,1948.7692288276924,2442.367589969847,2877.008433537751,3242.0364518610295,lgbm,2026-03-09,104,risk_eval,A-Z,False,False,False
750101310449,CMTY,1,2026-03-16,185.30277468395434,206.15530684112423,294.85997161194433,371.8844692682448,414.0587135318166,lgbm,2026-03-09,104,risk_eval,A-Z,False,False,False
750101310449,CMTY,2,2026-03-23,182.9315447677044,220.98246418264318,272.2729784823044,325.64656429349355,408.5842889564534,lgbm,2026-03-09,104,risk_eval,A-Z,False,False,False
750101310449,CMTY,3,2026-03-30,176.2892809029861,222.26554523603738,265.80331766925906,325.5440326106166,421.1840178552512,lgbm,2026-03-09,104,risk_eval,A-Z,False,False,False
750101310449,CMTY,4,2026-04-06,168.2193068114483,190.20658891000494,277.13799774278783,367.67161421272743,417.115747315103,lgbm,2026-03-09,104,risk_eval,A-Z,False,False,False
750101310449,CMTY,5,2026-04-13,165.3761669795113,187.83865894327516,277.25007022413234,370.82608275584107,422.15600893735507,lgbm,2026-03-09,104,risk_eval,A-Z,False,False,False
750101310449,CMTY,6,2026-04-20,165.92075294981817,192.826749482145,275.11879203919034,366.23193986613165,426.1604641631944,lgbm,2026-03-09,104,risk_eval,A-Z,False,False,False
750101310449,CMTY,7,2026-04-27,168.09071706857824,206.33327764657412,285.5103786255296,372.41266573574023,436.7942380211412,lgbm,2026-03-09,104,risk_eval,A-Z,False,False,False
750101310449,CMTY,8,2026-05-04,159.16513619158687,185.02749140654507,270.8507248943793,366.11390998710846,424.54435497190286,lgbm,2026-03-09,104,risk_eval,A-Z,False,False,False
750101310449,MXLI,1,2026-03-16,108.38266657360336,111.61530164742705,192.32212040538232,261.25965576647593,268.37547143589654,lgbm,2026-03-09,104,risk_eval,A-Z,False,False,False
750101310449,MXLI,2,2026-03-23,105.45332577134198,123.9545399243095,179.2024156169767,230.71619670153353,261.1410176093232,lgbm,2026-03-09,104,risk_eval,A-Z,False,False,False
750101310449,MXLI,3,2026-03-30,103.89846649095765,137.16444682467343,186.08458899757068,235.1906613206999,289.7853521641138,lgbm,2026-03-09,104,risk_eval,A-Z,False,False,False
750101310449,MXLI,4,2026-04-06,99.45543164115172,111.33996907720427,184.32560617345817,260.754069925105,275.2561927438383,lgbm,2026-03-09,104,risk_eval,A-Z,False,False,False
750101310449,MXLI,5,2026-04-13,93.42015331336042,114.08061927344214,183.8750987692541,252.71339936934993,275.17556588060944,lgbm,2026-03-09,104,risk_eval,A-Z,False,False,False
750101310449,MXLI,6,2026-04-20,96.43638143337583,114.54834617084258,182.04032215069992,247.3793108420491,273.68558010685354,lgbm,2026-03-09,104,risk_eval,A-Z,False,False,False
750101310449,MXLI,7,2026-04-27,93.19457026147411,110.17655951540934,187.36663072540364,259.9432828074584,285.94399978131,lgbm,2026-03-09,104,risk_eval,A-Z,False,False,False
750101310449,MXLI,8,2026-05-04,94.4329464823938,110.87591320102028,181.63972190365314,253.3965173275069,278.24011992184717,lgbm,2026-03-09,104,risk_eval,A-Z,False,False,False
750101310449,TLJ,1,2026-03-16,233.5536764796114,254.03387156914067,358.8599087660456,445.1601471565944,474.8347480481482,lgbm,2026-03-09,104,risk_eval,A-Z,False,False,False
750101310449,TLJ,2,2026-03-23,225.35325764382904,254.28622356814543,335.3205368834307,412.912436252725,471.4894589160833,lgbm,2026-03-09,104,risk_eval,A-Z,False,False,False
750101310449,TLJ,3,2026-03-30,221.76212219650552,253.5683332342182,337.9850281764124,430.4624593961483,492.7581438247595,lgbm,2026-03-09,104,risk_eval,A-Z,False,False,False
750101310449,TLJ,4,2026-04-06,211.04057006163492,232.9670464086197,343.49954772250874,451.9514192000141,480.788585360403,lgbm,2026-03-09,104,risk_eval,A-Z,False,False,False
750101310449,TLJ,5,2026-04-13,205.49941622837173,236.65130571037415,346.267608958563,448.7028898609011,491.7711501079187,lgbm,2026-03-09,104,risk_eval,A-Z,False,False,False
750101310449,TLJ,6,2026-04-20,212.55480278308025,235.47651848224996,345.45448202492236,453.2204018197573,495.0942522002381,lgbm,2026-03-09,104,risk_eval,A-Z,False,False,False
750101310449,TLJ,7,2026-04-27,208.5806906039303,247.74954659067515,357.0565521372054,457.361532859072,510.6173345433902,lgbm,2026-03-09,104,risk_eval,A-Z,False,False,False
750101310449,TLJ,8,2026-05-04,208.5610072792715,235.2715515217259,344.79809554321173,451.54272282439877,500.6832586701228,lgbm,2026-03-09,104,risk_eval,A-Z,False,False,False
750101310449,VHSA,1,2026-03-16,188.69342024171902,191.22392485155575,299.0343501178039,394.0334335077748,408.60980836591125,lgbm,2026-03-09,104,risk_eval,A-Z,False,False,False
750101310449,VHSA,2,2026-03-23,183.9502011364831,214.30983518275835,274.63117116359325,331.15034015653475,393.7325503682036,lgbm,2026-03-09,104,risk_eval,A-Z,False,False,False
750101310449,VHSA,3,2026-03-30,173.14180313226797,207.67092263430516,270.5098042583756,334.07894342873306,404.86356263219693,lgbm,2026-03-09,104,risk_eval,A-Z,False,False,False
750101310449,VHSA,4,2026-04-06,175.29778340452256,195.4459284126973,287.26242439597553,379.0233706107413,403.5833812983558,lgbm,2026-03-09,104,risk_eval,A-Z,False,False,False
750101310449,VHSA,5,2026-04-13,165.5472494024881,186.0086634555389,283.95969017378764,380.5946232955859,410.7915463182311,lgbm,2026-03-09,104,risk_eval,A-Z,False,False,False
750101310449,VHSA,6,2026-04-20,177.56622648280918,194.0063066158321,288.2841924220476,392.9318326188023,422.8395863618752,lgbm,2026-03-09,104,risk_eval,A-Z,False,False,False
750101310449,VHSA,7,2026-04-27,161.3974096294553,186.82906522808844,293.68297946421677,379.39813736933746,414.72552592604285,lgbm,2026-03-09,104,risk_eval,A-Z,False,False,False
750101310449,VHSA,8,2026-05-04,177.15690764487078,196.56317053674314,291.6371247297411,396.8737048337148,431.0189765843555,lgbm,2026-03-09,104,risk_eval,A-Z,False,False,False
750101310470,VHSA,1,2026-03-16,166.94765384862782,191.52697168019205,281.31486022372457,347.28826185689996,398.5584877803436,lgbm,2026-03-09,104,risk_eval,A-X,False,False,False
750101310470,VHSA,2,2026-03-23,166.8315682394757,191.33896750120587,279.1779794196548,324.24309878253047,411.82446107526937,lgbm,2026-03-09,104,risk_eval,A-X,False,False,False
750101310470,VHSA,3,2026-03-30,153.58361905341644,187.2108685763527,290.5707545093341,352.460279026182,437.6204048791311,lgbm,2026-03-09,104,risk_eval,A-X,False,False,False
750101310470,VHSA,4,2026-04-06,155.976866452278,178.28456425146834,278.49915806010887,374.2453005131776,422.2468010975357,lgbm,2026-03-09,104,risk_eval,A-X,False,False,False
750101310470,VHSA,5,2026-04-13,143.64060085765604,172.5026637375031,277.11530407888915,377.4572018396178,435.1032945064974,lgbm,2026-03-09,104,risk_eval,A-X,False,False,False
750101310470,VHSA,6,2026-04-20,156.63904963458003,175.07210010666535,277.66170439611864,379.2583292628564,430.99647409005985,lgbm,2026-03-09,104,risk_eval,A-X,False,False,False
750101310470,VHSA,7,2026-04-27,153.26143682905666,176.37323491979075,283.37718098487426,386.28446658744156,434.85498027469146,lgbm,2026-03-09,104,risk_eval,A-X,False,False,False
750101310470,VHSA,8,2026-05-04,149.3256667956517,174.47019938989078,276.1873913193124,382.7358581969794,429.06937529653965,lgbm,2026-03-09,104,risk_eval,A-X,False,False,False
750101310471,VHSA,1,2026-03-16,0.0,115.51789022522662,208.71346643153052,338.3283528778166,1240.6521619063715,lgbm,2026-03-09,104,risk_eval,A-Y,False,False,False
750101310471,VHSA,2,2026-03-23,83.7834724243644,103.27469714603949,203.51387245550868,357.58578466473836,374.34755106509704,lgbm,2026-03-09,104,risk_eval,A-Y,False,False,False
750101310471,VHSA,3,2026-03-30,103.3542777704258,117.33768231224124,198.66531155128584,320.0164078890552,377.29106682150683,lgbm,2026-03-09,104,risk_eval,A-Y,False,False,False
750101310471,VHSA,4,2026-04-06,0.0,95.15238633679833,201.31538387586883,354.4550620723982,1251.9666291283534,lgbm,2026-03-09,104,risk_eval,A-Y,False,False,False
750101310471,VHSA,5,2026-04-13,0.0,91.33862427520131,198.81433051847924,374.2503242610435,1263.051198762032,lgbm,2026-03-09,104,risk_eval,A-Y,False,False,False
750101310471,VHSA,6,2026-04-20,0.0,85.0443825611448,201.27124130982426,379.90433574102985,1265.2700481715692,lgbm,2026-03-09,104,risk_eval,A-Y,False,False,False
750101310471,VHSA,7,2026-04-27,0.0,98.80535830820399,205.78787679735018,389.3870007681291,1274.1823036433443,lgbm,2026-03-09,104,risk_eval,A-Y,False,False,False
750101310471,VHSA,8,2026-05-04,0.0,74.80181020370776,199.42751443150172,386.8735786607305,1266.7377672676837,lgbm,2026-03-09,104,risk_eval,A-Y,False,False,False
750101310473,CCUL,1,2026-03-16,313.1170320836127,318.98410163753863,462.201955011642,638.4641511716874,680.7724525680719,lgbm,2026-03-09,104,risk_eval,A-Y,False,False,False
750101310473,CCUL,2,2026-03-23,286.3983654876206,328.74801798093915,407.39972066420586,538.2898153810488,708.005395711267,lgbm,2026-03-09,104,risk_eval,A-Y,False,False,False
750101310473,CCUL,3,2026-03-30,272.9225201555861,300.04066235928894,421.7626192231635,578.5756349829114,686.1647718036235,lgbm,2026-03-09,104,risk_eval,A-Y,False,False,False
750101310473,CCUL,4,2026-04-06,233.96515227258647,253.28068680920126,426.71287496344786,663.1136204732194,674.8537344932251,lgbm,2026-03-09,104,risk_eval,A-Y,False,False,False
750101310473,CCUL,5,2026-04-13,232.95595284794746,246.4899023449517,451.20455276386417,744.7608513329894,752.6401554538602,lgbm,2026-03-09,104,risk_eval,A-Y,False,False,False
750101310473,CCUL,6,2026-04-20,210.0403782902172,229.77428501866683,416.76180540045686,682.4940323886865,689.7368078197651,lgbm,2026-03-09,104,risk_eval,A-Y,False,False,False
750101310473,CCUL,7,2026-04-27,260.72253318901505,272.70731471700503,481.86042916600303,773.0273039589991,786.5722895671273,lgbm,2026-03-09,104,risk_eval,A-Y,False,False,False
750101310473,CCUL,8,2026-05-04,230.35210570249106,247.61397213537307,473.9161903094319,789.7144623058578,793.8125640535327,lgbm,2026-03-09,104,risk_eval,A-Y,False,False,False
750101310473,CMTY,1,2026-03-16,636.8946358956879,648.8586949292318,815.3159920120262,1009.7816607674838,1118.3470750406639,lgbm,2026-03-09,104,risk_eval,A-Y,False,False,False
750101310473,CMTY,2,2026-03-23,589.9576803151211,664.7520992075811,719.3421785043641,801.4519397642578,1105.7472038350759,lgbm,2026-03-09,104,risk_eval,A-Y,False,False,False
750101310473,CMTY,3,2026-03-30,545.0854712797503,635.3876492705299,745.8856969951554,886.8219588964114,1220.0280952332787,lgbm,2026-03-09,104,risk_eval,A-Y,False,False,False
750101310473,CMTY,4,2026-04-06,491.59258159007675,517.450981905342,772.0682110173883,1074.6273687369235,1099.9774075665332,lgbm,2026-03-09,104,risk_eval,A-Y,False,False,False
750101310473,CMTY,5,2026-04-13,490.1629649223338,518.2901748527087,784.3067800927759,1109.710873406818,1148.8734510348304,lgbm,2026-03-09,104,risk_eval,A-Y,False,False,False
750101310473,CMTY,6,2026-04-20,463.82983102493415,480.55022540923164,739.1945254188918,1068.135049848885,1068.9064737453893,lgbm,2026-03-09,104,risk_eval,A-Y,False,False,False
750101310473,CMTY,7,2026-04-27,543.9453759250388,562.7456808474213,811.3332816359673,1139.534914219421,1199.8753678409307,lgbm,2026-03-09,104,risk_eval,A-Y,False,False,False
750101310473,CMTY,8,2026-05-04,483.2189445885555,503.17238051677435,796.8876423959265,1206.3626674544917,1207.3754741852795,lgbm,2026-03-09,104,risk_eval,A-Y,False,False,False
750101310473,MXLI,1,2026-03-16,109.37266517964385,111.44557436647125,191.62975165619616,267.3095514244285,281.8524218827058,lgbm,2026-03-09,104,risk_eval,A-Y,False,False,False
750101310473,MXLI,2,2026-03-23,109.1361852464092,122.604339640463,173.3676937419365,222.26346289124422,287.5016235802304,lgbm,2026-03-09,104,risk_eval,A-Y,False,False,False
750101310473,MXLI,3,2026-03-30,93.98232508801733,109.83391587433613,172.16026829257942,217.5968713870181,294.7914735014404,lgbm,2026-03-09,104,risk_eval,A-Y,False,False,False
750101310473,MXLI,4,2026-04-06,91.5823086492168,98.64115674540497,173.89337745781654,265.9014108910141,267.79023595648374,lgbm,2026-03-09,104,risk_eval,A-Y,False,False,False
750101310473,MXLI,5,2026-04-13,92.39982670094295,95.67147543411855,175.94779717095048,267.90507983119164,272.6299018624142,lgbm,2026-03-09,104,risk_eval,A-Y,False,False,False
750101310473,MXLI,6,2026-04-20,84.52685722161138,92.83132498502178,172.77701632792565,266.5905163165268,267.26931061378093,lgbm,2026-03-09,104,risk_eval,A-Y,False,False,False
750101310473,MXLI,7,2026-04-27,87.79637512858741,97.83671853838447,179.58013487966736,268.33090488917077,300.4493351531961,lgbm,2026-03-09,104,risk_eval,A-Y,False,False,False
750101310473,MXLI,8,2026-05-04,94.84929028448067,95.85105060159377,183.24511407310428,288.1717032857091,297.2551130724355,lgbm,2026-03-09,104,risk_eval,A-Y,False,False,False
750101310473,TLJ,1,2026-03-16,203.5991980648389,211.11287942928143,301.4136519852452,414.88828134157774,429.5757418990805,lgbm,2026-03-09,104,risk_eval,A-Y,False,False,False
750101310473,TLJ,2,2026-03-23,192.05161240861065,213.4356799011734,271.01806611980226,332.9647048278497,438.8062208619094,lgbm,2026-03-09,104,risk_eval,A-Y,False,False,False
750101310473,TLJ,3,2026-03-30,172.30988877748808,189.79250701428782,272.53276219960696,355.34287359752324,461.99918319080365,lgbm,2026-03-09,104,risk_eval,A-Y,False,False,False
750101310473,TLJ,4,2026-04-06,169.45368304818106,173.2459302670329,282.01118347250525,425.07409824617827,451.8294810118393,lgbm,2026-03-09,104,risk_eval,A-Y,False,False,False
750101310473,TLJ,5,2026-04-13,163.99114388446617,165.23697337491376,283.0015054160076,438.6743743686234,459.1611837199364,lgbm,2026-03-09,104,risk_eval,A-Y,False,False,False
750101310473,TLJ,6,2026-04-20,156.55451863431725,157.7259272730285,276.5292330834652,423.4219065177383,447.32749656189617,lgbm,2026-03-09,104,risk_eval,A-Y,False,False,False
750101310473,TLJ,7,2026-04-27,176.57646433630188,182.01895773843245,294.5588937821208,443.2493557037311,458.81171487234167,lgbm,2026-03-09,104,risk_eval,A-Y,False,False,False
750101310473,TLJ,8,2026-05-04,167.42208866020337,168.86762885800556,293.56047841718413,436.23968225640283,455.09263906926293,lgbm,2026-03-09,104,risk_eval,A-Y,False,False,False
750101310473,VHSA,1,2026-03-16,399.0023121059281,402.29269991367465,568.3421900771291,787.527707294677,821.6473177812919,lgbm,2026-03-09,104,risk_eval,A-Y,False,False,False
750101310473,VHSA,2,2026-03-23,372.41743195398584,432.7479480464329,509.1847145225962,626.8227740135889,839.603495458419,lgbm,2026-03-09,104,risk_eval,A-Y,False,False,False
750101310473,VHSA,3,2026-03-30,334.8076399480932,396.56482951032365,505.1562087443233,646.0627478496826,898.6026294920824,lgbm,2026-03-09,104,risk_eval,A-Y,False,False,False
750101310473,VHSA,4,2026-04-06,324.5619584482035,332.460126260772,531.9911653740639,807.2222211354413,858.2227969229856,lgbm,2026-03-09,104,risk_eval,A-Y,False,False,False
750101310473,VHSA,5,2026-04-13,334.3128807253881,342.96255288152753,539.7077515997964,816.8693228205422,872.963168943087,lgbm,2026-03-09,104,risk_eval,A-Y,False,False,False
750101310473,VHSA,6,2026-04-20,296.57188748422317,302.4277913812697,526.1456192910796,801.4743383442857,846.3572138895256,lgbm,2026-03-09,104,risk_eval,A-Y,False,False,False
750101310473,VHSA,7,2026-04-27,339.83464470345695,365.48615444038535,553.8757017769403,803.4225015463151,872.3896454069385,lgbm,2026-03-09,104,risk_eval,A-Y,False,False,False
750101310473,VHSA,8,2026-05-04,334.9101107195927,354.3689780557736,570.321694374241,801.6867838626578,851.1323884635651,lgbm,2026-03-09,104,risk_eval,A-Y,False,False,False
750101310474,CCUL,1,2026-03-16,151.53969293553254,169.643936958625,244.53341747202876,318.7530215457681,350.8450996964496,lgbm,2026-03-09,104,risk_eval,A-Y,False,False,False
750101310474,CCUL,2,2026-03-23,140.53571253509705,182.4521320791849,214.5820753520636,253.96220588150328,357.3422962280081,lgbm,2026-03-09,104,risk_eval,A-Y,False,False,False
750101310474,CCUL,3,2026-03-30,128.09246334176666,172.10355546506813,221.5259653139244,261.7787584762082,367.88463141238356,lgbm,2026-03-09,104,risk_eval,A-Y,False,False,False
750101310474,CCUL,4,2026-04-06,128.04875000557294,143.08049648004945,230.30633108002414,315.1030771224761,336.8508605865825,lgbm,2026-03-09,104,risk_eval,A-Y,False,False,False
750101310474,CCUL,5,2026-04-13,122.92639074244482,142.91738223377854,236.8069663769815,334.4778456959896,365.33212007916757,lgbm,2026-03-09,104,risk_eval,A-Y,False,False,False
750101310474,CCUL,6,2026-04-20,114.51491415946863,127.38498914836387,219.76670233780308,310.24630465684345,337.009099618706,lgbm,2026-03-09,104,risk_eval,A-Y,False,False,False
750101310474,CCUL,7,2026-04-27,127.73265867938068,149.90060464483912,236.10657869510308,334.55188350643164,372.39588823468966,lgbm,2026-03-09,104,risk_eval,A-Y,False,False,False
750101310474,CCUL,8,2026-05-04,119.76543098800619,135.35592830925955,239.80133488173416,333.1269863055513,369.3493819352584,lgbm,2026-03-09,104,risk_eval,A-Y,False,False,False
750101310474,CMD2,1,2026-03-16,1086.0586777294955,1206.3059945918294,1448.3423776684754,1856.782948596936,2037.5501175165377,lgbm,2026-03-09,104,risk_eval,A-Y,False,False,False
750101310474,CMD2,2,2026-03-23,1002.3059289984357,1161.5169891040448,1299.961512373177,1449.5049797959848,1998.8416689809083,lgbm,2026-03-09,104,risk_eval,A-Y,False,False,False
750101310474,CMD2,3,2026-03-30,920.9694493800237,1176.136255459267,1272.7809295928437,1512.7427249553805,2183.427535659277,lgbm,2026-03-09,104,risk_eval,A-Y,False,False,False
750101310474,CMD2,4,2026-04-06,861.5364281354292,972.5761392368966,1398.3876845249113,1858.441236355212,2023.2557876833152,lgbm,2026-03-09,104,risk_eval,A-Y,False,False,False
750101310474,CMD2,5,2026-04-13,871.7740176009947,986.9596987277394,1402.7524797070441,1926.4916300769992,2073.539601178479,lgbm,2026-03-09,104,risk_eval,A-Y,False,False,False
750101310474,CMD2,6,2026-04-20,758.5845777875625,859.7873742495707,1319.2960752540203,1821.2257552990923,1940.1439280299167,lgbm,2026-03-09,104,risk_eval,A-Y,False,False,False
750101310474,CMD2,7,2026-04-27,875.0667528821356,1080.6394935805213,1392.562273286111,1910.5255246254414,2126.6534337540224,lgbm,2026-03-09,104,risk_eval,A-Y,False,False,False
750101310474,CMD2,8,2026-05-04,867.5370617436513,971.5578471233789,1446.254382557501,1924.1647939936106,2097.159012289498,lgbm,2026-03-09,104,risk_eval,A-Y,False,False,False
750101310474,CMTY,1,2026-03-16,803.6554101291539,876.0084151667281,1042.983605206418,1285.2258570226,1416.9319026235873,lgbm,2026-03-09,104,risk_eval,A-Y,False,False,False
750101310474,CMTY,2,2026-03-23,748.078141805764,866.4096107512512,930.7829734920879,986.3686936254425,1396.773460462275,lgbm,2026-03-09,104,risk_eval,A-Y,False,False,False
750101310474,CMTY,3,2026-03-30,687.7297623560532,865.4875474660909,956.4604450967634,1036.2264815181418,1470.6252407724196,lgbm,2026-03-09,104,risk_eval,A-Y,False,False,False
750101310474,CMTY,4,2026-04-06,637.825582248599,717.7746338358812,1017.814866897956,1287.3261359547944,1415.7051399885192,lgbm,2026-03-09,104,risk_eval,A-Y,False,False,False
750101310474,CMTY,5,2026-04-13,655.1171181310034,720.8768217210911,1030.3953502937484,1353.4603192099603,1434.8657492117677,lgbm,2026-03-09,104,risk_eval,A-Y,False,False,False
750101310474,CMTY,6,2026-04-20,575.591412578293,631.0894330574063,966.378933855404,1276.2038253782644,1351.0072188467989,lgbm,2026-03-09,104,risk_eval,A-Y,False,False,False
750101310474,CMTY,7,2026-04-27,675.1530738909685,759.6085390588892,1018.9407172815128,1367.9324292391022,1464.9486586527312,lgbm,2026-03-09,104,risk_eval,A-Y,False,False,False
750101310474,CMTY,8,2026-05-04,638.7334984545475,696.036148375987,1058.7854272616028,1364.8652379105365,1494.9039173202868,lgbm,2026-03-09,104,risk_eval,A-Y,False,False,False
750101310474,MXLI,1,2026-03-16,80.61482253009208,83.94413600839188,131.11205382477002,183.84218635636435,196.41334805200847,lgbm,2026-03-09,104,risk_eval,A-Y,False,False,False
750101310474,MXLI,2,2026-03-23,74.71778238660967,95.22476714168657,120.52023289449664,144.78173127594587,202.15084592834782,lgbm,2026-03-09,104,risk_eval,A-Y,False,False,False
750101310474,MXLI,3,2026-03-30,63.1767520647864,82.06533221019187,121.08259450896755,153.7408097345798,208.0957201455854,lgbm,2026-03-09,104,risk_eval,A-Y,False,False,False
750101310474,MXLI,4,2026-04-06,60.87706855544802,67.24714131208746,125.02125443989506,185.9942703443886,197.47680149941993,lgbm,2026-03-09,104,risk_eval,A-Y,False,False,False
750101310474,MXLI,5,2026-04-13,61.08827773851438,64.39511625302359,125.99805908479608,193.1705053054181,198.5353351447269,lgbm,2026-03-09,104,risk_eval,A-Y,False,False,False
750101310474,MXLI,6,2026-04-20,56.26197576691921,57.62128075589731,119.24215084929789,182.5209549585549,188.50645715828963,lgbm,2026-03-09,104,risk_eval,A-Y,False,False,False
750101310474,MXLI,7,2026-04-27,61.5215591373736,69.35134699675702,126.59863868537704,193.9706115785591,207.87112919359214,lgbm,2026-03-09,104,risk_eval,A-Y,False,False,False
750101310474,MXLI,8,2026-05-04,58.09705375783521,65.62151603802738,132.42532365216888,194.22413941855763,213.75494819185923,lgbm,2026-03-09,104,risk_eval,A-Y,False,False,False
750101310474,TLJ,1,2026-03-16,204.64668727290726,213.05512167150215,301.6929787454344,406.81364748403075,433.7781012539005,lgbm,2026-03-09,104,risk_eval,A-Y,False,False,False
750101310474,TLJ,2,2026-03-23,188.12136686541092,220.24525280969925,268.15209416845744,324.6982185893814,440.2969380337265,lgbm,2026-03-09,104,risk_eval,A-Y,False,False,False
750101310474,TLJ,3,2026-03-30,163.9424960262882,195.2628249413704,270.78577896423457,347.6677594815625,471.3240245995883,lgbm,2026-03-09,104,risk_eval,A-Y,False,False,False
750101310474,TLJ,4,2026-04-06,148.46232191378851,169.0009771636411,286.25328576591323,417.4099335969459,455.31014382206115,lgbm,2026-03-09,104,risk_eval,A-Y,False,False,False
750101310474,TLJ,5,2026-04-13,152.15350125916672,164.3336404359094,292.237598003505,438.8190074744251,466.63554209750976,lgbm,2026-03-09,104,risk_eval,A-Y,False,False,False
750101310474,TLJ,6,2026-04-20,141.16668927543535,162.1108358557151,283.8100456400949,416.9501178057872,456.7925453914354,lgbm,2026-03-09,104,risk_eval,A-Y,False,False,False
750101310474,TLJ,7,2026-04-27,157.20706415112767,186.22692599950136,291.8106112878892,424.88300344843617,466.0645701409496,lgbm,2026-03-09,104,risk_eval,A-Y,False,False,False
750101310474,TLJ,8,2026-05-04,150.82106305410247,158.33655465233875,296.4694791135473,424.33664167281626,457.60975698853474,lgbm,2026-03-09,104,risk_eval,A-Y,False,False,False
750101310474,VHSA,1,2026-03-16,266.534400610555,281.60835638921645,400.7626596352285,536.0606086057635,583.6088512036033,lgbm,2026-03-09,104,risk_eval,A-Y,False,False,False
750101310474,VHSA,2,2026-03-23,251.6134645070616,313.3398043524687,356.4972020421419,402.561953369276,585.5423550187224,lgbm,2026-03-09,104,risk_eval,A-Y,False,False,False
750101310474,VHSA,3,2026-03-30,225.0391456610849,283.95728554281857,362.85404457668784,425.7096987426149,605.0852255836774,lgbm,2026-03-09,104,risk_eval,A-Y,False,False,False
750101310474,VHSA,4,2026-04-06,217.54254476036488,251.69045476325624,384.28912210521895,532.8657984364904,597.3289130145172,lgbm,2026-03-09,104,risk_eval,A-Y,False,False,False
750101310474,VHSA,5,2026-04-13,214.31773026657584,240.09715655813915,389.7775531570185,558.8275926743726,609.4693813524448,lgbm,2026-03-09,104,risk_eval,A-Y,False,False,False
750101310474,VHSA,6,2026-04-20,207.38732799280496,244.36938157319713,376.9629445766754,528.2000749093446,596.0111491249431,lgbm,2026-03-09,104,risk_eval,A-Y,False,False,False
750101310474,VHSA,7,2026-04-27,220.52377598948203,251.94494819398392,389.2244985163918,558.3353799555464,619.350528522341,lgbm,2026-03-09,104,risk_eval,A-Y,False,False,False
750101310474,VHSA,8,2026-05-04,208.31543087399393,227.8662942748711,404.12014119057426,542.5669465813326,605.9604786303601,lgbm,2026-03-09,104,risk_eval,A-Y,False,False,False
750101310475,CCUL,1,2026-03-16,289.376756825372,296.86365355316264,456.0478401171917,627.9158394385975,635.8371405373697,lgbm,2026-03-09,104,risk_eval,A-Y,False,False,False
750101310475,CCUL,2,2026-03-23,261.88356355357786,314.26723970084856,409.15443189695867,499.37260600959905,647.6542586348284,lgbm,2026-03-09,104,risk_eval,A-Y,False,False,False
750101310475,CCUL,3,2026-03-30,250.11050225715255,301.5594372944803,408.18988966975087,512.3690495318366,674.2599285089068,lgbm,2026-03-09,104,risk_eval,A-Y,False,False,False
750101310475,CCUL,4,2026-04-06,239.75213697648945,249.23753542047493,423.3041443822234,615.2902599932945,636.200735842057,lgbm,2026-03-09,104,risk_eval,A-Y,False,False,False
750101310475,CCUL,5,2026-04-13,248.168832708085,254.5826272879374,415.81630967749925,604.4384230867097,609.5979951287443,lgbm,2026-03-09,104,risk_eval,A-Y,False,False,False
750101310475,CCUL,6,2026-04-20,224.71763548022662,232.76268984128131,400.9070882061631,585.6360189195486,602.3896288870892,lgbm,2026-03-09,104,risk_eval,A-Y,False,False,False
750101310475,CCUL,7,2026-04-27,258.5775934483118,270.4736774537985,444.046740880748,679.4154678839345,684.8445787886985,lgbm,2026-03-09,104,risk_eval,A-Y,False,False,False
750101310475,CCUL,8,2026-05-04,246.53062084280887,255.84399800009982,458.2840909915524,672.6871811420931,683.1669628316807,lgbm,2026-03-09,104,risk_eval,A-Y,False,False,False
750101310475,CMD2,1,2026-03-16,831.8948766001672,920.0465546517412,1225.0210589770873,1545.87001087235,1694.7242936804478,lgbm,2026-03-09,104,risk_eval,A-Y,False,False,False
750101310475,CMD2,2,2026-03-23,763.5464439749124,918.8203745346729,1070.3554952089064,1198.656744380263,1665.5222873609075,lgbm,2026-03-09,104,risk_eval,A-Y,False,False,False
750101310475,CMD2,3,2026-03-30,715.1409595532465,878.1200823950867,1078.8850250049936,1303.012113772123,1821.177542348115,lgbm,2026-03-09,104,risk_eval,A-Y,False,False,False
750101310475,CMD2,4,2026-04-06,702.5679497086742,704.3593985623215,1120.2453566477952,1602.501602497976,1607.8077039273492,lgbm,2026-03-09,104,risk_eval,A-Y,False,False,False
750101310475,CMD2,5,2026-04-13,724.0607607753893,726.8051983775151,1119.0730861450359,1602.293971087747,1616.9817139727422,lgbm,2026-03-09,104,risk_eval,A-Y,False,False,False
750101310475,CMD2,6,2026-04-20,608.9031589052673,661.8798432551479,1062.7723999246568,1503.5412567645576,1589.92656880329,lgbm,2026-03-09,104,risk_eval,A-Y,False,False,False
750101310475,CMD2,7,2026-04-27,740.5522235634473,820.0143178048683,1167.2521648809259,1666.1454185659852,1761.1556972358796,lgbm,2026-03-09,104,risk_eval,A-Y,False,False,False
750101310475,CMD2,8,2026-05-04,717.421263090743,730.0939386883224,1218.6242268851322,1768.4404756661304,1776.0648865546839,lgbm,2026-03-09,104,risk_eval,A-Y,False,False,False
750101310475,CMTY,1,2026-03-16,603.8715442539763,675.0413312414217,863.5163189174973,1051.4460355039091,1166.3590813947349,lgbm,2026-03-09,104,risk_eval,A-Y,False,False,False
750101310475,CMTY,2,2026-03-23,553.6565439482156,676.5430569990228,758.5878544083332,806.5500230112142,1131.5622082043483,lgbm,2026-03-09,104,risk_eval,A-Y,False,False,False
750101310475,CMTY,3,2026-03-30,522.2867894545536,640.8118901398453,739.4618217081467,823.4985810379173,1160.9300678899149,lgbm,2026-03-09,104,risk_eval,A-Y,False,False,False
750101310475,CMTY,4,2026-04-06,501.4215107733162,526.7070793916805,799.4550429195623,1097.126953786517,1124.1689736721064,lgbm,2026-03-09,104,risk_eval,A-Y,False,False,False
750101310475,CMTY,5,2026-04-13,515.1154624647643,533.7941231718057,773.8693716032888,1066.0295399456927,1111.71698628562,lgbm,2026-03-09,104,risk_eval,A-Y,False,False,False
750101310475,CMTY,6,2026-04-20,443.3478707405395,503.3974683551169,757.5987096834132,1028.049463252156,1117.7315085508785,lgbm,2026-03-09,104,risk_eval,A-Y,False,False,False
750101310475,CMTY,7,2026-04-27,528.8943939991132,584.1203441067623,814.7412198171731,1109.9867937247554,1161.7553529658765,lgbm,2026-03-09,104,risk_eval,A-Y,False,False,False
750101310475,CMTY,8,2026-05-04,474.8569919598317,493.87241325131185,828.2577033189083,1221.4406462736938,1256.0386562491356,lgbm,2026-03-09,104,risk_eval,A-Y,False,False,False
750101310475,MXLI,1,2026-03-16,114.50426982576249,119.71069877953965,183.66279631661033,254.3327422102726,263.21939524853013,lgbm,2026-03-09,104,risk_eval,A-Y,False,False,False
750101310475,MXLI,2,2026-03-23,104.32666392793212,127.81208951776132,155.1636003789882,200.2413073294884,256.43075429046826,lgbm,2026-03-09,104,risk_eval,A-Y,False,False,False
750101310475,MXLI,3,2026-03-30,95.3613795294442,113.47024410591841,162.83587968080823,224.49969663464336,271.1152922286131,lgbm,2026-03-09,104,risk_eval,A-Y,False,False,False
750101310475,MXLI,4,2026-04-06,92.09166263410404,92.1040226968247,170.3970023209417,256.5600972626361,266.5930683034146,lgbm,2026-03-09,104,risk_eval,A-Y,False,False,False
750101310475,MXLI,5,2026-04-13,92.21468302552319,93.65251547947945,166.6001816072791,257.53446784478143,263.6906720478121,lgbm,2026-03-09,104,risk_eval,A-Y,False,False,False
750101310475,MXLI,6,2026-04-20,83.24194304834319,87.77757641009961,164.03742231223794,258.1346254864102,258.95703222803127,lgbm,2026-03-09,104,risk_eval,A-Y,False,False,False
750101310475,MXLI,7,2026-04-27,96.73988173809833,97.91501573865045,178.02769703614283,270.3799886627239,271.9371451352926,lgbm,2026-03-09,104,risk_eval,A-Y,False,False,False
750101310475,MXLI,8,2026-05-04,91.68932747089096,94.44076775852466,190.77095625052766,293.66095858323393,300.44122293832015,lgbm,2026-03-09,104,risk_eval,A-Y,False,False,False
750101310475,TLJ,1,2026-03-16,237.65350621214895,245.07013441476875,358.15446852146874,496.56011407840197,503.4630863221737,lgbm,2026-03-09,104,risk_eval,A-Y,False,False,False
750101310475,TLJ,2,2026-03-23,223.5217212569746,244.40404707559617,320.201774291141,415.8452980845191,511.25492631792264,lgbm,2026-03-09,104,risk_eval,A-Y,False,False,False
750101310475,TLJ,3,2026-03-30,206.20428472226217,222.68807879183794,319.0548794030032,448.9548495299001,532.3699503907128,lgbm,2026-03-09,104,risk_eval,A-Y,False,False,False
750101310475,TLJ,4,2026-04-06,188.91867736943402,189.01780084058845,340.4090425289497,520.4745841795782,526.3956459386865,lgbm,2026-03-09,104,risk_eval,A-Y,False,False,False
750101310475,TLJ,5,2026-04-13,189.2575707126516,206.60630268734968,343.720156039022,526.9569746301501,546.5680782370005,lgbm,2026-03-09,104,risk_eval,A-Y,False,False,False
750101310475,TLJ,6,2026-04-20,181.877401827247,184.1051785029203,328.72483459873536,486.8174362598413,489.92066584242855,lgbm,2026-03-09,104,risk_eval,A-Y,False,False,False
750101310475,TLJ,7,2026-04-27,210.65666229243766,219.09487816497335,348.67337991221297,532.4494926228381,532.7277862969999,lgbm,2026-03-09,104,risk_eval,A-Y,False,False,False
750101310475,TLJ,8,2026-05-04,185.7590734368222,197.259133388647,350.88273031883494,525.2512015672606,544.2201737814548,lgbm,2026-03-09,104,risk_eval,A-Y,False,False,False
750101310475,VHSA,1,2026-03-16,355.0743771886422,383.3006235285526,523.9019453021359,706.3271255560101,749.0820332068895,lgbm,2026-03-09,104,risk_eval,A-Y,False,False,False
750101310475,VHSA,2,2026-03-23,322.1713039404632,389.6876606049794,470.0014862942366,576.6459938612113,767.4444930624833,lgbm,2026-03-09,104,risk_eval,A-Y,False,False,False
750101310475,VHSA,3,2026-03-30,295.2972070309432,358.598068658896,473.2772942046537,624.8791887117276,809.355880302166,lgbm,2026-03-09,104,risk_eval,A-Y,False,False,False
750101310475,VHSA,4,2026-04-06,268.6689902144373,289.623238630787,504.07882238471564,750.0291282378731,786.0868275051,lgbm,2026-03-09,104,risk_eval,A-Y,False,False,False
750101310475,VHSA,5,2026-04-13,283.7336846155388,286.4797515639847,505.82883680505256,789.7809239366252,792.7744068001898,lgbm,2026-03-09,104,risk_eval,A-Y,False,False,False
750101310475,VHSA,6,2026-04-20,257.22708346200693,267.26282258294214,497.76567765388893,734.0571248095206,746.8861953583049,lgbm,2026-03-09,104,risk_eval,A-Y,False,False,False
750101310475,VHSA,7,2026-04-27,304.2393034623217,321.93006666775216,522.098945761023,791.6872059936085,807.4246673485112,lgbm,2026-03-09,104,risk_eval,A-Y,False,False,False
750101310475,VHSA,8,2026-05-04,276.965681300601,289.75293520871753,529.9966525087806,796.616341596075,812.5365959358489,lgbm,2026-03-09,104,risk_eval,A-Y,False,False,False
750101310478,CMD2,1,2026-03-16,3742.145370692683,4228.594543759054,5944.6110138392805,8411.91800943283,8847.350527648125,lgbm,2026-03-09,104,risk_eval,A-Y,False,False,False
750101310478,CMD2,2,2026-03-23,4094.0259845095898,4365.888840277118,5977.940426617079,7794.631415352532,8118.398762865876,lgbm,2026-03-09,104,risk_eval,A-Y,False,False,False
750101310478,CMD2,3,2026-03-30,4112.17244604698,4760.171686769711,6750.145950724714,7931.760095685715,8738.583251610487,lgbm,2026-03-09,104,risk_eval,A-Y,False,False,False
750101310478,CMD2,4,2026-04-06,3395.111316363127,4035.519865428875,6082.553044523489,7891.766799844016,8747.18017943004,lgbm,2026-03-09,104,risk_eval,A-Y,False,False,False
750101310478,CMD2,5,2026-04-13,3836.940256547242,4413.686518027006,6770.213255570347,8263.427470744888,8966.184673363348,lgbm,2026-03-09,104,risk_eval,A-Y,False,False,False
750101310478,CMD2,6,2026-04-20,3619.06923380247,4023.5682355945164,6451.689082960478,8276.175152858323,8949.777888481633,lgbm,2026-03-09,104,risk_eval,A-Y,False,False,False
750101310478,CMD2,7,2026-04-27,3754.258291560588,4183.631676819732,6919.8472064800135,9160.970986148532,9758.287603722409,lgbm,2026-03-09,104,risk_eval,A-Y,False,False,False
750101310478,CMD2,8,2026-05-04,3555.164368699501,3731.990782003739,6539.801220291028,8623.661958910066,9068.455870650203,lgbm,2026-03-09,104,risk_eval,A-Y,False,False,False
750101310478,MXLI,1,2026-03-16,166.56404303650115,178.37778195484063,329.6628963978913,451.7750117505341,453.75426342511037,lgbm,2026-03-09,104,risk_eval,A-Y,False,False,False
750101310478,MXLI,2,2026-03-23,165.75694331082477,183.72967596513362,328.3943200431622,461.3824055738727,464.9271905842683,lgbm,2026-03-09,104,risk_eval,A-Y,False,False,False
750101310478,MXLI,3,2026-03-30,167.10561513856985,167.79751241841507,357.1464968484384,473.9856571678964,495.86382352604244,lgbm,2026-03-09,104,risk_eval,A-Y,False,False,False
750101310478,MXLI,4,2026-04-06,0.0,140.88430871589387,350.7535584275377,508.87527563609854,1355.1321848566733,lgbm,2026-03-09,104,risk_eval,A-Y,False,False,False
750101310478,MXLI,5,2026-04-13,0.0,150.46024452337312,352.99594948230225,498.1639898380167,1366.4472043365115,lgbm,2026-03-09,104,risk_eval,A-Y,False,False,False
750101310478,MXLI,6,2026-04-20,0.0,133.55497255714414,341.4722861924178,509.6387916077089,1362.84547802516,lgbm,2026-03-09,104,risk_eval,A-Y,False,False,False
750101310478,MXLI,7,2026-04-27,0.0,113.8258420587588,351.9700743713601,563.7452975453206,1383.162187969168,lgbm,2026-03-09,104,risk_eval,A-Y,False,False,False
750101310478,MXLI,8,2026-05-04,0.0,109.47292872537436,351.47517432765676,542.5422789614057,1380.337026819649,lgbm,2026-03-09,104,risk_eval,A-Y,False,False,False
750101310478,TLJ,1,2026-03-16,592.9958604736886,617.3475434242251,1028.0271702536552,1522.3345968042815,1558.90760165733,lgbm,2026-03-09,104,risk_eval,A-Y,False,False,False
750101310478,TLJ,2,2026-03-23,612.1259353275482,617.9398338454721,1021.2363218412228,1418.8297167147634,1459.4362527927874,lgbm,2026-03-09,104,risk_eval,A-Y,False,False,False
750101310478,TLJ,3,2026-03-30,561.2151037320103,656.0635913646106,1135.0247617918878,1421.7983998778313,1610.533284278931,lgbm,2026-03-09,104,risk_eval,A-Y,False,False,False
750101310478,TLJ,4,2026-04-06,452.5414234152327,476.24969386810693,980.2384970327439,1490.7598306174089,1507.6850061450702,lgbm,2026-03-09,104,risk_eval,A-Y,False,False,False
750101310478,TLJ,5,2026-04-13,554.5213535951589,608.5447073763696,1125.5679268103977,1519.9097845066556,1606.381784210869,lgbm,2026-03-09,104,risk_eval,A-Y,False,False,False
750101310478,TLJ,6,2026-04-20,538.8553495338075,553.2304840144993,1095.3560348778149,1514.8364297241233,1606.237267290961,lgbm,2026-03-09,104,risk_eval,A-Y,False,False,False
750101310478,TLJ,7,2026-04-27,519.1636989246185,581.3478693261732,1141.9485553383358,1621.0032737882077,1746.8305474962883,lgbm,2026-03-09,104,risk_eval,A-Y,False,False,False
750101310478,TLJ,8,2026-05-04,481.21681691278224,491.31736958791447,1096.5972435418118,1574.6638031181742,1641.3584547348282,lgbm,2026-03-09,104,risk_eval,A-Y,False,False,False
750101310478,VHSA,1,2026-03-16,1030.6671129940612,1278.328780325629,2375.785200135422,3791.181467853209,5043.329899365661,lgbm,2026-03-09,104,risk_eval,A-Y,False,False,False
750101310478,VHSA,2,2026-03-23,1076.4432404674149,1398.5961674536502,2344.6288131885844,3572.6758202005785,4916.344255376941,lgbm,2026-03-09,104,risk_eval,A-Y,False,False,False
750101310478,VHSA,3,2026-03-30,1041.5214878428055,1320.7568856526018,2587.2310630615107,3974.495237283293,5039.851976975912,lgbm,2026-03-09,104,risk_eval,A-Y,False,False,False
750101310478,VHSA,4,2026-04-06,1340.4981715796255,1414.904370124607,2500.6796177116917,3421.4744725599166,3689.0886360030463,lgbm,2026-03-09,104,risk_eval,A-Y,False,False,False
750101310478,VHSA,5,2026-04-13,1339.4397895637876,1466.1472607856144,2619.5413300351315,3524.417547340143,3775.9180269210574,lgbm,2026-03-09,104,risk_eval,A-Y,False,False,False
750101310478,VHSA,6,2026-04-20,1248.5596780444916,1303.4615879471103,2545.181210916199,3768.6910689256742,3774.6453210087743,lgbm,2026-03-09,104,risk_eval,A-Y,False,False,False
750101310478,VHSA,7,2026-04-27,0.0,0.0,2736.1785352397224,7630.901693422376,10004.206096951306,lgbm,2026-03-09,104,risk_eval,A-Y,False,False,False
750101310478,VHSA,8,2026-05-04,0.0,0.0,2681.823133234097,7570.876245701852,9848.766757695703,lgbm,2026-03-09,104,risk_eval,A-Y,False,False,False
750101310480,CCUL,1,2026-03-16,641.037420931606,671.2080428361587,923.5057345074038,1155.590760092761,1189.8873106293556,lgbm,2026-03-09,104,risk_eval,A-Y,False,False,False
750101310480,CCUL,2,2026-03-23,666.5575495658549,713.2208738197556,834.4995815343012,964.2599745113483,1122.8472899858868,lgbm,2026-03-09,104,risk_eval,A-Y,False,False,False
750101310480,CCUL,3,2026-03-30,606.8444667775802,710.4396284859688,900.6482891806589,1033.9488544330286,1268.4219409374873,lgbm,2026-03-09,104,risk_eval,A-Y,False,False,False
750101310480,CCUL,4,2026-04-06,566.9847815416102,578.7514967860859,939.3063647769283,1298.0856686673042,1299.8119058446641,lgbm,2026-03-09,104,risk_eval,A-Y,False,False,False
750101310480,CCUL,5,2026-04-13,553.0280143399764,581.8991673014722,981.744513327462,1358.3249599724857,1364.424891488232,lgbm,2026-03-09,104,risk_eval,A-Y,False,False,False
750101310480,CCUL,6,2026-04-20,541.1791189998456,566.1033862822408,962.4284617916277,1344.888583293789,1369.8074018464472,lgbm,2026-03-09,104,risk_eval,A-Y,False,False,False
750101310480,CCUL,7,2026-04-27,540.7901733762394,543.2482424052137,1063.5497974166274,1450.3049545677216,1485.3713357974448,lgbm,2026-03-09,104,risk_eval,A-Y,False,False,False
750101310480,CCUL,8,2026-05-04,472.97696343171503,513.4785022720932,1056.522700458015,1411.4185882089234,1418.4409544916048,lgbm,2026-03-09,104,risk_eval,A-Y,False,False,False
750101310480,CMD2,1,2026-03-16,0.0,4896.169977262426,6085.275690188782,7916.059299444875,29540.2550843795,lgbm,2026-03-09,104,risk_eval,A-Y,False,False,False
750101310480,CMD2,2,2026-03-23,4330.71843201613,5197.672629922579,5480.493933495981,6142.343676746928,7354.429806964997,lgbm,2026-03-09,104,risk_eval,A-Y,False,False,False
750101310480,CMD2,3,2026-03-30,4092.740523448141,4969.931191464781,5959.989446236599,6810.160390334795,8107.901288267399,lgbm,2026-03-09,104,risk_eval,A-Y,False,False,False
750101310480,CMD2,4,2026-04-06,3727.3527387567183,4164.11339736238,6012.354397595804,7303.097388555325,7588.87232580042,lgbm,2026-03-09,104,risk_eval,A-Y,False,False,False
750101310480,CMD2,5,2026-04-13,3818.3802514012964,4128.754981867722,6382.308440339941,8246.273251360231,8455.755774157495,lgbm,2026-03-09,104,risk_eval,A-Y,False,False,False
750101310480,CMD2,6,2026-04-20,3815.177241890321,4148.713972835568,6052.744012221883,8195.365366225953,8253.303466396297,lgbm,2026-03-09,104,risk_eval,A-Y,False,False,False
750101310480,CMD2,7,2026-04-27,0.0,4190.291174222268,7020.488399136208,9782.77876056446,30533.50129942271,lgbm,2026-03-09,104,risk_eval,A-Y,False,False,False
750101310480,CMD2,8,2026-05-04,0.0,3674.823287713056,6728.514441076892,9321.577357983788,30131.157175125765,lgbm,2026-03-09,104,risk_eval,A-Y,False,False,False
750101310480,TLJ,1,2026-03-16,1167.3910748034164,1259.3857848368584,1776.9237265289928,2414.605824790826,2455.4851158135198,lgbm,2026-03-09,104,risk_eval,A-Y,False,False,False
750101310480,TLJ,2,2026-03-23,1168.8334005850143,1356.6627307000037,1569.492910198893,1886.192303206659,2240.669112329752,lgbm,2026-03-09,104,risk_eval,A-Y,False,False,False
750101310480,TLJ,3,2026-03-30,1020.6158875827764,1323.7430170087737,1713.118615824092,1964.8863170027253,2567.36153206462,lgbm,2026-03-09,104,risk_eval,A-Y,False,False,False
750101310480,TLJ,4,2026-04-06,928.0103708620373,1044.6307352146503,1771.2145696207233,2382.740479314605,2446.2579058583833,lgbm,2026-03-09,104,risk_eval,A-Y,False,False,False
750101310480,TLJ,5,2026-04-13,960.2955190240805,1076.200137007504,1862.216504228757,2507.6034338358227,2535.2933085864997,lgbm,2026-03-09,104,risk_eval,A-Y,False,False,False
750101310480,TLJ,6,2026-04-20,1016.6641280841759,1063.0893660624238,1851.5606106893251,2444.29202003971,2476.080497085689,lgbm,2026-03-09,104,risk_eval,A-Y,False,False,False
750101310480,TLJ,7,2026-04-27,978.2226392402583,1121.9675395731936,1996.8166045130697,2657.4978559628084,2754.193776439798,lgbm,2026-03-09,104,risk_eval,A-Y,False,False,False
750101310480,TLJ,8,2026-05-04,955.431574676982,955.9684685984528,1910.039422671064,2515.8472940513184,2549.4770773436917,lgbm,2026-03-09,104,risk_eval,A-Y,False,False,False
750101310480,VHSA,1,2026-03-16,0.0,2721.609275153478,3985.7316884620104,5523.510893605548,18701.430068420275,lgbm,2026-03-09,104,risk_eval,A-Y,False,False,False
750101310480,VHSA,2,2026-03-23,2728.1661693744463,3121.1160686114363,3533.6936514758,4336.55494348939,4964.7711974791455,lgbm,2026-03-09,104,risk_eval,A-Y,False,False,False
750101310480,VHSA,3,2026-03-30,2502.5126030927495,3097.9118170148886,3871.806184782932,4450.075905272051,5453.047451784396,lgbm,2026-03-09,104,risk_eval,A-Y,False,False,False
750101310480,VHSA,4,2026-04-06,0.0,2397.4035548612455,4025.0260047968313,5539.567702734993,18645.159429795407,lgbm,2026-03-09,104,risk_eval,A-Y,False,False,False
750101310480,VHSA,5,2026-04-13,0.0,2623.439745834398,4365.195428400422,5682.915985361806,18820.95704704205,lgbm,2026-03-09,104,risk_eval,A-Y,False,False,False
750101310480,VHSA,6,2026-04-20,0.0,2492.5134688268577,4262.006114979373,5628.513420982348,18740.172663714537,lgbm,2026-03-09,104,risk_eval,A-Y,False,False,False
750101310480,VHSA,7,2026-04-27,0.0,2399.321089430338,4547.40505161322,6066.491035515476,19297.32112827264,lgbm,2026-03-09,104,risk_eval,A-Y,False,False,False
750101310480,VHSA,8,2026-05-04,0.0,2107.091353369662,4539.818556815128,6009.09785409325,18977.593648926195,lgbm,2026-03-09,104,risk_eval,A-Y,False,False,False
750101310482,CCUL,1,2026-03-16,475.650152368902,486.6312617934228,742.346414698251,977.5298004607656,1013.4920065586721,lgbm,2026-03-09,104,risk_eval,A-Y,False,False,False
750101310482,CCUL,2,2026-03-23,486.2222761644056,499.30412753381904,721.1605337625053,949.1498105705007,967.2413703781151,lgbm,2026-03-09,104,risk_eval,A-Y,False,False,False
750101310482,CCUL,3,2026-03-30,472.4734515526878,484.5949576243114,763.5986198659597,1007.3493936848685,1025.2669303622617,lgbm,2026-03-09,104,risk_eval,A-Y,False,False,False
750101310482,CCUL,4,2026-04-06,411.52560395187305,428.3833913307027,767.1325143901822,1061.9217586670604,1070.0162969230878,lgbm,2026-03-09,104,risk_eval,A-Y,False,False,False
750101310482,CCUL,5,2026-04-13,424.9470751759857,430.45651342640826,797.331145417823,1100.7619495133927,1107.1631218796374,lgbm,2026-03-09,104,risk_eval,A-Y,False,False,False
750101310482,CCUL,6,2026-04-20,406.63862334212797,415.51598769363045,774.7640448911898,1088.9604169679596,1097.6789092898964,lgbm,2026-03-09,104,risk_eval,A-Y,False,False,False
750101310482,CCUL,7,2026-04-27,0.0,363.53439371788176,836.7766201402179,1251.2784654258874,3184.0776177793146,lgbm,2026-03-09,104,risk_eval,A-Y,False,False,False
750101310482,CCUL,8,2026-05-04,0.0,313.65286175504036,854.9674077944377,1228.580342245977,3173.4934624453895,lgbm,2026-03-09,104,risk_eval,A-Y,False,False,False
750101310482,CMD2,1,2026-03-16,4757.280518073108,5207.914419222139,6619.806303473251,8332.339749999657,8550.6371520602,lgbm,2026-03-09,104,risk_eval,A-Y,False,False,False
750101310482,CMD2,2,2026-03-23,4716.524486922331,5190.205212145534,6410.046864883289,7680.8437192607735,7757.646648580663,lgbm,2026-03-09,104,risk_eval,A-Y,False,False,False
750101310482,CMD2,3,2026-03-30,4507.10655535002,5184.625390660413,6899.297746180972,8148.550791781881,8476.72996653884,lgbm,2026-03-09,104,risk_eval,A-Y,False,False,False
750101310482,CMD2,4,2026-04-06,4303.634932032156,4584.505235124588,6601.454668423845,8050.592627249321,8075.736632321436,lgbm,2026-03-09,104,risk_eval,A-Y,False,False,False
750101310482,CMD2,5,2026-04-13,4301.135585805128,4780.738160239168,7020.7235133933245,8663.914770596533,8724.899358507922,lgbm,2026-03-09,104,risk_eval,A-Y,False,False,False
750101310482,CMD2,6,2026-04-20,4243.360363503789,4486.254430616053,6748.021890171986,8426.355306929327,8532.975958779836,lgbm,2026-03-09,104,risk_eval,A-Y,False,False,False
750101310482,CMD2,7,2026-04-27,4312.6002283647185,4890.448088580029,7570.1201713707715,9278.758473245854,9725.149380468392,lgbm,2026-03-09,104,risk_eval,A-Y,False,False,False
750101310482,CMD2,8,2026-05-04,3699.4293743342455,3968.705357422614,7027.919207139321,9164.475683154342,9401.171036043881,lgbm,2026-03-09,104,risk_eval,A-Y,False,False,False
750101310482,MXLI,1,2026-03-16,225.98688519021766,226.326649676099,394.58375267517135,523.5588134379144,549.7030084316121,lgbm,2026-03-09,104,risk_eval,A-Y,False,False,False
750101310482,MXLI,2,2026-03-23,233.0382494843838,235.6583538381491,373.57052982292794,514.3213419020647,522.89482478327,lgbm,2026-03-09,104,risk_eval,A-Y,False,False,False
750101310482,MXLI,3,2026-03-30,212.03453188977153,232.03003119640056,393.39235990539714,535.8335535717939,539.5593669819914,lgbm,2026-03-09,104,risk_eval,A-Y,False,False,False
750101310482,MXLI,4,2026-04-06,194.69909952489076,200.16067345467957,393.936011497623,564.7648119850663,575.0661721366397,lgbm,2026-03-09,104,risk_eval,A-Y,False,False,False
750101310482,MXLI,5,2026-04-13,183.43057409325658,205.26910954246432,405.8314833348021,578.928254645276,603.9944629978264,lgbm,2026-03-09,104,risk_eval,A-Y,False,False,False
750101310482,MXLI,6,2026-04-20,185.38419734452327,187.0276289299639,393.0661604302618,580.0121974508174,601.5868159813758,lgbm,2026-03-09,104,risk_eval,A-Y,False,False,False
750101310482,MXLI,7,2026-04-27,173.28754734597416,184.94303111654085,403.4018140369271,603.3877734856713,628.8615397581889,lgbm,2026-03-09,104,risk_eval,A-Y,False,False,False
750101310482,MXLI,8,2026-05-04,151.7996250848749,164.92855528801218,393.65602705403165,612.4029326615163,614.3433266759077,lgbm,2026-03-09,104,risk_eval,A-Y,False,False,False
750101310482,TLJ,1,2026-03-16,1009.0777604215698,1182.818971338296,1727.5220634561103,2326.9449478636025,2529.5052024278557,lgbm,2026-03-09,104,risk_eval,A-Y,False,False,False
750101310482,TLJ,2,2026-03-23,1021.5202251583021,1204.363314506287,1642.3211970253344,2029.343611501957,2338.2852552161926,lgbm,2026-03-09,104,risk_eval,A-Y,False,False,False
750101310482,TLJ,3,2026-03-30,948.2339935670204,1235.9811040688135,1745.3689339461787,2135.2051769360596,2556.245197030922,lgbm,2026-03-09,104,risk_eval,A-Y,False,False,False
750101310482,TLJ,4,2026-04-06,910.9915287159151,1053.2465599431634,1797.5119523452493,2282.213937288873,2474.6059909550777,lgbm,2026-03-09,104,risk_eval,A-Y,False,False,False
750101310482,TLJ,5,2026-04-13,932.0005483979573,1147.8334332403476,1856.5058437351759,2325.3978333557807,2538.7629805086244,lgbm,2026-03-09,104,risk_eval,A-Y,False,False,False
750101310482,TLJ,6,2026-04-20,920.7392525149833,1059.9240510427585,1808.9179828231718,2307.039736650084,2511.086283107319,lgbm,2026-03-09,104,risk_eval,A-Y,False,False,False
750101310482,TLJ,7,2026-04-27,883.8069771370244,1114.5722268576628,1876.4835153854929,2466.8946362894544,2726.1661932351717,lgbm,2026-03-09,104,risk_eval,A-Y,False,False,False
750101310482,TLJ,8,2026-05-04,822.2952744422796,897.008022706156,1825.6485284422579,2425.9900335799575,2570.8962363377814,lgbm,2026-03-09,104,risk_eval,A-Y,False,False,False
750101310482,VHSA,1,2026-03-16,2386.8856118499207,2434.4883955177183,3645.7821278850993,4900.5093218504335,5024.253953856747,lgbm,2026-03-09,104,risk_eval,A-Y,False,False,False
750101310482,VHSA,2,2026-03-23,2423.903790298422,2691.18916224572,3432.8228100976557,4302.5421382322675,4562.478502320497,lgbm,2026-03-09,104,risk_eval,A-Y,False,False,False
750101310482,VHSA,3,2026-03-30,2266.7416700500894,2699.0539833358316,3670.3461294022363,4578.8051408636375,5016.643283100412,lgbm,2026-03-09,104,risk_eval,A-Y,False,False,False
750101310482,VHSA,4,2026-04-06,2233.334706887381,2363.4235261859158,3854.3962510694187,4830.489842060103,4956.029490606736,lgbm,2026-03-09,104,risk_eval,A-Y,False,False,False
750101310482,VHSA,5,2026-04-13,2203.091188208124,2483.3104826138633,3974.9198101366105,5027.407539844192,5038.681826148399,lgbm,2026-03-09,104,risk_eval,A-Y,False,False,False
750101310482,VHSA,6,2026-04-20,2196.784652201216,2279.294359011438,3887.7183506791794,4926.010545152152,5062.132677772101,lgbm,2026-03-09,104,risk_eval,A-Y,False,False,False
750101310482,VHSA,7,2026-04-27,2128.1751398293854,2265.77519860552,4021.351564564447,5320.23267739572,5354.322627033502,lgbm,2026-03-09,104,risk_eval,A-Y,False,False,False
750101310482,VHSA,8,2026-05-04,0.0,1870.7965651762086,3991.8733224836183,5531.987608871975,14719.44745568185,lgbm,2026-03-09,104,risk_eval,A-Y,False,False,False
750101310533,CCUL,1,2026-03-16,11350.550411062439,12950.015269433225,16827.574160516648,20854.262435899716,21305.766079840232,lgbm,2026-03-09,104,risk_eval,A-Y,False,False,False
750101310533,CCUL,2,2026-03-23,11283.04857064649,12841.114186793686,15167.385415362218,16877.784214052055,19597.32721198307,lgbm,2026-03-09,104,risk_eval,A-Y,False,False,False
750101310533,CCUL,3,2026-03-30,10691.50253847137,12324.034227726142,15182.604055970178,18038.397831844355,21214.330110305495,lgbm,2026-03-09,104,risk_eval,A-Y,False,False,False
750101310533,CCUL,4,2026-04-06,9879.275442211809,10667.612402853378,15007.94774661558,20136.099516639068,20523.629590121986,lgbm,2026-03-09,104,risk_eval,A-Y,False,False,False
750101310533,CCUL,5,2026-04-13,9423.57494788205,10900.983003099534,15200.738470697059,20547.94592315419,20824.36937621527,lgbm,2026-03-09,104,risk_eval,A-Y,False,False,False
750101310533,CCUL,6,2026-04-20,10567.364994646006,10978.692115409907,14986.325133108123,20422.17649679334,20978.198702765185,lgbm,2026-03-09,104,risk_eval,A-Y,False,False,False
750101310533,CCUL,7,2026-04-27,10204.047290134273,11644.783640998394,15410.45143753792,21470.589079196387,21770.135824091543,lgbm,2026-03-09,104,risk_eval,A-Y,False,False,False
750101310533,CCUL,8,2026-05-04,8034.103242558029,9127.541205647958,13649.834247858576,20165.413072040603,20559.62309768529,lgbm,2026-03-09,104,risk_eval,A-Y,False,False,False
750101310533,CMTY,1,2026-03-16,28088.12618274116,33743.89279975868,39160.04888643157,49819.72098551537,50521.29637949227,lgbm,2026-03-09,104,risk_eval,A-Y,False,False,False
750101310533,CMTY,2,2026-03-23,26955.807717753592,32812.69473465642,34979.0260728188,38621.496388510066,49187.702534789096,lgbm,2026-03-09,104,risk_eval,A-Y,False,False,False
750101310533,CMTY,3,2026-03-30,25495.561735876436,32547.16550162745,34780.64407170217,40191.63934851095,52761.720858150475,lgbm,2026-03-09,104,risk_eval,A-Y,False,False,False
750101310533,CMTY,4,2026-04-06,23201.9033259376,27689.634453449864,33792.571755714605,48306.19374449797,52591.53840687555,lgbm,2026-03-09,104,risk_eval,A-Y,False,False,False
750101310533,CMTY,5,2026-04-13,22556.918486667546,27294.470013305963,34543.636712999076,50393.616721020575,54788.31428752667,lgbm,2026-03-09,104,risk_eval,A-Y,False,False,False
750101310533,CMTY,6,2026-04-20,24536.69411542867,28583.19275058734,34886.907862058346,48997.56175428772,53764.52819325586,lgbm,2026-03-09,104,risk_eval,A-Y,False,False,False
750101310533,CMTY,7,2026-04-27,23619.997074035422,30466.902831480125,37394.7502508153,51872.13950572089,58141.56516380607,lgbm,2026-03-09,104,risk_eval,A-Y,False,False,False
750101310533,CMTY,8,2026-05-04,19874.69978409331,25179.818831977078,31654.87748531663,48025.17233261412,52453.33681962802,lgbm,2026-03-09,104,risk_eval,A-Y,False,False,False
750101310533,MXLI,1,2026-03-16,5780.925183810867,6757.140694829566,8891.803048903561,11210.838198898406,11415.320134305248,lgbm,2026-03-09,104,risk_eval,A-Y,False,False,False
750101310533,MXLI,2,2026-03-23,5930.910778690845,7021.267610153903,7958.227046462055,8800.392224570203,10610.080590512815,lgbm,2026-03-09,104,risk_eval,A-Y,False,False,False
750101310533,MXLI,3,2026-03-30,5402.175155668015,6720.915768088858,8005.5843802051995,9281.492548269722,11299.424733791413,lgbm,2026-03-09,104,risk_eval,A-Y,False,False,False
750101310533,MXLI,4,2026-04-06,5177.063779563819,5792.127337291161,7803.255057198574,10779.859454159205,10946.534966547013,lgbm,2026-03-09,104,risk_eval,A-Y,False,False,False
750101310533,MXLI,5,2026-04-13,4989.121041254688,5777.834103302843,7974.827354309294,11292.430155186028,11294.727589533204,lgbm,2026-03-09,104,risk_eval,A-Y,False,False,False
750101310533,MXLI,6,2026-04-20,5526.630937802329,6022.952001695034,8035.857707843386,11080.272786821331,11114.832126382935,lgbm,2026-03-09,104,risk_eval,A-Y,False,False,False
750101310533,MXLI,7,2026-04-27,5251.55843028811,6095.286904452365,8342.612709027406,11702.24809181838,11806.146814035308,lgbm,2026-03-09,104,risk_eval,A-Y,False,False,False
750101310533,MXLI,8,2026-05-04,4153.099784671361,4833.212395347969,7262.433618774131,10934.689972226246,11002.759641325963,lgbm,2026-03-09,104,risk_eval,A-Y,False,False,False
750101310533,TLJ,1,2026-03-16,17317.863850007652,20275.367140404447,24007.337428840106,30371.741954396013,32088.566837587332,lgbm,2026-03-09,104,risk_eval,A-Y,False,False,False
750101310533,TLJ,2,2026-03-23,16751.587059807578,19814.405535046208,21654.67262491073,24199.63176116256,31472.010483157417,lgbm,2026-03-09,104,risk_eval,A-Y,False,False,False
750101310533,TLJ,3,2026-03-30,15684.278452713877,18557.245822092074,22401.31566325519,26849.19183539819,34515.862355328674,lgbm,2026-03-09,104,risk_eval,A-Y,False,False,False
750101310533,TLJ,4,2026-04-06,14971.696409465327,17165.127336914564,22447.495270700212,30462.54596666305,34433.01426981769,lgbm,2026-03-09,104,risk_eval,A-Y,False,False,False
750101310533,TLJ,5,2026-04-13,14551.556414545474,16848.667609952845,22931.311492603527,32035.98084737916,35825.322519211564,lgbm,2026-03-09,104,risk_eval,A-Y,False,False,False
750101310533,TLJ,6,2026-04-20,15131.439859993869,16569.575798538986,22460.299906521494,31149.65917206033,34979.69338139215,lgbm,2026-03-09,104,risk_eval,A-Y,False,False,False
750101310533,TLJ,7,2026-04-27,14230.85024900658,18185.512846794867,24002.54900443598,32453.48224581029,39090.919362257584,lgbm,2026-03-09,104,risk_eval,A-Y,False,False,False
750101310533,TLJ,8,2026-05-04,12386.01835433212,15287.860968283056,21040.41723293475,30084.148724842984,34630.1439010102,lgbm,2026-03-09,104,risk_eval,A-Y,False,False,False
750101310533,VHSA,1,2026-03-16,15680.170100183903,18497.89985450486,23962.81230756518,31002.887012978892,31066.60553087528,lgbm,2026-03-09,104,risk_eval,A-Y,False,False,False
750101310533,VHSA,2,2026-03-23,15187.187716259083,18515.131969974434,21428.05186264043,24360.760685521018,29892.35420105693,lgbm,2026-03-09,104,risk_eval,A-Y,False,False,False
750101310533,VHSA,3,2026-03-30,14247.623563698173,17619.235935409986,21474.260100389554,26038.922984539502,32882.24987383981,lgbm,2026-03-09,104,risk_eval,A-Y,False,False,False
750101310533,VHSA,4,2026-04-06,13905.306863495472,16232.787932754587,21457.556882404948,29934.43170534197,30671.03644901481,lgbm,2026-03-09,104,risk_eval,A-Y,False,False,False
750101310533,VHSA,5,2026-04-13,14120.399783681529,16039.14961350847,21871.878080411603,30939.46355313654,31421.144467693353,lgbm,2026-03-09,104,risk_eval,A-Y,False,False,False
750101310533,VHSA,6,2026-04-20,14346.852652244525,16017.786001221557,21256.152287987778,30239.395736383154,30830.88630746091,lgbm,2026-03-09,104,risk_eval,A-Y,False,False,False
750101310533,VHSA,7,2026-04-27,13306.743919761337,16564.22280207679,22021.596353713063,31768.25693718427,34918.86245273206,lgbm,2026-03-09,104,risk_eval,A-Y,False,False,False
750101310533,VHSA,8,2026-05-04,11038.662862525904,13896.074627474012,19962.377605386973,30193.1832088391,31926.17690994578,lgbm,2026-03-09,104,risk_eval,A-Y,False,False,False
750101310534,CCUL,1,2026-03-16,12993.078633828236,15122.015448263239,19212.280059951543,23585.112677033143,24457.183226958463,lgbm,2026-03-09,104,risk_eval,A-Y,False,False,False
750101310534,CCUL,2,2026-03-23,11585.498006484087,14123.930284954948,16060.63135709237,18499.300303515403,23426.178703277215,lgbm,2026-03-09,104,risk_eval,A-Y,False,False,False
750101310534,CCUL,3,2026-03-30,10981.744656765799,13351.488569312607,16410.72344448424,19993.449650094786,24617.0118022958,lgbm,2026-03-09,104,risk_eval,A-Y,False,False,False
750101310534,CCUL,4,2026-04-06,11105.388295013396,12267.306209745599,16553.3524149775,21923.958306102046,23536.69778493804,lgbm,2026-03-09,104,risk_eval,A-Y,False,False,False
750101310534,CCUL,5,2026-04-13,11014.753855123188,12437.971041144727,16154.070263134055,22322.062240358493,23859.706723443192,lgbm,2026-03-09,104,risk_eval,A-Y,False,False,False
750101310534,CCUL,6,2026-04-20,10854.929697731915,12254.40105223751,16571.708756567143,22575.76595970372,23634.272073306798,lgbm,2026-03-09,104,risk_eval,A-Y,False,False,False
750101310534,CCUL,7,2026-04-27,11112.504893034675,12695.467540293539,17111.681971491107,23872.76154922971,24854.96451558648,lgbm,2026-03-09,104,risk_eval,A-Y,False,False,False
750101310534,CCUL,8,2026-05-04,8906.291383714235,10128.250291986096,14200.867875354723,21257.201858276774,22931.946368279132,lgbm,2026-03-09,104,risk_eval,A-Y,False,False,False
750101310534,CMTY,1,2026-03-16,37741.18852678218,45214.14313272908,50027.938657275154,57485.06366524617,61989.480567332925,lgbm,2026-03-09,104,risk_eval,A-Y,False,False,False
750101310534,CMTY,2,2026-03-23,33428.847025845425,41960.996929085166,43949.258254701395,44890.98033111203,62067.11186301962,lgbm,2026-03-09,104,risk_eval,A-Y,False,False,False
750101310534,CMTY,3,2026-03-30,31060.997375434676,39043.05665787557,42309.06767250813,46721.743161623766,63778.907938368924,lgbm,2026-03-09,104,risk_eval,A-Y,False,False,False
750101310534,CMTY,4,2026-04-06,31349.14931964119,35400.67816998619,42344.58060908437,53077.236255618795,59547.799080300654,lgbm,2026-03-09,104,risk_eval,A-Y,False,False,False
750101310534,CMTY,5,2026-04-13,31076.742861997318,35608.38648863549,43303.755755696024,55344.82589737163,61508.52657756627,lgbm,2026-03-09,104,risk_eval,A-Y,False,False,False
750101310534,CMTY,6,2026-04-20,30568.045587362038,35198.01825566873,42602.39131654015,56014.70620223664,64060.77283290696,lgbm,2026-03-09,104,risk_eval,A-Y,False,False,False
750101310534,CMTY,7,2026-04-27,33021.066505531206,39803.22933765286,48183.38660749673,59591.9234240064,66805.8432344002,lgbm,2026-03-09,104,risk_eval,A-Y,False,False,False
750101310534,CMTY,8,2026-05-04,25919.19479045828,31388.284469580827,39302.762507149826,52773.52610895806,60110.53855693928,lgbm,2026-03-09,104,risk_eval,A-Y,False,False,False
750101310534,MXLI,1,2026-03-16,5677.824500266113,6782.547018299918,8956.713707183228,10808.581998706228,11146.447999250415,lgbm,2026-03-09,104,risk_eval,A-Y,False,False,False
750101310534,MXLI,2,2026-03-23,5115.371871025642,6469.805889478564,7709.71805714921,8564.512535087626,10754.8565622096,lgbm,2026-03-09,104,risk_eval,A-Y,False,False,False
750101310534,MXLI,3,2026-03-30,4742.956321538553,6208.678141528486,7885.075852048216,8890.420340869505,11271.610076384759,lgbm,2026-03-09,104,risk_eval,A-Y,False,False,False
750101310534,MXLI,4,2026-04-06,4766.9505753166995,5524.687218371297,7570.674909031572,10188.596573784938,10893.050390376247,lgbm,2026-03-09,104,risk_eval,A-Y,False,False,False
750101310534,MXLI,5,2026-04-13,4817.042393406797,5529.72118849728,8084.999748942511,10811.913112650567,11069.807374475342,lgbm,2026-03-09,104,risk_eval,A-Y,False,False,False
750101310534,MXLI,6,2026-04-20,4711.5659385978815,5554.546874678248,7798.857643257358,10512.798044516307,11012.637444334252,lgbm,2026-03-09,104,risk_eval,A-Y,False,False,False
750101310534,MXLI,7,2026-04-27,4791.150346173041,5672.441596604895,8205.011027473514,11238.202743659507,11542.504342168282,lgbm,2026-03-09,104,risk_eval,A-Y,False,False,False
750101310534,MXLI,8,2026-05-04,3763.49602510236,4703.962490600605,6858.118818416286,10315.516134403359,10936.36592322936,lgbm,2026-03-09,104,risk_eval,A-Y,False,False,False
750101310534,TLJ,1,2026-03-16,22821.44903604208,27124.82240847457,30911.476952338584,35429.56449061539,38608.23936728876,lgbm,2026-03-09,104,risk_eval,A-Y,False,False,False
750101310534,TLJ,2,2026-03-23,21098.36151115464,25417.754655738525,27299.687886380467,29098.306142630456,38220.653838531936,lgbm,2026-03-09,104,risk_eval,A-Y,False,False,False
750101310534,TLJ,3,2026-03-30,19526.544760540317,24100.928199889502,28538.517450063086,30690.807917542465,40370.32066658068,lgbm,2026-03-09,104,risk_eval,A-Y,False,False,False
750101310534,TLJ,4,2026-04-06,18384.420991447296,21152.764983345558,27550.332632070476,34727.37312517448,39441.31834754978,lgbm,2026-03-09,104,risk_eval,A-Y,False,False,False
750101310534,TLJ,5,2026-04-13,17858.657265108835,21030.56914687857,27741.843450943215,36288.41319116448,39620.078371876414,lgbm,2026-03-09,104,risk_eval,A-Y,False,False,False
750101310534,TLJ,6,2026-04-20,19172.457196911237,20974.215964304498,28945.97542793398,36701.76056498046,40786.737513253574,lgbm,2026-03-09,104,risk_eval,A-Y,False,False,False
750101310534,TLJ,7,2026-04-27,19783.13522916611,24055.57504180425,30750.32835552659,38315.794804428515,43534.494394181995,lgbm,2026-03-09,104,risk_eval,A-Y,False,False,False
750101310534,TLJ,8,2026-05-04,15310.418809490991,18489.969507047867,25521.066262712593,35289.21378457222,38502.5682926049,lgbm,2026-03-09,104,risk_eval,A-Y,False,False,False
750101310534,VHSA,1,2026-03-16,21620.418451002763,26127.939037877586,32466.28304660002,40523.32893396601,41803.29050562983,lgbm,2026-03-09,104,risk_eval,A-Y,False,False,False
750101310534,VHSA,2,2026-03-23,19928.961224235092,25220.553775126904,29189.876972119655,32820.78622787363,41048.73090498165,lgbm,2026-03-09,104,risk_eval,A-Y,False,False,False
750101310534,VHSA,3,2026-03-30,19002.821021711254,24218.61074950231,29464.574796417066,35263.04923684447,43825.88105151376,lgbm,2026-03-09,104,risk_eval,A-Y,False,False,False
750101310534,VHSA,4,2026-04-06,17885.697877378792,21243.68983282054,29669.41972734957,39356.81070471698,40924.86092443664,lgbm,2026-03-09,104,risk_eval,A-Y,False,False,False
750101310534,VHSA,5,2026-04-13,17649.783709977106,21361.195139400523,29519.712452963053,40203.453274017054,41524.60376906383,lgbm,2026-03-09,104,risk_eval,A-Y,False,False,False
750101310534,VHSA,6,2026-04-20,19342.29518409158,22212.001980628003,29246.67588281799,40662.99078922935,41786.06108553162,lgbm,2026-03-09,104,risk_eval,A-Y,False,False,False
750101310534,VHSA,7,2026-04-27,19090.25467519775,23163.269131446497,30018.8291879665,42179.9741999985,44976.31051725735,lgbm,2026-03-09,104,risk_eval,A-Y,False,False,False
750101310534,VHSA,8,2026-05-04,15009.891336753091,17767.289448446652,26557.173304334312,39869.3636421334,41269.93080748207,lgbm,2026-03-09,104,risk_eval,A-Y,False,False,False
750101310541,CCUL,1,2026-03-16,492.3479745256512,668.9902592220133,1046.480559142303,1328.2459197542403,1437.5458799479634,lgbm,2026-03-09,104,risk_eval,A-Z,False,False,False
750101310541,CCUL,2,2026-03-23,429.2169419315619,635.4358832700158,1004.1106154728591,1188.0256307684415,1418.945162102707,lgbm,2026-03-09,104,risk_eval,A-Z,False,False,False
750101310541,CCUL,3,2026-03-30,379.5828994937739,536.5198296152107,1041.8332310840153,1478.4865525911637,1567.2912659893982,lgbm,2026-03-09,104,risk_eval,A-Z,False,False,False
750101310541,CCUL,4,2026-04-06,475.85141920820473,613.0626805738232,998.8546030373155,1272.0305244008305,1401.6855044215201,lgbm,2026-03-09,104,risk_eval,A-Z,False,False,False
750101310541,CCUL,5,2026-04-13,454.65404695476985,615.5946172978402,1019.723156815676,1293.8512260044954,1430.9221043920677,lgbm,2026-03-09,104,risk_eval,A-Z,False,False,False
750101310541,CCUL,6,2026-04-20,431.2656517978351,567.014046335148,980.070297168179,1253.1076703614456,1395.183180674427,lgbm,2026-03-09,104,risk_eval,A-Z,False,False,False
750101310541,CCUL,7,2026-04-27,406.53662664657287,558.0550884746866,1014.767936823998,1387.6063809133345,1482.2459601036257,lgbm,2026-03-09,104,risk_eval,A-Z,False,False,False
750101310541,CCUL,8,2026-05-04,366.32088790118803,494.3207619330367,962.138618452212,1323.5027683440865,1417.072501826954,lgbm,2026-03-09,104,risk_eval,A-Z,False,False,False
750101310541,CMD2,1,2026-03-16,4064.7179002966627,5739.569299596285,8909.476851253703,11291.854674333881,11919.467600011567,lgbm,2026-03-09,104,risk_eval,A-Z,False,False,False
750101310541,CMD2,2,2026-03-23,3930.913109996144,5636.288455303488,8573.577271466955,10312.187077126771,11600.489794514126,lgbm,2026-03-09,104,risk_eval,A-Z,False,False,False
750101310541,CMD2,3,2026-03-30,3251.7933680249835,5054.645714773578,9064.287773845797,12072.290874959788,13911.732513061059,lgbm,2026-03-09,104,risk_eval,A-Z,False,False,False
750101310541,CMD2,4,2026-04-06,3909.103853234517,5153.732297680478,8540.547359553519,10637.064921877187,11617.653020073314,lgbm,2026-03-09,104,risk_eval,A-Z,False,False,False
750101310541,CMD2,5,2026-04-13,3974.642814806769,5227.882430642857,8684.991514867916,11250.553838250418,12108.004279202687,lgbm,2026-03-09,104,risk_eval,A-Z,False,False,False
750101310541,CMD2,6,2026-04-20,3695.094323482955,4942.847395327453,8403.03834009165,10776.686646502274,11735.478111007847,lgbm,2026-03-09,104,risk_eval,A-Z,False,False,False
750101310541,CMD2,7,2026-04-27,3562.4950331174773,5151.828349995492,8714.7210690418,11733.767791277798,12610.139831209774,lgbm,2026-03-09,104,risk_eval,A-Z,False,False,False
750101310541,CMD2,8,2026-05-04,3145.1234815858575,4329.8997366073945,8293.48645925327,11210.109119573286,12028.636220927188,lgbm,2026-03-09,104,risk_eval,A-Z,False,False,False
750101310541,CMTY,1,2026-03-16,1049.2417836655675,1507.549110652088,2393.1130082443347,2967.8367674644496,3294.971891145536,lgbm,2026-03-09,104,risk_eval,A-Z,False,False,False
750101310541,CMTY,2,2026-03-23,1102.7018186857126,1532.971664795311,2288.658470960014,2616.0257879644732,3193.5591831200677,lgbm,2026-03-09,104,risk_eval,A-Z,False,False,False
750101310541,CMTY,3,2026-03-30,988.5546927209112,1223.0010617308199,2369.4337561568386,3405.060178990052,3477.99384113767,lgbm,2026-03-09,104,risk_eval,A-Z,False,False,False
750101310541,CMTY,4,2026-04-06,1070.5842317780869,1343.479505970556,2264.083935161567,2830.137879849771,3175.56021239007,lgbm,2026-03-09,104,risk_eval,A-Z,False,False,False
750101310541,CMTY,5,2026-04-13,1064.3284424303656,1404.8198921123824,2310.4046942933023,2972.4320749479066,3306.824150345262,lgbm,2026-03-09,104,risk_eval,A-Z,False,False,False
750101310541,CMTY,6,2026-04-20,1032.0090582096955,1291.7192493116831,2235.0995624322077,2857.613709592046,3211.524340337098,lgbm,2026-03-09,104,risk_eval,A-Z,False,False,False
750101310541,CMTY,7,2026-04-27,930.9155817604126,1341.1793934016662,2316.4145601837786,3091.1986316162966,3454.240112459936,lgbm,2026-03-09,104,risk_eval,A-Z,False,False,False
750101310541,CMTY,8,2026-05-04,842.4691261847016,1132.9970993012469,2206.5979026426926,3001.1046824442965,3292.7450651252016,lgbm,2026-03-09,104,risk_eval,A-Z,False,False,False
750101310541,MXLI,1,2026-03-16,293.9089235412389,429.98024054328516,685.8615211446571,898.1670830794899,984.0594120425866,lgbm,2026-03-09,104,risk_eval,A-Z,False,False,False
750101310541,MXLI,2,2026-03-23,273.92123217920073,447.98547347959675,658.6074370486191,795.8112228448555,1002.5216109287769,lgbm,2026-03-09,104,risk_eval,A-Z,False,False,False
750101310541,MXLI,3,2026-03-30,244.22615759314738,353.81271725382464,693.3434570271755,1035.8212068037633,1075.0336439747912,lgbm,2026-03-09,104,risk_eval,A-Z,False,False,False
750101310541,MXLI,4,2026-04-06,283.6183213865363,398.1831950606154,661.1257863319709,860.4268286094892,966.21622402433,lgbm,2026-03-09,104,risk_eval,A-Z,False,False,False
750101310541,MXLI,5,2026-04-13,269.2462705391745,389.60054141871683,668.7598939668768,895.181628496408,996.0022405227078,lgbm,2026-03-09,104,risk_eval,A-Z,False,False,False
750101310541,MXLI,6,2026-04-20,272.7292037343421,381.91401106498904,647.516009932246,870.2221541428181,974.9622512643413,lgbm,2026-03-09,104,risk_eval,A-Z,False,False,False
750101310541,MXLI,7,2026-04-27,247.6416641807882,377.9828279158422,672.4092783127461,937.3929121274283,1039.1183560334737,lgbm,2026-03-09,104,risk_eval,A-Z,False,False,False
750101310541,MXLI,8,2026-05-04,238.9267235951258,351.3159426037554,638.3368175308423,885.1910601317783,991.1298734095183,lgbm,2026-03-09,104,risk_eval,A-Z,False,False,False
750101310541,TLJ,1,2026-03-16,813.4509851698496,1212.5800318933204,1867.1709794152312,2318.402696401823,2564.007536658646,lgbm,2026-03-09,104,risk_eval,A-Z,False,False,False
750101310541,TLJ,2,2026-03-23,789.1225541012404,1161.096677815235,1793.4268042286476,2151.082622710346,2512.0199539631953,lgbm,2026-03-09,104,risk_eval,A-Z,False,False,False
750101310541,TLJ,3,2026-03-30,677.270150787093,1049.3664826629317,1868.1507091959893,2592.9154483358693,2893.6961994431863,lgbm,2026-03-09,104,risk_eval,A-Z,False,False,False
750101310541,TLJ,4,2026-04-06,772.1113579613028,1129.621314413027,1735.3793230047042,2195.137722060199,2511.1055747094433,lgbm,2026-03-09,104,risk_eval,A-Z,False,False,False
750101310541,TLJ,5,2026-04-13,777.8121382270756,1154.1523892436269,1774.2949873820621,2331.607181046417,2603.6955653332097,lgbm,2026-03-09,104,risk_eval,A-Z,False,False,False
750101310541,TLJ,6,2026-04-20,742.0314706294866,1082.337199623751,1707.4480914997537,2226.4263299324566,2531.3285381837914,lgbm,2026-03-09,104,risk_eval,A-Z,False,False,False
750101310541,TLJ,7,2026-04-27,709.7949129249425,1094.74466925888,1782.3890842500873,2425.327307494712,2656.5675699981775,lgbm,2026-03-09,104,risk_eval,A-Z,False,False,False
750101310541,TLJ,8,2026-05-04,630.0757169662486,945.5794112171868,1683.3939440177592,2345.3108386651365,2568.8861798071985,lgbm,2026-03-09,104,risk_eval,A-Z,False,False,False
750101310541,VHSA,1,2026-03-16,904.5122260020448,1385.6302298084754,2293.69856273435,2914.9518635275017,3175.5972520817013,lgbm,2026-03-09,104,risk_eval,A-Z,False,False,False
750101310541,VHSA,2,2026-03-23,881.3344825650973,1437.95380730034,2196.421544077874,2516.720022841139,3103.5247986303652,lgbm,2026-03-09,104,risk_eval,A-Z,False,False,False
750101310541,VHSA,3,2026-03-30,804.6319452189693,1194.6240051277769,2269.1545888359274,3194.935196791428,3365.0695890506013,lgbm,2026-03-09,104,risk_eval,A-Z,False,False,False
750101310541,VHSA,4,2026-04-06,872.2486536207513,1277.7249712752077,2153.438396082992,2746.084063613657,3105.8040026944245,lgbm,2026-03-09,104,risk_eval,A-Z,False,False,False
750101310541,VHSA,5,2026-04-13,846.1115906816602,1282.3561318517632,2185.509466207937,2848.776617102931,3200.9697072910963,lgbm,2026-03-09,104,risk_eval,A-Z,False,False,False
750101310541,VHSA,6,2026-04-20,840.6700061307881,1249.8325985641718,2138.845541433351,2762.228878482972,3127.272309473422,lgbm,2026-03-09,104,risk_eval,A-Z,False,False,False
750101310541,VHSA,7,2026-04-27,764.5994637159603,1208.0099265623264,2200.8731014350383,3106.9196818727414,3341.1086008399425,lgbm,2026-03-09,104,risk_eval,A-Z,False,False,False
750101310541,VHSA,8,2026-05-04,700.2118204149816,981.3720684276294,2116.515679061005,3126.5748616365554,3198.2103769009836,lgbm,2026-03-09,104,risk_eval,A-Z,False,False,False
750101310546,CCUL,1,2026-03-16,1308.8298985805511,1566.462475830953,2230.4174206343837,2945.000055280438,3328.5825680955627,lgbm,2026-03-09,104,risk_eval,A-Z,False,False,False
750101310546,CCUL,2,2026-03-23,1423.1255784524903,1791.3520142183131,2129.2824405676065,2362.8739928743926,3035.0554381566576,lgbm,2026-03-09,104,risk_eval,A-Z,False,False,False
750101310546,CCUL,3,2026-03-30,1363.9396298514807,1824.2404605733736,2412.180301321518,3012.242987259918,3439.930136175113,lgbm,2026-03-09,104,risk_eval,A-Z,False,False,False
750101310546,CCUL,4,2026-04-06,1283.9825033012771,1769.6501281173898,2282.3893789014114,2733.8404935715384,3280.4681202372094,lgbm,2026-03-09,104,risk_eval,A-Z,False,False,False
750101310546,CCUL,5,2026-04-13,1300.7739994073322,1812.860429973121,2383.111075147647,2945.841319734242,3469.403277797081,lgbm,2026-03-09,104,risk_eval,A-Z,False,False,False
750101310546,CCUL,6,2026-04-20,1299.3314917646442,1718.8485525552405,2275.1412407442413,2799.434068170995,3307.021010033719,lgbm,2026-03-09,104,risk_eval,A-Z,False,False,False
750101310546,CCUL,7,2026-04-27,1260.0950083485272,1675.1221774636476,2584.2651066419876,3412.4853233102185,3834.1993653816944,lgbm,2026-03-09,104,risk_eval,A-Z,False,False,False
750101310546,CCUL,8,2026-05-04,1216.4560871996284,1575.342473410123,2567.3485403135614,3243.206833136739,3597.4551518570547,lgbm,2026-03-09,104,risk_eval,A-Z,False,False,False
750101310546,CMD2,1,2026-03-16,11399.410171814303,14259.592712847189,17582.590863308633,21612.75046639601,25083.552226155258,lgbm,2026-03-09,104,risk_eval,A-Z,False,False,False
750101310546,CMD2,2,2026-03-23,11881.605677960102,15207.717351533847,16497.45607693944,17600.35146390823,23041.433854225834,lgbm,2026-03-09,104,risk_eval,A-Z,False,False,False
750101310546,CMD2,3,2026-03-30,12184.034191433027,15395.194909271564,19291.69634306963,23572.106812262165,26817.36321529156,lgbm,2026-03-09,104,risk_eval,A-Z,False,False,False
750101310546,CMD2,4,2026-04-06,11753.069510907317,15454.147018928305,17869.60571365322,20732.04199761198,25034.274463329213,lgbm,2026-03-09,104,risk_eval,A-Z,False,False,False
750101310546,CMD2,5,2026-04-13,12455.34888970018,16004.65953921128,19571.814992376967,23074.15430572982,26556.316672034747,lgbm,2026-03-09,104,risk_eval,A-Z,False,False,False
750101310546,CMD2,6,2026-04-20,11703.13978551955,15163.485841619511,18516.858298140156,21705.54513603248,25853.586603560227,lgbm,2026-03-09,104,risk_eval,A-Z,False,False,False
750101310546,CMD2,7,2026-04-27,11287.737942640751,15190.276309795427,20766.98300435521,25354.294570575184,28850.19271079069,lgbm,2026-03-09,104,risk_eval,A-Z,False,False,False
750101310546,CMD2,8,2026-05-04,10345.490985246373,13277.81963219723,19434.687541508738,23699.058699237692,26908.214774625605,lgbm,2026-03-09,104,risk_eval,A-Z,False,False,False
750101310546,CMTY,1,2026-03-16,2267.869933653531,2569.9068102257547,3627.9906420980637,4613.7548564007775,4928.833198696183,lgbm,2026-03-09,104,risk_eval,A-Z,False,False,False
750101310546,CMTY,2,2026-03-23,2357.5724935851467,2868.618203763335,3332.955951753855,3604.857342506621,4489.632732600976,lgbm,2026-03-09,104,risk_eval,A-Z,False,False,False
750101310546,CMTY,3,2026-03-30,2292.250486356839,3013.740494549486,3885.4397354683515,4607.571345706952,5549.8800267079205,lgbm,2026-03-09,104,risk_eval,A-Z,False,False,False
750101310546,CMTY,4,2026-04-06,2225.8007286698225,2824.9384098306164,3514.461503282313,4372.153032596614,4876.588417962028,lgbm,2026-03-09,104,risk_eval,A-Z,False,False,False
750101310546,CMTY,5,2026-04-13,2346.6788665720123,2936.803704343996,3861.1934080267697,4642.192203804156,5199.282742626773,lgbm,2026-03-09,104,risk_eval,A-Z,False,False,False
750101310546,CMTY,6,2026-04-20,2256.5448345933632,2753.9451821879343,3525.765790718208,4484.315340648346,5051.680708866082,lgbm,2026-03-09,104,risk_eval,A-Z,False,False,False
750101310546,CMTY,7,2026-04-27,2234.252545753783,2786.3723092359996,4168.493187174557,5339.470208538625,5602.146120357826,lgbm,2026-03-09,104,risk_eval,A-Z,False,False,False
750101310546,CMTY,8,2026-05-04,2031.8229243115798,2428.349599391319,3879.954260254273,4823.371450120967,5219.932595932088,lgbm,2026-03-09,104,risk_eval,A-Z,False,False,False
750101310546,MXLI,1,2026-03-16,762.0033632607594,816.7129731212278,1336.8261655112995,1758.0481246581578,1834.1694553706336,lgbm,2026-03-09,104,risk_eval,A-Z,False,False,False
750101310546,MXLI,2,2026-03-23,801.3013397852872,974.5292897503429,1212.0287416592996,1336.845510354075,1652.167815296214,lgbm,2026-03-09,104,risk_eval,A-Z,False,False,False
750101310546,MXLI,3,2026-03-30,762.1739739368136,1015.9963499035555,1311.6302759981513,1668.4278430903262,1998.3740984874753,lgbm,2026-03-09,104,risk_eval,A-Z,False,False,False
750101310546,MXLI,4,2026-04-06,765.456064282004,963.5057578570153,1230.2239609070725,1653.5191864950755,1859.2504601733633,lgbm,2026-03-09,104,risk_eval,A-Z,False,False,False
750101310546,MXLI,5,2026-04-13,769.570268594048,983.5467895905558,1296.1999817992587,1713.9872669908602,1922.219838075042,lgbm,2026-03-09,104,risk_eval,A-Z,False,False,False
750101310546,MXLI,6,2026-04-20,713.7242788027904,909.4520760640053,1238.9055511564006,1689.812704018854,1899.2554119819717,lgbm,2026-03-09,104,risk_eval,A-Z,False,False,False
750101310546,MXLI,7,2026-04-27,678.6366537718147,885.0558707572072,1368.413894968732,1900.4656893491576,2083.25892956144,lgbm,2026-03-09,104,risk_eval,A-Z,False,False,False
750101310546,MXLI,8,2026-05-04,618.3194651844151,763.5983547063577,1279.0321699266037,1760.8117207835191,1888.5525886927412,lgbm,2026-03-09,104,risk_eval,A-Z,False,False,False
750101310546,TLJ,1,2026-03-16,3000.0984710364937,3311.8921860275022,4948.269960609692,6498.18871106559,6674.773015269824,lgbm,2026-03-09,104,risk_eval,A-Z,False,False,False
750101310546,TLJ,2,2026-03-23,3120.774199232739,3629.3411945033176,4728.33801193878,5269.607582853326,6086.542910005512,lgbm,2026-03-09,104,risk_eval,A-Z,False,False,False
750101310546,TLJ,3,2026-03-30,3035.339979171138,3675.311598713928,5366.158172594467,6992.307393872228,7602.5132710214975,lgbm,2026-03-09,104,risk_eval,A-Z,False,False,False
750101310546,TLJ,4,2026-04-06,3015.284548844422,3655.729107969946,4904.035932395705,6261.062245825728,6788.131225316036,lgbm,2026-03-09,104,risk_eval,A-Z,False,False,False
750101310546,TLJ,5,2026-04-13,3402.0292347016466,4215.375967897551,5561.053501660346,6490.7092462637465,7030.683022143887,lgbm,2026-03-09,104,risk_eval,A-Z,False,False,False
750101310546,TLJ,6,2026-04-20,3038.9275688656717,3590.2820372920555,5137.796070712446,6485.057177526397,6952.938311568356,lgbm,2026-03-09,104,risk_eval,A-Z,False,False,False
750101310546,TLJ,7,2026-04-27,3003.1627404352257,3813.3078658438726,5816.031154303819,7349.498887305124,7648.829712188268,lgbm,2026-03-09,104,risk_eval,A-Z,False,False,False
750101310546,TLJ,8,2026-05-04,2760.645590047301,3214.8900739670053,5366.462832874832,6730.086668902007,7085.93805399825,lgbm,2026-03-09,104,risk_eval,A-Z,False,False,False
750101310546,VHSA,1,2026-03-16,2480.6148281011783,2638.5709290796185,4435.988015688014,6221.535448055006,6467.285943475802,lgbm,2026-03-09,104,risk_eval,A-Z,False,False,False
750101310546,VHSA,2,2026-03-23,2694.689426223382,3276.785608026758,4173.088897997106,4642.6034692285375,5791.328775861363,lgbm,2026-03-09,104,risk_eval,A-Z,False,False,False
750101310546,VHSA,3,2026-03-30,2525.91275264643,3477.140214289277,4648.526839826602,5968.940606138458,7088.182741099717,lgbm,2026-03-09,104,risk_eval,A-Z,False,False,False
750101310546,VHSA,4,2026-04-06,2585.882837172283,3207.1340948511747,4429.552924626925,5576.095807876231,6217.45070152047,lgbm,2026-03-09,104,risk_eval,A-Z,False,False,False
750101310546,VHSA,5,2026-04-13,2662.596283146746,3386.2754690531856,4711.493315378122,6205.634546460559,6698.573742715906,lgbm,2026-03-09,104,risk_eval,A-Z,False,False,False
750101310546,VHSA,6,2026-04-20,2550.5846610393965,3143.2961230381716,4523.668044649462,6037.183060701266,6377.050968670768,lgbm,2026-03-09,104,risk_eval,A-Z,False,False,False
750101310546,VHSA,7,2026-04-27,2438.9924114983833,3092.2094049450006,5285.196428462711,7131.574286782902,7359.710401940736,lgbm,2026-03-09,104,risk_eval,A-Z,False,False,False
750101310546,VHSA,8,2026-05-04,2423.4473324327346,2961.296190439614,5236.789308968926,6545.3376051007335,6763.098621962036,lgbm,2026-03-09,104,risk_eval,A-Z,False,False,False
750101310548,CCUL,1,2026-03-16,870.3548034212095,973.1218631956356,1346.9254081636257,1751.217770595124,1764.6261933759438,lgbm,2026-03-09,104,risk_eval,B-Z,False,False,False
750101310548,CCUL,2,2026-03-23,887.7478973685514,990.0862014670652,1364.9628301500338,1507.1856121272858,1658.706446033518,lgbm,2026-03-09,104,risk_eval,B-Z,False,False,False
750101310548,CCUL,3,2026-03-30,817.2386043476187,997.7801301337304,1634.980986280095,2278.665763411297,2395.509635521284,lgbm,2026-03-09,104,risk_eval,B-Z,False,False,False
750101310548,CCUL,4,2026-04-06,856.1368445250725,1044.3673025292794,1384.3699833671142,1764.5613567860144,1878.3327539152217,lgbm,2026-03-09,104,risk_eval,B-Z,False,False,False
750101310548,CCUL,5,2026-04-13,932.0931689321972,1119.7100059629731,1556.087929596677,1889.4023938871037,1956.4494485213384,lgbm,2026-03-09,104,risk_eval,B-Z,False,False,False
750101310548,CCUL,6,2026-04-20,840.7624790323284,1028.6685806686055,1386.0727807475046,1764.5447022840474,1917.4844794958826,lgbm,2026-03-09,104,risk_eval,B-Z,False,False,False
750101310548,CCUL,7,2026-04-27,920.0737763641707,1132.9351186750007,1681.5531930651423,2008.9589352526227,2054.6516870762134,lgbm,2026-03-09,104,risk_eval,B-Z,False,False,False
750101310548,CCUL,8,2026-05-04,814.0090707464944,957.7394662429858,1502.8639748369985,1847.5893179802304,1928.0533556673633,lgbm,2026-03-09,104,risk_eval,B-Z,False,False,False
750101310548,CMD2,1,2026-03-16,8997.801582760092,9877.775721878463,12902.269488629503,16531.15092497038,16887.32649345068,lgbm,2026-03-09,104,risk_eval,B-Z,False,False,False
750101310548,CMD2,2,2026-03-23,8965.642657003285,9643.991310101017,12897.93395227104,14810.750388894085,15854.68480977452,lgbm,2026-03-09,104,risk_eval,B-Z,False,False,False
750101310548,CMD2,3,2026-03-30,8549.522570660793,10013.799972842015,15621.21902676867,21999.261634562386,22813.22564186045,lgbm,2026-03-09,104,risk_eval,B-Z,False,False,False
750101310548,CMD2,4,2026-04-06,9070.59292945229,10768.499573906061,13943.626503582955,16261.701682122892,18100.224103777153,lgbm,2026-03-09,104,risk_eval,B-Z,False,False,False
750101310548,CMD2,5,2026-04-13,10816.83934592571,12125.499260067398,16178.407866626603,18016.260908434342,19501.632261759118,lgbm,2026-03-09,104,risk_eval,B-Z,False,False,False
750101310548,CMD2,6,2026-04-20,9134.83111557962,10671.659801807546,14602.578760295608,16404.13177411148,18236.034353259394,lgbm,2026-03-09,104,risk_eval,B-Z,False,False,False
750101310548,CMD2,7,2026-04-27,10652.623111876346,12182.949794766151,16987.907686012044,18839.95365892536,19908.942102884543,lgbm,2026-03-09,104,risk_eval,B-Z,False,False,False
750101310548,CMD2,8,2026-05-04,9864.429106745218,10957.197351091758,15488.819872207307,17103.871653866612,18509.83673483674,lgbm,2026-03-09,104,risk_eval,B-Z,False,False,False
750101310548,CMTY,1,2026-03-16,2039.8226300290141,2238.3051093276895,2982.6507946268966,3908.027101782217,4019.08549843096,lgbm,2026-03-09,104,risk_eval,B-Z,False,False,False
750101310548,CMTY,2,2026-03-23,2044.4144834397434,2245.221661187908,3151.6632048299693,3440.062872414496,3832.270151543957,lgbm,2026-03-09,104,risk_eval,B-Z,False,False,False
750101310548,CMTY,3,2026-03-30,2071.574522239017,2368.71208741559,3688.3070165730114,5015.68588598598,5166.840382181431,lgbm,2026-03-09,104,risk_eval,B-Z,False,False,False
750101310548,CMTY,4,2026-04-06,2109.1128066581864,2416.469898220802,3243.062649661989,4020.548227048421,4207.095695153743,lgbm,2026-03-09,104,risk_eval,B-Z,False,False,False
750101310548,CMTY,5,2026-04-13,2219.9155768387554,2560.600615264667,3571.592304329724,4198.711935049007,4364.584946370737,lgbm,2026-03-09,104,risk_eval,B-Z,False,False,False
750101310548,CMTY,6,2026-04-20,2061.23736040803,2351.499832337576,3153.2915769161164,3812.5146100602306,4072.1817299082554,lgbm,2026-03-09,104,risk_eval,B-Z,False,False,False
750101310548,CMTY,7,2026-04-27,2132.903267876081,2439.1403690393477,3639.5570376527767,4490.288565169318,4566.767631325495,lgbm,2026-03-09,104,risk_eval,B-Z,False,False,False
750101310548,CMTY,8,2026-05-04,2147.0694461369503,2441.5225461758378,3625.438770135388,4100.175809904295,4276.597616491374,lgbm,2026-03-09,104,risk_eval,B-Z,False,False,False
750101310548,MXLI,1,2026-03-16,686.8122403330547,739.781898547638,1040.3097472053464,1381.0588359985295,1405.3528342911595,lgbm,2026-03-09,104,risk_eval,B-Z,False,False,False
750101310548,MXLI,2,2026-03-23,700.6334657806797,757.9172164208425,1037.9948148500978,1199.249193562763,1317.6565413232236,lgbm,2026-03-09,104,risk_eval,B-Z,False,False,False
750101310548,MXLI,3,2026-03-30,639.3700620532466,752.759034811166,1211.0919964121304,1707.7339523359199,1753.9422250124192,lgbm,2026-03-09,104,risk_eval,B-Z,False,False,False
750101310548,MXLI,4,2026-04-06,678.4571913731899,769.5232153053918,1086.3950419956006,1356.4914028269814,1400.7678169136054,lgbm,2026-03-09,104,risk_eval,B-Z,False,False,False
750101310548,MXLI,5,2026-04-13,708.9799458058458,822.8533310672351,1192.803475297542,1516.0553248460203,1617.3989135037243,lgbm,2026-03-09,104,risk_eval,B-Z,False,False,False
750101310548,MXLI,6,2026-04-20,668.0590228495124,784.6467254492346,1126.866476083286,1434.2081871495886,1569.3072011539327,lgbm,2026-03-09,104,risk_eval,B-Z,False,False,False
750101310548,MXLI,7,2026-04-27,666.6983330138537,800.2499930377485,1239.9373840637534,1579.6500600637464,1648.244690590632,lgbm,2026-03-09,104,risk_eval,B-Z,False,False,False
750101310548,MXLI,8,2026-05-04,628.032210163091,735.1132221721477,1196.285377998768,1470.0683965840406,1574.659904130171,lgbm,2026-03-09,104,risk_eval,B-Z,False,False,False
750101310548,TLJ,1,2026-03-16,1986.601856950389,2252.88159442671,3129.774560078754,3991.7080606619606,4027.3998080766114,lgbm,2026-03-09,104,risk_eval,B-Z,False,False,False
750101310548,TLJ,2,2026-03-23,1962.0733279214455,2236.7997447108396,3141.0017425109345,3592.014280563385,3915.196518144262,lgbm,2026-03-09,104,risk_eval,B-Z,False,False,False
750101310548,TLJ,3,2026-03-30,1993.0884407599854,2301.7852423183263,3655.5111759135725,5266.503278567345,5319.240132360724,lgbm,2026-03-09,104,risk_eval,B-Z,False,False,False
750101310548,TLJ,4,2026-04-06,2050.6748655650554,2472.928069385113,3248.162190834076,3917.0613846262363,4304.926749084248,lgbm,2026-03-09,104,risk_eval,B-Z,False,False,False
750101310548,TLJ,5,2026-04-13,2460.797140829672,2804.225716241728,3708.8248772765915,4184.87423883263,4609.377142970927,lgbm,2026-03-09,104,risk_eval,B-Z,False,False,False
750101310548,TLJ,6,2026-04-20,2089.8115701100737,2474.385903351717,3319.5354299381906,3913.8734950440357,4330.187476472469,lgbm,2026-03-09,104,risk_eval,B-Z,False,False,False
750101310548,TLJ,7,2026-04-27,2464.8682145779317,2799.461270172832,3885.3189456812056,4397.6545490960225,4602.890111820573,lgbm,2026-03-09,104,risk_eval,B-Z,False,False,False
750101310548,TLJ,8,2026-05-04,1942.390623810102,2325.320725764511,3495.823608136716,4044.0186587622056,4402.762823406217,lgbm,2026-03-09,104,risk_eval,B-Z,False,False,False
750101310548,VHSA,1,2026-03-16,1176.9111164232033,1267.844603987563,1807.1864099870047,2391.1008972813966,2439.502082616603,lgbm,2026-03-09,104,risk_eval,B-Z,False,False,False
750101310548,VHSA,2,2026-03-23,1190.7796329882192,1305.3296460273684,1764.8969188535677,1989.7387604339037,2288.4757926471584,lgbm,2026-03-09,104,risk_eval,B-Z,False,False,False
750101310548,VHSA,3,2026-03-30,1173.3153852546789,1391.752273268697,2173.2751538035373,3098.0484779122244,3154.702797165268,lgbm,2026-03-09,104,risk_eval,B-Z,False,False,False
750101310548,VHSA,4,2026-04-06,1175.4013920925279,1436.7132540138086,1792.5401217480673,2380.766005673261,2593.490960707856,lgbm,2026-03-09,104,risk_eval,B-Z,False,False,False
750101310548,VHSA,5,2026-04-13,1336.0275593174797,1612.5397403443724,2195.742163868602,2556.3698994951587,2694.1530455300763,lgbm,2026-03-09,104,risk_eval,B-Z,False,False,False
750101310548,VHSA,6,2026-04-20,1159.6962124355439,1417.6826405940883,1825.9015144417708,2399.392995978623,2646.26519714319,lgbm,2026-03-09,104,risk_eval,B-Z,False,False,False
750101310548,VHSA,7,2026-04-27,1271.5928789246386,1535.8800372555736,2279.1194134820826,2763.4974438376316,2819.610382311195,lgbm,2026-03-09,104,risk_eval,B-Z,False,False,False
750101310548,VHSA,8,2026-05-04,1130.7913951489,1345.7393886005548,2098.6795540656294,2538.458758671781,2665.630387499788,lgbm,2026-03-09,104,risk_eval,B-Z,False,False,False
750101310550,CCUL,1,2026-03-16,1850.175926073016,1929.77055339514,2537.6703063459677,3390.8098698697177,3436.1174609389627,lgbm,2026-03-09,104,risk_eval,B-Y,False,False,False
750101310550,CCUL,2,2026-03-23,1874.520428266203,2039.343183889922,2358.512524914271,2872.6673453884887,3173.093657637613,lgbm,2026-03-09,104,risk_eval,B-Y,False,False,False
750101310550,CCUL,3,2026-03-30,2045.4717460047218,2291.2064693317334,3036.1810201509797,3483.049083616839,3522.6461779971855,lgbm,2026-03-09,104,risk_eval,B-Y,False,False,False
750101310550,CCUL,4,2026-04-06,1882.1624891041051,2117.5633659220207,2624.1357881598974,3201.308356119479,3372.43072582664,lgbm,2026-03-09,104,risk_eval,B-Y,False,False,False
750101310550,CCUL,5,2026-04-13,2001.3043006575945,2310.901131744544,2911.333211688057,3462.29856623371,3618.8754339649804,lgbm,2026-03-09,104,risk_eval,B-Y,False,False,False
750101310550,CCUL,6,2026-04-20,1877.0485758539862,2130.39641684461,2582.4806974467083,3292.859163000805,3494.567363039264,lgbm,2026-03-09,104,risk_eval,B-Y,False,False,False
750101310550,CCUL,7,2026-04-27,1902.3824243976158,2214.30408067603,3038.8623042233417,3933.695826094506,3955.360119609175,lgbm,2026-03-09,104,risk_eval,B-Y,False,False,False
750101310550,CCUL,8,2026-05-04,1671.9513895348587,1859.1869948320086,2747.293456384297,3555.9883764669216,3616.1682773381463,lgbm,2026-03-09,104,risk_eval,B-Y,False,False,False
750101310550,CMD2,1,2026-03-16,12974.95440554944,14506.310428283294,17646.833410349464,21609.734549630553,22700.801960959114,lgbm,2026-03-09,104,risk_eval,B-Y,False,False,False
750101310550,CMD2,2,2026-03-23,12941.749430829499,14447.102875895518,16362.699895599459,18733.623551470744,21356.46238665955,lgbm,2026-03-09,104,risk_eval,B-Y,False,False,False
750101310550,CMD2,3,2026-03-30,14464.438564419259,16346.980357151278,20939.462676669587,24214.473814274428,24389.90532277142,lgbm,2026-03-09,104,risk_eval,B-Y,False,False,False
750101310550,CMD2,4,2026-04-06,13567.80793337623,15432.229411394777,18455.21838540901,20607.08930561954,23292.41964565619,lgbm,2026-03-09,104,risk_eval,B-Y,False,False,False
750101310550,CMD2,5,2026-04-13,15600.35764896436,17993.391355260952,21197.787174111338,22401.16010473671,24305.03504867239,lgbm,2026-03-09,104,risk_eval,B-Y,False,False,False
750101310550,CMD2,6,2026-04-20,13487.736426624284,15481.463756790841,18759.57146100775,21071.1702668316,23579.262338775217,lgbm,2026-03-09,104,risk_eval,B-Y,False,False,False
750101310550,CMD2,7,2026-04-27,14925.974120782705,17354.169498042455,21979.65381023914,24955.69499722445,25761.816730739378,lgbm,2026-03-09,104,risk_eval,B-Y,False,False,False
750101310550,CMD2,8,2026-05-04,12736.753626920732,14974.669091826217,20073.633822473028,22301.500750161256,24522.469014703012,lgbm,2026-03-09,104,risk_eval,B-Y,False,False,False
750101310550,CMTY,1,2026-03-16,5589.410742369083,6093.680764929165,7312.05814889886,9157.556614502766,9484.283382436523,lgbm,2026-03-09,104,risk_eval,B-Y,False,False,False
750101310550,CMTY,2,2026-03-23,5528.25133542199,6293.9347365081285,6657.736307013761,7525.757304532921,8919.310825181668,lgbm,2026-03-09,104,risk_eval,B-Y,False,False,False
750101310550,CMTY,3,2026-03-30,5987.878613599016,6872.997203625746,8415.442287453452,9279.584460305869,10130.998672656951,lgbm,2026-03-09,104,risk_eval,B-Y,False,False,False
750101310550,CMTY,4,2026-04-06,5535.008675256997,6502.643784195983,7400.439920309325,8809.67757695224,9722.6591981912,lgbm,2026-03-09,104,risk_eval,B-Y,False,False,False
750101310550,CMTY,5,2026-04-13,5927.95038054167,6979.114131879431,8194.62444773945,9453.652457986196,10268.640629167456,lgbm,2026-03-09,104,risk_eval,B-Y,False,False,False
750101310550,CMTY,6,2026-04-20,5472.299903199832,6362.565175676358,7310.286536157818,8926.314086170569,9881.402331648269,lgbm,2026-03-09,104,risk_eval,B-Y,False,False,False
750101310550,CMTY,7,2026-04-27,5664.548903246734,6644.571961029962,8619.068392416226,10501.55582296041,11038.070900785347,lgbm,2026-03-09,104,risk_eval,B-Y,False,False,False
750101310550,CMTY,8,2026-05-04,5125.715823093633,5961.375779480936,7931.898619755962,9476.668867272654,10342.338828906175,lgbm,2026-03-09,104,risk_eval,B-Y,False,False,False
750101310550,MXLI,1,2026-03-16,1043.3245910361215,1071.196361159895,1418.4137970962806,1898.2365177809434,1925.7831475576384,lgbm,2026-03-09,104,risk_eval,B-Y,False,False,False
750101310550,MXLI,2,2026-03-23,1053.913392512956,1173.1629814533328,1331.324042645801,1550.542432632218,1766.4497103775773,lgbm,2026-03-09,104,risk_eval,B-Y,False,False,False
750101310550,MXLI,3,2026-03-30,1118.9621368092683,1295.6500174043495,1633.445110740252,1844.99418228732,1969.3933071725262,lgbm,2026-03-09,104,risk_eval,B-Y,False,False,False
750101310550,MXLI,4,2026-04-06,1054.1469561911124,1206.9533338038182,1455.9596614971858,1784.8823455756701,1882.719676328665,lgbm,2026-03-09,104,risk_eval,B-Y,False,False,False
750101310550,MXLI,5,2026-04-13,1123.902314346479,1298.039449260803,1634.6449173586855,1915.8226417198223,2006.0704550580483,lgbm,2026-03-09,104,risk_eval,B-Y,False,False,False
750101310550,MXLI,6,2026-04-20,1043.2753287717424,1203.4426869007168,1438.8020524306264,1807.3683393584802,1943.5373181646805,lgbm,2026-03-09,104,risk_eval,B-Y,False,False,False
750101310550,MXLI,7,2026-04-27,1032.349250710039,1194.385509813893,1600.9060544305642,2088.755001599398,2143.6189915861823,lgbm,2026-03-09,104,risk_eval,B-Y,False,False,False
750101310550,MXLI,8,2026-05-04,888.1490763736994,1061.248572171446,1442.5224621553054,1793.3175493841993,1931.3691253854531,lgbm,2026-03-09,104,risk_eval,B-Y,False,False,False
750101310550,TLJ,1,2026-03-16,4250.812040813687,4579.032327325063,5907.464552925225,7660.915383599864,7900.873956016686,lgbm,2026-03-09,104,risk_eval,B-Y,False,False,False
750101310550,TLJ,2,2026-03-23,4236.808199442878,4627.084736346285,5540.313039998696,6534.23535622704,7309.169972843283,lgbm,2026-03-09,104,risk_eval,B-Y,False,False,False
750101310550,TLJ,3,2026-03-30,4610.186204562353,5198.591674969456,7009.653891636362,8310.404927788028,8402.48047352792,lgbm,2026-03-09,104,risk_eval,B-Y,False,False,False
750101310550,TLJ,4,2026-04-06,4363.202341459468,4978.825986612923,6286.123440897964,7317.8733835133235,8161.834059794954,lgbm,2026-03-09,104,risk_eval,B-Y,False,False,False
750101310550,TLJ,5,2026-04-13,4864.754662698515,5588.061389642574,7058.215432279984,7997.696933948696,8421.154128096146,lgbm,2026-03-09,104,risk_eval,B-Y,False,False,False
750101310550,TLJ,6,2026-04-20,4344.47857345935,4857.468348212865,6227.7891718611345,7486.671234832797,8201.94330855913,lgbm,2026-03-09,104,risk_eval,B-Y,False,False,False
750101310550,TLJ,7,2026-04-27,4834.260493661095,5672.39143974674,7404.13364110139,8900.81031860882,9133.749907113704,lgbm,2026-03-09,104,risk_eval,B-Y,False,False,False
750101310550,TLJ,8,2026-05-04,3851.398057104217,4448.443120391594,6491.5806608212515,7842.350627798294,8464.674326794151,lgbm,2026-03-09,104,risk_eval,B-Y,False,False,False
750101310550,VHSA,1,2026-03-16,4340.893782406019,4417.570763544022,6875.97849637821,9475.523740492335,9557.445383329437,lgbm,2026-03-09,104,risk_eval,B-Y,False,False,False
750101310550,VHSA,2,2026-03-23,4531.165839271805,4965.648602889165,6359.730904555444,7930.368947213117,8818.914966644,lgbm,2026-03-09,104,risk_eval,B-Y,False,False,False
750101310550,VHSA,3,2026-03-30,5174.3260453036855,6070.1123440818,8082.4426823092745,9071.621451387171,9979.838129599773,lgbm,2026-03-09,104,risk_eval,B-Y,False,False,False
750101310550,VHSA,4,2026-04-06,4860.7854776422355,5704.965550197209,7159.826784558938,8454.981834496468,9337.913978313109,lgbm,2026-03-09,104,risk_eval,B-Y,False,False,False
750101310550,VHSA,5,2026-04-13,5151.532823858575,6023.13514925038,7845.252537394457,9220.450974862495,9898.790035710572,lgbm,2026-03-09,104,risk_eval,B-Y,False,False,False
750101310550,VHSA,6,2026-04-20,4772.039525099819,5598.639412944005,7158.172407978836,8967.289450212409,9497.553046584371,lgbm,2026-03-09,104,risk_eval,B-Y,False,False,False
750101310550,VHSA,7,2026-04-27,4893.141525266594,5816.639357672458,8394.717957257231,10526.716879782178,10787.82306998272,lgbm,2026-03-09,104,risk_eval,B-Y,False,False,False
750101310550,VHSA,8,2026-05-04,4624.78473783388,5481.78086853053,7990.47457314459,9779.701460218603,9813.435856983106,lgbm,2026-03-09,104,risk_eval,B-Y,False,False,False
750101310551,CCUL,1,2026-03-16,360.0555762844869,389.96563322729173,499.5839206011502,636.6279418742845,664.4093500455482,lgbm,2026-03-09,104,risk_eval,B-Z,False,False,False
750101310551,CCUL,2,2026-03-23,337.37372102334393,388.92315903402346,510.61554146456746,634.3861178290508,673.5827073355314,lgbm,2026-03-09,104,risk_eval,B-Z,False,False,False
750101310551,CCUL,3,2026-03-30,322.1496159328553,388.28658051962105,521.7713557955069,677.8213969771109,749.9086593037797,lgbm,2026-03-09,104,risk_eval,B-Z,False,False,False
750101310551,CCUL,4,2026-04-06,343.1155797069776,371.6594941159225,501.9738978795146,625.5237739624957,647.0360915704308,lgbm,2026-03-09,104,risk_eval,B-Z,False,False,False
750101310551,CCUL,5,2026-04-13,337.7978095198919,372.4810222159968,504.4164605556053,626.8290105877837,645.9594508504534,lgbm,2026-03-09,104,risk_eval,B-Z,False,False,False
750101310551,CCUL,6,2026-04-20,330.8048756051368,371.2337743957246,499.89429466022307,626.0470186021593,649.1937460414508,lgbm,2026-03-09,104,risk_eval,B-Z,False,False,False
750101310551,CCUL,7,2026-04-27,324.7797484164498,368.4585236709945,502.54395701314,644.55723972869,661.4602773335693,lgbm,2026-03-09,104,risk_eval,B-Z,False,False,False
750101310551,CCUL,8,2026-05-04,285.6897940901631,333.57049772698724,479.4233367102926,634.0649129435948,641.9149016845857,lgbm,2026-03-09,104,risk_eval,B-Z,False,False,False
750101310551,CMD2,1,2026-03-16,2101.0709940105157,2266.6078691926923,2567.14783185666,3047.9803540908406,3197.1218561013256,lgbm,2026-03-09,104,risk_eval,B-Z,False,False,False
750101310551,CMD2,2,2026-03-23,2003.1396830699202,2217.9302487824307,2627.9186247108887,3036.502337331966,3274.438081679255,lgbm,2026-03-09,104,risk_eval,B-Z,False,False,False
750101310551,CMD2,3,2026-03-30,1856.1776893784552,2186.6571083432364,2737.173079624509,3334.8819812615816,3801.648847875146,lgbm,2026-03-09,104,risk_eval,B-Z,False,False,False
750101310551,CMD2,4,2026-04-06,1925.1838221072298,2091.860722010867,2587.443171188516,3163.8430459037404,3221.2304033420446,lgbm,2026-03-09,104,risk_eval,B-Z,False,False,False
750101310551,CMD2,5,2026-04-13,1973.5494067004845,2200.7547348900316,2738.257678475606,3216.3298042508723,3426.2473572888566,lgbm,2026-03-09,104,risk_eval,B-Z,False,False,False
750101310551,CMD2,6,2026-04-20,1847.7234245034838,1991.8421746797558,2575.4543102278485,3072.3025038466326,3150.3162896587874,lgbm,2026-03-09,104,risk_eval,B-Z,False,False,False
750101310551,CMD2,7,2026-04-27,1860.6532906085583,2040.0762912072373,2624.478698904303,3135.5869496933306,3197.6332169630837,lgbm,2026-03-09,104,risk_eval,B-Z,False,False,False
750101310551,CMD2,8,2026-05-04,1669.7517527466846,1897.4669923580573,2473.946064864479,3111.420669544932,3174.631651086751,lgbm,2026-03-09,104,risk_eval,B-Z,False,False,False
750101310551,CMTY,1,2026-03-16,200.60659553668881,213.63577111101216,270.6746361804734,357.6749422332659,368.60376864100635,lgbm,2026-03-09,104,risk_eval,B-Z,False,False,False
750101310551,CMTY,2,2026-03-23,194.52930706074224,211.56189427190583,287.287258369108,380.82064135203785,384.3818586178878,lgbm,2026-03-09,104,risk_eval,B-Z,False,False,False
750101310551,CMTY,3,2026-03-30,186.6171658111812,206.43525883262487,300.9693874119999,420.7383049390712,439.7612484416303,lgbm,2026-03-09,104,risk_eval,B-Z,False,False,False
750101310551,CMTY,4,2026-04-06,189.08763793386808,205.38592957691418,285.17796511049426,374.5944980265136,395.4653994281965,lgbm,2026-03-09,104,risk_eval,B-Z,False,False,False
750101310551,CMTY,5,2026-04-13,202.14612452434804,219.95539545500748,307.83631712720023,380.29253895262383,398.26054571895475,lgbm,2026-03-09,104,risk_eval,B-Z,False,False,False
750101310551,CMTY,6,2026-04-20,186.70715737605678,205.74204682320772,288.09577910771236,373.7618314825604,399.7047238327835,lgbm,2026-03-09,104,risk_eval,B-Z,False,False,False
750101310551,CMTY,7,2026-04-27,179.33114258804144,193.31634859852875,279.7297169459258,369.7497727181436,370.83634918106054,lgbm,2026-03-09,104,risk_eval,B-Z,False,False,False
750101310551,CMTY,8,2026-05-04,161.78071329702462,186.41753568178538,265.5339763003452,366.32560097219283,372.93153201949127,lgbm,2026-03-09,104,risk_eval,B-Z,False,False,False
750101310551,MXLI,1,2026-03-16,37.00906739857731,41.183139247420826,61.46463381848792,84.22495089777246,90.86884589984548,lgbm,2026-03-09,104,risk_eval,B-Z,False,False,False
750101310551,MXLI,2,2026-03-23,35.80173876967352,43.243981258060224,61.855255617327124,82.31450519053111,87.8249487488194,lgbm,2026-03-09,104,risk_eval,B-Z,False,False,False
750101310551,MXLI,3,2026-03-30,32.906808366875595,40.89009452118654,64.31938916814573,89.67836630282986,94.63346785001055,lgbm,2026-03-09,104,risk_eval,B-Z,False,False,False
750101310551,MXLI,4,2026-04-06,34.30678272793392,39.41219339115657,61.57159474944235,83.06705187599094,88.92950504800496,lgbm,2026-03-09,104,risk_eval,B-Z,False,False,False
750101310551,MXLI,5,2026-04-13,33.34120955461775,39.22331756160371,62.70135714113953,84.01330027306,89.673642428468,lgbm,2026-03-09,104,risk_eval,B-Z,False,False,False
750101310551,MXLI,6,2026-04-20,32.08141915007673,39.090262882641106,61.380054897200814,82.18576157464243,89.72777986399299,lgbm,2026-03-09,104,risk_eval,B-Z,False,False,False
750101310551,MXLI,7,2026-04-27,32.90308415080904,37.43434927116641,62.71731426708043,87.32989507873525,95.07833258392193,lgbm,2026-03-09,104,risk_eval,B-Z,False,False,False
750101310551,MXLI,8,2026-05-04,29.79026822366139,36.28147413532166,59.73458271268575,86.21714282454204,92.21802943872305,lgbm,2026-03-09,104,risk_eval,B-Z,False,False,False
750101310551,TLJ,1,2026-03-16,598.8310657927914,622.2058073313046,738.3951921149809,883.7790686839959,907.9060720939399,lgbm,2026-03-09,104,risk_eval,B-Z,False,False,False
750101310551,TLJ,2,2026-03-23,579.262314609141,618.5570411691768,764.7076810375355,905.8134063936509,953.3072729809925,lgbm,2026-03-09,104,risk_eval,B-Z,False,False,False
750101310551,TLJ,3,2026-03-30,519.6492644577586,603.4277043780602,785.4398743346754,945.7651103301598,1141.4491839053112,lgbm,2026-03-09,104,risk_eval,B-Z,False,False,False
750101310551,TLJ,4,2026-04-06,551.9416443955785,578.2123294221092,749.9578241414112,943.3167473812781,949.8649977388956,lgbm,2026-03-09,104,risk_eval,B-Z,False,False,False
750101310551,TLJ,5,2026-04-13,542.720978892672,578.3543839993583,760.5667511819242,937.1185758310265,962.4216526657782,lgbm,2026-03-09,104,risk_eval,B-Z,False,False,False
750101310551,TLJ,6,2026-04-20,531.7187989641255,550.3272744529235,748.2917853772074,926.8997120271156,949.545414660179,lgbm,2026-03-09,104,risk_eval,B-Z,False,False,False
750101310551,TLJ,7,2026-04-27,539.7138651722802,573.1703044020899,765.5729046136046,932.6314801494676,960.6893068702925,lgbm,2026-03-09,104,risk_eval,B-Z,False,False,False
750101310551,TLJ,8,2026-05-04,464.8191238780848,514.6883554016399,719.6580687189031,912.997387988112,932.6227680752718,lgbm,2026-03-09,104,risk_eval,B-Z,False,False,False
750101310551,VHSA,1,2026-03-16,287.8318964581981,303.5278469803055,379.4999888676346,497.9910345176203,499.8735207483088,lgbm,2026-03-09,104,risk_eval,B-Z,False,False,False
750101310551,VHSA,2,2026-03-23,274.33122960304945,316.4353453604041,381.16083936129934,490.62274051527277,536.0389782649277,lgbm,2026-03-09,104,risk_eval,B-Z,False,False,False
750101310551,VHSA,3,2026-03-30,248.3905476362399,294.2972402936981,403.32787451322946,525.061143360436,620.2090872328436,lgbm,2026-03-09,104,risk_eval,B-Z,False,False,False
750101310551,VHSA,4,2026-04-06,258.1103764236648,287.8789064337898,377.8994367224065,502.1234335440979,535.9625631621068,lgbm,2026-03-09,104,risk_eval,B-Z,False,False,False
750101310551,VHSA,5,2026-04-13,259.2604634241101,280.8478683887313,389.7459366505423,516.2556912106801,544.4535603777141,lgbm,2026-03-09,104,risk_eval,B-Z,False,False,False
750101310551,VHSA,6,2026-04-20,256.0298722504279,278.79629572690214,382.7686120500673,512.1161001474504,540.0699493830784,lgbm,2026-03-09,104,risk_eval,B-Z,False,False,False
750101310551,VHSA,7,2026-04-27,253.27376443454358,273.7902016349584,392.4133884789037,519.8081650472044,548.4778002791575,lgbm,2026-03-09,104,risk_eval,B-Z,False,False,False
750101310551,VHSA,8,2026-05-04,226.94049894683155,269.54108115158397,372.9401320898293,515.8888671368472,544.0795212075052,lgbm,2026-03-09,104,risk_eval,B-Z,False,False,False
750101310553,CCUL,1,2026-03-16,64.82236735667152,74.72607348911731,110.77661272753103,154.20601036007858,161.26551657173746,lgbm,2026-03-09,104,risk_eval,B-Z,False,False,False
750101310553,CCUL,2,2026-03-23,64.31150514895637,76.4167010898999,105.96179882092582,140.44397718006965,164.99535196162736,lgbm,2026-03-09,104,risk_eval,B-Z,False,False,False
750101310553,CCUL,3,2026-03-30,60.44373345559536,66.96179538898367,112.22907544814379,168.25815497655955,173.9549744192101,lgbm,2026-03-09,104,risk_eval,B-Z,False,False,False
750101310553,CCUL,4,2026-04-06,61.647275703191546,64.69034237148654,109.13239406999546,159.99787861612677,166.35692838206816,lgbm,2026-03-09,104,risk_eval,B-Z,False,False,False
750101310553,CCUL,5,2026-04-13,0.0,64.92896015281812,111.72989966015123,170.29188490048588,530.8024839896194,lgbm,2026-03-09,104,risk_eval,B-Z,False,False,False
750101310553,CCUL,6,2026-04-20,0.0,61.25557476758523,108.26296907569115,168.82469350580556,527.2654090138956,lgbm,2026-03-09,104,risk_eval,B-Z,False,False,False
750101310553,CCUL,7,2026-04-27,0.0,61.92879544663984,112.44563623089343,170.60666583094087,530.6794786146936,lgbm,2026-03-09,104,risk_eval,B-Z,False,False,False
750101310553,CCUL,8,2026-05-04,0.0,51.640163580464915,109.83414279904785,171.25197748838016,528.6381038958625,lgbm,2026-03-09,104,risk_eval,B-Z,False,False,False
750101310553,CMD2,1,2026-03-16,418.7167308053306,590.2509295725686,771.3552110998016,1006.8546439600951,1130.3491387600466,lgbm,2026-03-09,104,risk_eval,B-Z,False,False,False
750101310553,CMD2,2,2026-03-23,415.9526991066659,579.0392793419577,749.9086599819057,887.4040658984835,1117.103727708712,lgbm,2026-03-09,104,risk_eval,B-Z,False,False,False
750101310553,CMD2,3,2026-03-30,386.41744981046793,524.1952106569295,764.292947139276,1094.4857750860142,1251.4481254541627,lgbm,2026-03-09,104,risk_eval,B-Z,False,False,False
750101310553,CMD2,4,2026-04-06,410.3639256490902,496.71675983067496,750.7997734773098,1024.3113962663201,1099.3232644404545,lgbm,2026-03-09,104,risk_eval,B-Z,False,False,False
750101310553,CMD2,5,2026-04-13,402.56321582303156,521.4027971905605,760.6585606528423,1051.6645520525192,1129.6295340995289,lgbm,2026-03-09,104,risk_eval,B-Z,False,False,False
750101310553,CMD2,6,2026-04-20,389.287903790314,487.3160257962532,747.5881572080881,1027.8008081434716,1103.617714990196,lgbm,2026-03-09,104,risk_eval,B-Z,False,False,False
750101310553,CMD2,7,2026-04-27,363.06693423924816,508.3707813279038,761.53632648978,1069.5737727867418,1176.376815636875,lgbm,2026-03-09,104,risk_eval,B-Z,False,False,False
750101310553,CMD2,8,2026-05-04,355.123790889156,429.0944629527097,748.8545450486938,1041.7746592511198,1113.0675968217988,lgbm,2026-03-09,104,risk_eval,B-Z,False,False,False
750101310553,CMTY,1,2026-03-16,125.41965005205252,150.25556462960103,200.517415308856,261.6561504959432,275.05226572058143,lgbm,2026-03-09,104,risk_eval,B-Z,False,False,False
750101310553,CMTY,2,2026-03-23,123.74051412498454,147.64819853008015,184.5423467731317,235.56250677816547,281.4813840133412,lgbm,2026-03-09,104,risk_eval,B-Z,False,False,False
750101310553,CMTY,3,2026-03-30,115.76167012734598,131.01221647968788,195.9600399480339,297.7741193918024,301.0458671664009,lgbm,2026-03-09,104,risk_eval,B-Z,False,False,False
750101310553,CMTY,4,2026-04-06,116.77188141848058,128.28309317175336,197.20780157167448,281.92120473547357,285.0690325554258,lgbm,2026-03-09,104,risk_eval,B-Z,False,False,False
750101310553,CMTY,5,2026-04-13,0.0,130.97294172905004,202.6105416843161,298.40231852308506,986.6111732372832,lgbm,2026-03-09,104,risk_eval,B-Z,False,False,False
750101310553,CMTY,6,2026-04-20,113.60892939967101,122.46160130646845,191.07105259650635,293.13335961918114,293.401645836664,lgbm,2026-03-09,104,risk_eval,B-Z,False,False,False
750101310553,CMTY,7,2026-04-27,109.68304926712858,126.66548397852063,198.2122756206422,300.1484551724643,301.4500210838323,lgbm,2026-03-09,104,risk_eval,B-Z,False,False,False
750101310553,CMTY,8,2026-05-04,105.099002296097,113.85825577008531,195.3319815360368,295.9104696259201,297.1892583854818,lgbm,2026-03-09,104,risk_eval,B-Z,False,False,False
750101310553,MXLI,1,2026-03-16,13.332750007367713,19.435031479336523,49.02862951803148,84.33645998076472,89.05311415143312,lgbm,2026-03-09,39,risk_eval,B-Z,False,False,False
750101310553,MXLI,2,2026-03-23,12.544945464280564,20.353704905191314,46.09011300159795,74.59478559344772,89.03104893709822,lgbm,2026-03-09,39,risk_eval,B-Z,False,False,False
750101310553,MXLI,3,2026-03-30,9.909453754796171,17.706333830729474,49.19651045063006,78.57651597796908,93.82727723659879,lgbm,2026-03-09,39,risk_eval,B-Z,False,False,False
750101310553,MXLI,4,2026-04-06,7.391043927074293,10.915088849314902,48.51566629934391,93.00251027002851,95.88406145662958,lgbm,2026-03-09,39,risk_eval,B-Z,False,False,False
750101310553,MXLI,5,2026-04-13,6.117173003964915,10.231778847520435,49.82562349176115,96.81575159523257,98.02332082189452,lgbm,2026-03-09,39,risk_eval,B-Z,False,False,False
750101310553,MXLI,6,2026-04-20,1.5740433350103622,7.231132030034253,48.16554019377539,101.34265563433841,108.89366521965471,lgbm,2026-03-09,39,risk_eval,B-Z,False,False,False
750101310553,MXLI,7,2026-04-27,1.0688219658413942,6.327877956428463,49.95019791342523,102.82476856385502,110.4263392725533,lgbm,2026-03-09,39,risk_eval,B-Z,False,False,False
750101310553,MXLI,8,2026-05-04,0.0,3.0137728505828925,49.39365433681598,102.52518886351756,109.22485015531524,lgbm,2026-03-09,39,risk_eval,B-Z,False,False,False
750101310553,TLJ,1,2026-03-16,0.0,80.57609585416952,115.01553991945678,168.27421269733995,549.0996787928399,lgbm,2026-03-09,99,risk_eval,B-Z,False,False,False
750101310553,TLJ,2,2026-03-23,0.0,81.95051154298915,109.5933167775219,153.1891777630024,553.8870492303543,lgbm,2026-03-09,99,risk_eval,B-Z,False,False,False
750101310553,TLJ,3,2026-03-30,69.83559620032234,73.77233722725714,114.59513321056001,187.90225347292096,190.81605391324948,lgbm,2026-03-09,99,risk_eval,B-Z,False,False,False
750101310553,TLJ,4,2026-04-06,0.0,72.53451347048245,115.87647614669842,179.26100387517766,555.331668861252,lgbm,2026-03-09,99,risk_eval,B-Z,False,False,False
750101310553,TLJ,5,2026-04-13,67.90891854838395,73.41347489389852,116.39573031247492,187.33379629181513,187.3666500344751,lgbm,2026-03-09,99,risk_eval,B-Z,False,False,False
750101310553,TLJ,6,2026-04-20,0.0,69.90594129257585,115.65999608982317,182.27521243062375,555.6866700347317,lgbm,2026-03-09,99,risk_eval,B-Z,False,False,False
750101310553,TLJ,7,2026-04-27,66.81055128881141,72.03733871980238,116.46657355739521,187.0883738533452,189.05410445661119,lgbm,2026-03-09,99,risk_eval,B-Z,False,False,False
750101310553,TLJ,8,2026-05-04,62.061939754657075,63.339242445395655,113.71032366403719,184.10848651634322,185.99996328630934,lgbm,2026-03-09,99,risk_eval,B-Z,False,False,False
750101310553,VHSA,1,2026-03-16,18.830772767650814,28.77384758619635,70.53460101524489,135.35726858905662,140.74008778294828,lgbm,2026-03-09,39,risk_eval,B-Z,False,False,False
750101310553,VHSA,2,2026-03-23,19.40096678415302,31.202720516762287,65.61077611793053,118.63226378895024,135.68515513887928,lgbm,2026-03-09,39,risk_eval,B-Z,False,False,False
750101310553,VHSA,3,2026-03-30,16.631782320990876,27.973342098930665,70.68349577778928,122.63313856852736,139.8019386080721,lgbm,2026-03-09,39,risk_eval,B-Z,False,False,False
750101310553,VHSA,4,2026-04-06,12.179374829465548,19.904579458881226,69.98504760243036,142.252802723717,144.7229171220988,lgbm,2026-03-09,39,risk_eval,B-Z,False,False,False
750101310553,VHSA,5,2026-04-13,9.848917480056766,20.480247353032215,74.01079311118619,144.02023146014207,150.3893606138487,lgbm,2026-03-09,39,risk_eval,B-Z,False,False,False
750101310553,VHSA,6,2026-04-20,4.45289460012831,14.318585254730067,70.97340536919843,156.96341453804925,160.24106211222124,lgbm,2026-03-09,39,risk_eval,B-Z,False,False,False
750101310553,VHSA,7,2026-04-27,2.602141567665239,13.427209730175512,74.3223043397727,159.06240856543172,163.69565868882424,lgbm,2026-03-09,39,risk_eval,B-Z,False,False,False
750101310553,VHSA,8,2026-05-04,0.0,9.10139797663243,72.51717858285625,158.2832760846789,161.86505307419975,lgbm,2026-03-09,39,risk_eval,B-Z,False,False,False
750101310555,CCUL,1,2026-03-16,34.380047788688394,35.757208821753075,63.98769620097638,83.8695679709951,86.73649820152126,lgbm,2026-03-09,104,risk_eval,B-Y,False,False,False
750101310555,CCUL,2,2026-03-23,31.23672762441778,32.47935704023723,63.589999783007954,92.49282283092776,93.21680442538876,lgbm,2026-03-09,104,risk_eval,B-Y,False,False,False
750101310555,CCUL,3,2026-03-30,30.066374744608666,30.88612977156379,71.36183884627512,98.58680949969161,99.1658226555474,lgbm,2026-03-09,104,risk_eval,B-Y,False,False,False
750101310555,CCUL,4,2026-04-06,29.368317087206968,29.43217074208996,61.369157918515974,87.01820444540797,92.56195815512486,lgbm,2026-03-09,104,risk_eval,B-Y,False,False,False
750101310555,CCUL,5,2026-04-13,28.622533492941685,29.047129342918694,61.796253753669596,90.55533050477736,95.50862867479749,lgbm,2026-03-09,104,risk_eval,B-Y,False,False,False
750101310555,CCUL,6,2026-04-20,27.03830899212694,28.484286768484193,62.11694921032906,88.66485942672668,93.37970678107915,lgbm,2026-03-09,104,risk_eval,B-Y,False,False,False
750101310555,CCUL,7,2026-04-27,28.972395643185507,29.892525754441003,64.43479008089714,90.35165057416593,96.48164402166914,lgbm,2026-03-09,104,risk_eval,B-Y,False,False,False
750101310555,CCUL,8,2026-05-04,26.095154969291976,26.62878979019316,59.50693549396092,88.74458365634612,94.8318370299279,lgbm,2026-03-09,104,risk_eval,B-Y,False,False,False
750101310555,CMTY,1,2026-03-16,225.75044668618227,226.4890709933713,308.9664186653742,428.42675757355295,430.0925094640758,lgbm,2026-03-09,104,risk_eval,B-Y,False,False,False
750101310555,CMTY,2,2026-03-23,151.8631784997629,204.75046356045132,309.33014288556745,453.7867594965269,737.3755606902347,lgbm,2026-03-09,104,risk_eval,B-Y,False,False,False
750101310555,CMTY,3,2026-03-30,194.0947768821153,197.77166129879305,342.1531373353651,484.8606053678135,491.43473502620327,lgbm,2026-03-09,104,risk_eval,B-Y,False,False,False
750101310555,CMTY,4,2026-04-06,143.1079102132627,185.2198024723042,303.6729978540775,470.9207431847257,709.8411676286205,lgbm,2026-03-09,104,risk_eval,B-Y,False,False,False
750101310555,CMTY,5,2026-04-13,187.4362778238647,192.4107249768254,311.8072662703446,464.2071441378963,465.0032341025969,lgbm,2026-03-09,104,risk_eval,B-Y,False,False,False
750101310555,CMTY,6,2026-04-20,188.32670751107173,193.2482148633956,303.24181080352207,453.1661960190929,459.4164695476471,lgbm,2026-03-09,104,risk_eval,B-Y,False,False,False
750101310555,CMTY,7,2026-04-27,194.1054165349955,201.4927200552155,314.0371056949875,463.57546240313167,472.33194673073524,lgbm,2026-03-09,104,risk_eval,B-Y,False,False,False
750101310555,CMTY,8,2026-05-04,179.1505552286513,179.45177205084505,290.0453435259028,455.93240467704214,469.0442608694683,lgbm,2026-03-09,104,risk_eval,B-Y,False,False,False
750101310555,MXLI,1,2026-03-16,31.77719283349179,32.33502803319907,60.496345214710686,100.48513348593097,100.89389849783542,lgbm,2026-03-09,104,risk_eval,B-Y,False,False,False
750101310555,MXLI,2,2026-03-23,28.72793360098886,30.55856943637396,59.25837483400017,101.4026855054884,103.99425132424284,lgbm,2026-03-09,104,risk_eval,B-Y,False,False,False
750101310555,MXLI,3,2026-03-30,25.84249327100795,27.62724268365455,64.03638310547359,104.97922205359293,108.86297864625726,lgbm,2026-03-09,104,risk_eval,B-Y,False,False,False
750101310555,MXLI,4,2026-04-06,26.5651000993425,27.808170405581457,56.36318402954858,97.73329968812929,102.06097389626301,lgbm,2026-03-09,104,risk_eval,B-Y,False,False,False
750101310555,MXLI,5,2026-04-13,26.76017168138175,27.58398501048533,57.670529981832175,99.4933763905965,102.87775144258589,lgbm,2026-03-09,104,risk_eval,B-Y,False,False,False
750101310555,MXLI,6,2026-04-20,26.923582627485317,27.298692255596663,55.99734903411478,97.71372569629345,102.67498033845428,lgbm,2026-03-09,104,risk_eval,B-Y,False,False,False
750101310555,MXLI,7,2026-04-27,26.17130462502993,26.697583475773808,58.573551593400225,105.5403569236344,106.35802999303908,lgbm,2026-03-09,104,risk_eval,B-Y,False,False,False
750101310555,MXLI,8,2026-05-04,25.01576692754965,25.03189711900597,53.68289370958439,98.36916815405831,103.20552638778008,lgbm,2026-03-09,104,risk_eval,B-Y,False,False,False
750101310555,TLJ,1,2026-03-16,82.9708738493366,84.90242671273631,125.17298878055115,177.88301191371087,182.90938341745277,lgbm,2026-03-09,104,risk_eval,B-Y,False,False,False
750101310555,TLJ,2,2026-03-23,70.93327845870056,77.18584410326874,126.65150477984189,190.109766359746,194.75459353648466,lgbm,2026-03-09,104,risk_eval,B-Y,False,False,False
750101310555,TLJ,3,2026-03-30,69.96097666405922,70.4680764216467,141.18810429060417,201.16665475812889,204.96060674097237,lgbm,2026-03-09,104,risk_eval,B-Y,False,False,False
750101310555,TLJ,4,2026-04-06,69.59784191867315,69.89635048372043,122.07374373681822,184.92719006538402,194.42340768996613,lgbm,2026-03-09,104,risk_eval,B-Y,False,False,False
750101310555,TLJ,5,2026-04-13,67.06941075821666,68.98463976898408,124.8625103037874,191.582523865337,199.31193126579404,lgbm,2026-03-09,104,risk_eval,B-Y,False,False,False
750101310555,TLJ,6,2026-04-20,68.99195391890947,68.99611498150716,122.11275292945815,186.57742698013826,195.65426670438274,lgbm,2026-03-09,104,risk_eval,B-Y,False,False,False
750101310555,TLJ,7,2026-04-27,70.41823332151057,76.04044687131066,126.48807699974948,193.2652910149094,201.69071020149858,lgbm,2026-03-09,104,risk_eval,B-Y,False,False,False
750101310555,TLJ,8,2026-05-04,63.66858923865638,65.80663009054504,116.70429205389931,187.68417347471055,197.94151795770787,lgbm,2026-03-09,104,risk_eval,B-Y,False,False,False
750101310555,VHSA,1,2026-03-16,48.131191732136514,48.80806245243746,85.72451506098538,117.14875849513948,118.85550148183175,lgbm,2026-03-09,104,risk_eval,B-Y,False,False,False
750101310555,VHSA,2,2026-03-23,44.279774891883946,45.871147662753124,84.19764712422575,124.78395222666809,127.45725523703634,lgbm,2026-03-09,104,risk_eval,B-Y,False,False,False
750101310555,VHSA,3,2026-03-30,41.97517672862274,42.43028950966895,95.49052791311877,133.18253774182483,135.74682895179757,lgbm,2026-03-09,104,risk_eval,B-Y,False,False,False
750101310555,VHSA,4,2026-04-06,39.816438601682364,41.234534217714554,83.4412180093996,119.88536013418833,122.45797300699176,lgbm,2026-03-09,104,risk_eval,B-Y,False,False,False
750101310555,VHSA,5,2026-04-13,40.1679710669639,40.74268802785156,82.63513665764351,124.75151452877782,129.93990110012038,lgbm,2026-03-09,104,risk_eval,B-Y,False,False,False
750101310555,VHSA,6,2026-04-20,39.208586673193324,39.96595230529998,82.83798369138287,121.86598890353629,127.06475890326881,lgbm,2026-03-09,104,risk_eval,B-Y,False,False,False
750101310555,VHSA,7,2026-04-27,40.2466158845059,41.81294260817677,86.10615039037425,124.38274905755132,131.28342538011051,lgbm,2026-03-09,104,risk_eval,B-Y,False,False,False
750101310555,VHSA,8,2026-05-04,37.732562890471854,38.91183561669705,80.22224765301827,121.73329786735086,128.68609830903006,lgbm,2026-03-09,104,risk_eval,B-Y,False,False,False
750101310556,CMD2,1,2026-03-16,876.6633197046507,934.0942880325518,1019.9281026389344,1295.9011030264567,1339.2369480477307,lgbm,2026-03-09,104,risk_eval,B-Z,False,False,False
750101310556,CMD2,2,2026-03-23,822.3684486150858,853.5701000834955,997.2705923740735,1222.83675848999,1339.955899221533,lgbm,2026-03-09,104,risk_eval,B-Z,False,False,False
750101310556,CMD2,3,2026-03-30,773.3121899456178,843.5152943958924,994.7647674811241,1291.0414799737662,1486.0081939458098,lgbm,2026-03-09,104,risk_eval,B-Z,False,False,False
750101310556,CMD2,4,2026-04-06,750.0630237573465,792.200256762645,1007.2822082141721,1340.361609789847,1447.977682731022,lgbm,2026-03-09,104,risk_eval,B-Z,False,False,False
750101310556,CMD2,5,2026-04-13,733.930702884688,812.0127520878767,1008.1737480368087,1364.889655998108,1480.8947947674676,lgbm,2026-03-09,104,risk_eval,B-Z,False,False,False
750101310556,CMD2,6,2026-04-20,738.0572536074734,779.9712756465385,1016.8833682697928,1373.5500143195627,1468.6699470041133,lgbm,2026-03-09,104,risk_eval,B-Z,False,False,False
750101310556,CMD2,7,2026-04-27,781.1656551723246,872.291584442569,1043.1297536238285,1404.6047180703206,1506.1288187214636,lgbm,2026-03-09,104,risk_eval,B-Z,False,False,False
750101310556,CMD2,8,2026-05-04,667.463632705765,730.0661754691354,973.6736686711105,1392.6716550959416,1498.8838992276555,lgbm,2026-03-09,104,risk_eval,B-Z,False,False,False
750101310556,CMTY,1,2026-03-16,185.58581868647147,198.2271323148604,245.47580129627957,320.9683969309896,328.0805663339138,lgbm,2026-03-09,104,risk_eval,B-Z,False,False,False
750101310556,CMTY,2,2026-03-23,168.9347678642252,184.57803915981754,242.98678246182575,310.16396794088394,337.3199997276045,lgbm,2026-03-09,104,risk_eval,B-Z,False,False,False
750101310556,CMTY,3,2026-03-30,155.19386090883035,180.27758483593507,240.92986051923094,322.0930827936615,363.4249322864121,lgbm,2026-03-09,104,risk_eval,B-Z,False,False,False
750101310556,CMTY,4,2026-04-06,155.7302479852932,173.3004905072045,237.98582762226567,331.9245895552446,357.099879428469,lgbm,2026-03-09,104,risk_eval,B-Z,False,False,False
750101310556,CMTY,5,2026-04-13,151.15183729575529,173.91762451664613,238.30965796697157,338.2777784233634,362.74800562308684,lgbm,2026-03-09,104,risk_eval,B-Z,False,False,False
750101310556,CMTY,6,2026-04-20,152.09854458106176,170.92621990670182,237.4855359528083,339.15953260215844,361.82103233692766,lgbm,2026-03-09,104,risk_eval,B-Z,False,False,False
750101310556,CMTY,7,2026-04-27,158.64138419264808,180.77412125511916,243.31885865277332,344.47270718077914,369.1186778496721,lgbm,2026-03-09,104,risk_eval,B-Z,False,False,False
750101310556,CMTY,8,2026-05-04,134.43929866854955,164.42912217024227,225.73788050741635,333.7081067843834,359.2113807839335,lgbm,2026-03-09,104,risk_eval,B-Z,False,False,False
750101310556,TLJ,1,2026-03-16,105.57718738400486,115.24916352366127,161.72565469179338,215.74088951266498,217.77615311776157,lgbm,2026-03-09,104,risk_eval,B-Z,False,False,False
750101310556,TLJ,2,2026-03-23,96.01202382220659,103.35578323460224,159.21303112162138,207.49964773925066,225.32666208466904,lgbm,2026-03-09,104,risk_eval,B-Z,False,False,False
750101310556,TLJ,3,2026-03-30,90.31877481519814,102.07611838268461,158.67585044356977,212.51878649616518,242.707464171049,lgbm,2026-03-09,104,risk_eval,B-Z,False,False,False
750101310556,TLJ,4,2026-04-06,88.74548894018724,94.85736725167062,157.18393376760338,223.9358907301526,237.0104749855753,lgbm,2026-03-09,104,risk_eval,B-Z,False,False,False
750101310556,TLJ,5,2026-04-13,89.08395829081593,92.4164826821496,158.58717604223418,218.41639625221086,224.3400464214897,lgbm,2026-03-09,104,risk_eval,B-Z,False,False,False
750101310556,TLJ,6,2026-04-20,84.75969494581918,87.79774135855328,157.91458003454864,216.4955934204148,226.23248946880284,lgbm,2026-03-09,104,risk_eval,B-Z,False,False,False
750101310556,TLJ,7,2026-04-27,91.44008431543507,104.60957968554462,158.26806585520572,232.75492890497944,244.90293951207215,lgbm,2026-03-09,104,risk_eval,B-Z,False,False,False
750101310556,TLJ,8,2026-05-04,73.87956513718828,82.37662860999083,145.6111061776068,210.25504713022895,219.8690103363619,lgbm,2026-03-09,104,risk_eval,B-Z,False,False,False
750101310556,VHSA,1,2026-03-16,59.84856596248723,65.29086204035791,94.33124313526504,131.26880722031075,138.5407930368357,lgbm,2026-03-09,104,risk_eval,B-Z,False,False,False
750101310556,VHSA,2,2026-03-23,55.20191585756142,61.91875999917489,91.63554964208589,129.45701562263062,143.62069763033978,lgbm,2026-03-09,104,risk_eval,B-Z,False,False,False
750101310556,VHSA,3,2026-03-30,51.88808573044772,60.69639612947103,93.27862194839024,134.63005628853657,151.06966710610408,lgbm,2026-03-09,104,risk_eval,B-Z,False,False,False
750101310556,VHSA,4,2026-04-06,50.35194133853835,53.48276397033595,93.58908216422489,134.39922088589944,145.3689456913414,lgbm,2026-03-09,104,risk_eval,B-Z,False,False,False
750101310556,VHSA,5,2026-04-13,51.56637600271547,56.346044384229074,93.06177453667333,138.1145607782497,150.0930620380589,lgbm,2026-03-09,104,risk_eval,B-Z,False,False,False
750101310556,VHSA,6,2026-04-20,51.10962074452944,54.4189274002549,92.71932163611955,138.44889194650713,150.78437027098553,lgbm,2026-03-09,104,risk_eval,B-Z,False,False,False
750101310556,VHSA,7,2026-04-27,54.403292089604626,58.90816163000733,94.765457485778,139.07628366195397,152.03904347409056,lgbm,2026-03-09,104,risk_eval,B-Z,False,False,False
750101310556,VHSA,8,2026-05-04,45.26183081430391,53.68882401850692,90.91975833467646,138.1291636872097,153.94681587179204,lgbm,2026-03-09,104,risk_eval,B-Z,False,False,False
750101310577,CCUL,1,2026-03-16,230.22084616853957,250.48855646856157,349.33866300299997,443.3590040167434,461.8683951564286,lgbm,2026-03-09,104,risk_eval,B-Z,False,False,False
750101310577,CCUL,2,2026-03-23,220.18208225310084,247.94309934267582,330.3448200462946,404.8553612242621,458.16673401954534,lgbm,2026-03-09,104,risk_eval,B-Z,False,False,False
750101310577,CCUL,3,2026-03-30,202.45958679274207,230.85031321992358,363.67911759630493,465.4101782261645,503.7023217410804,lgbm,2026-03-09,104,risk_eval,B-Z,False,False,False
750101310577,CCUL,4,2026-04-06,205.96506895022475,223.02023123303837,328.6687605732678,428.3830631328131,453.224697897628,lgbm,2026-03-09,104,risk_eval,B-Z,False,False,False
750101310577,CCUL,5,2026-04-13,206.5646935486105,227.0361425730474,342.57531713621097,458.4816287978292,486.7291466922066,lgbm,2026-03-09,104,risk_eval,B-Z,False,False,False
750101310577,CCUL,6,2026-04-20,195.55525051065786,215.26651783477303,326.2080356753995,428.6976912635561,455.89737086350266,lgbm,2026-03-09,104,risk_eval,B-Z,False,False,False
750101310577,CCUL,7,2026-04-27,193.8203655919915,223.2118319605132,341.8680485674484,446.8961434970075,477.4468435910331,lgbm,2026-03-09,104,risk_eval,B-Z,False,False,False
750101310577,CCUL,8,2026-05-04,147.02691531675327,153.57280396200417,304.75381717919765,445.896389271228,466.7539582693608,lgbm,2026-03-09,104,risk_eval,B-Z,False,False,False
750101310577,CMD2,1,2026-03-16,2212.0989041315293,2451.0193918546365,2896.7645126030634,3594.4899853210973,3784.091947757311,lgbm,2026-03-09,104,risk_eval,B-Z,False,False,False
750101310577,CMD2,2,2026-03-23,2192.407973121689,2381.4944215889905,2735.450315476786,3354.4469280786916,3640.429313700961,lgbm,2026-03-09,104,risk_eval,B-Z,False,False,False
750101310577,CMD2,3,2026-03-30,2030.6605942434858,2265.9952056092125,3141.296934588795,4205.017371273595,4233.144255980611,lgbm,2026-03-09,104,risk_eval,B-Z,False,False,False
750101310577,CMD2,4,2026-04-06,1982.99067005188,2026.5910985339842,2784.2028752807028,3578.8947753901825,3745.337318496585,lgbm,2026-03-09,104,risk_eval,B-Z,False,False,False
750101310577,CMD2,5,2026-04-13,2079.576415501305,2198.322546077436,3051.0241867400005,3969.067328488512,4049.1819228992977,lgbm,2026-03-09,104,risk_eval,B-Z,False,False,False
750101310577,CMD2,6,2026-04-20,2025.3806322459004,2105.4681191911263,2884.6550235848217,3774.709932158368,3853.1522955731,lgbm,2026-03-09,104,risk_eval,B-Z,False,False,False
750101310577,CMD2,7,2026-04-27,1998.7138005264665,2190.797606632502,2999.8363918487726,3952.0246952926677,4051.456549162464,lgbm,2026-03-09,104,risk_eval,B-Z,False,False,False
750101310577,CMD2,8,2026-05-04,1359.9003320699553,1451.1978278032232,2610.872133396669,3649.6133194697873,3940.917838053541,lgbm,2026-03-09,104,risk_eval,B-Z,False,False,False
750101310577,CMTY,1,2026-03-16,626.3345018311209,721.6790795602636,877.602806355678,992.133388638817,1123.8598273392,lgbm,2026-03-09,104,risk_eval,B-Z,False,False,False
750101310577,CMTY,2,2026-03-23,617.4231248073256,732.4403883560359,831.0059484127851,908.7150668380228,1112.0371011865752,lgbm,2026-03-09,104,risk_eval,B-Z,False,False,False
750101310577,CMTY,3,2026-03-30,572.403101670754,665.184041640632,938.9439808325787,1186.92523544146,1290.3415485594749,lgbm,2026-03-09,104,risk_eval,B-Z,False,False,False
750101310577,CMTY,4,2026-04-06,564.6457435196808,638.642796800048,838.808123773959,994.1942818978268,1136.7097659549906,lgbm,2026-03-09,104,risk_eval,B-Z,False,False,False
750101310577,CMTY,5,2026-04-13,581.7590945641252,666.2808540605208,893.0651899216208,1100.1726878295929,1195.802124610276,lgbm,2026-03-09,104,risk_eval,B-Z,False,False,False
750101310577,CMTY,6,2026-04-20,545.1110417151307,624.2731060121608,835.7230455456586,984.8061017449483,1155.9227283449227,lgbm,2026-03-09,104,risk_eval,B-Z,False,False,False
750101310577,CMTY,7,2026-04-27,562.8937541502237,673.8322176149283,878.0300728835532,1015.299190728305,1190.8105886886515,lgbm,2026-03-09,104,risk_eval,B-Z,False,False,False
750101310577,CMTY,8,2026-05-04,413.2744628975312,486.6797105705692,753.034363414151,1000.570178543163,1134.2169718692476,lgbm,2026-03-09,104,risk_eval,B-Z,False,False,False
750101310577,MXLI,1,2026-03-16,95.63614725096369,116.81028938205888,176.27510994886586,220.98529647709665,230.8702279145717,lgbm,2026-03-09,104,risk_eval,B-Z,False,False,False
750101310577,MXLI,2,2026-03-23,93.82040904876992,116.16679818421161,172.2552770549436,212.8230149716153,228.5719094118291,lgbm,2026-03-09,104,risk_eval,B-Z,False,False,False
750101310577,MXLI,3,2026-03-30,81.94866531444015,103.07175947169353,177.64066369953275,233.4372313188745,248.6447983467577,lgbm,2026-03-09,104,risk_eval,B-Z,False,False,False
750101310577,MXLI,4,2026-04-06,91.0097607602524,104.2427889555693,167.39595592962291,220.31636289425228,224.22018314491578,lgbm,2026-03-09,104,risk_eval,B-Z,False,False,False
750101310577,MXLI,5,2026-04-13,89.52082857204017,105.23989823890783,177.93211865393593,235.34272211857538,239.72149277269835,lgbm,2026-03-09,104,risk_eval,B-Z,False,False,False
750101310577,MXLI,6,2026-04-20,93.00287129831099,106.65503046594968,175.72224097362846,228.60030871491279,235.9926579620739,lgbm,2026-03-09,104,risk_eval,B-Z,False,False,False
750101310577,MXLI,7,2026-04-27,81.73716059370489,101.95717910644362,172.21244424535155,229.84325228234053,242.5213481952542,lgbm,2026-03-09,104,risk_eval,B-Z,False,False,False
750101310577,MXLI,8,2026-05-04,62.57682786005642,87.29719815557851,158.67080189538623,221.8403909478611,237.78970030068405,lgbm,2026-03-09,104,risk_eval,B-Z,False,False,False
750101310577,TLJ,1,2026-03-16,439.1850976726064,523.0910315202489,665.0215362497692,862.3221660989987,939.9816674277499,lgbm,2026-03-09,104,risk_eval,B-Z,False,False,False
750101310577,TLJ,2,2026-03-23,429.5569286053307,510.32082399560124,636.8611075106692,805.5116004464444,936.0258422753952,lgbm,2026-03-09,104,risk_eval,B-Z,False,False,False
750101310577,TLJ,3,2026-03-30,411.0239701798997,482.230162047298,721.0430731297783,951.656378634608,999.1936960927293,lgbm,2026-03-09,104,risk_eval,B-Z,False,False,False
750101310577,TLJ,4,2026-04-06,405.0374389756157,426.18655306389684,641.7621069472667,864.602468233528,932.682092366423,lgbm,2026-03-09,104,risk_eval,B-Z,False,False,False
750101310577,TLJ,5,2026-04-13,403.9459574177835,439.4566528081702,675.6622236159861,904.5685971013177,989.8580231999518,lgbm,2026-03-09,104,risk_eval,B-Z,False,False,False
750101310577,TLJ,6,2026-04-20,399.72649166317836,419.53233968566127,656.8109706308039,856.6098620976488,970.8220517629024,lgbm,2026-03-09,104,risk_eval,B-Z,False,False,False
750101310577,TLJ,7,2026-04-27,409.45647990635547,476.0611818358112,692.327515162563,892.5418925311885,1022.4238912228604,lgbm,2026-03-09,104,risk_eval,B-Z,False,False,False
750101310577,TLJ,8,2026-05-04,301.10150622094307,329.0094008281572,590.4789819588999,853.0420516460421,964.9794128663723,lgbm,2026-03-09,104,risk_eval,B-Z,False,False,False
750101310577,VHSA,1,2026-03-16,279.43299911065617,309.503682506667,438.36674844140606,543.077495759682,550.4767355887941,lgbm,2026-03-09,104,risk_eval,B-Z,False,False,False
750101310577,VHSA,2,2026-03-23,245.28215183992364,284.8954990862585,398.9972750161071,507.2062675202803,552.2781647563518,lgbm,2026-03-09,104,risk_eval,B-Z,False,False,False
750101310577,VHSA,3,2026-03-30,237.5596023481536,282.22112863306626,450.15892840188087,563.5473191134614,619.3244317739943,lgbm,2026-03-09,104,risk_eval,B-Z,False,False,False
750101310577,VHSA,4,2026-04-06,225.62941234267424,256.2298304765673,391.2383475363145,530.2186305912651,555.4951050020604,lgbm,2026-03-09,104,risk_eval,B-Z,False,False,False
750101310577,VHSA,5,2026-04-13,229.91784191421692,263.9928270825499,430.88908806218075,554.8687386073636,576.4819907454297,lgbm,2026-03-09,104,risk_eval,B-Z,False,False,False
750101310577,VHSA,6,2026-04-20,221.57186054607678,254.16248621157806,396.59594358082774,533.461093803756,567.4297038580944,lgbm,2026-03-09,104,risk_eval,B-Z,False,False,False
750101310577,VHSA,7,2026-04-27,225.11390764150005,272.7073491448891,438.96341260104276,557.1509525979681,581.0139874849443,lgbm,2026-03-09,104,risk_eval,B-Z,False,False,False
750101310577,VHSA,8,2026-05-04,149.48756640712492,183.5554728912815,356.0300119670011,513.6052807686739,552.0094528104125,lgbm,2026-03-09,104,risk_eval,B-Z,False,False,False
750101310578,CCUL,1,2026-03-16,388.45841815396483,432.1305950717029,577.4323441372458,716.8151897774526,766.1474767794176,lgbm,2026-03-09,104,risk_eval,B-Y,False,False,False
750101310578,CCUL,2,2026-03-23,375.5199699304169,428.96166991111824,552.0097505388941,681.5541391625724,783.6779149144613,lgbm,2026-03-09,104,risk_eval,B-Y,False,False,False
750101310578,CCUL,3,2026-03-30,355.30146552539867,389.8302355364738,559.463900328208,763.853721911888,805.5773667230824,lgbm,2026-03-09,104,risk_eval,B-Y,False,False,False
750101310578,CCUL,4,2026-04-06,342.31668465678706,367.19318822376806,533.6913306044777,690.6205018999642,756.3195298016796,lgbm,2026-03-09,104,risk_eval,B-Y,False,False,False
750101310578,CCUL,5,2026-04-13,354.294309206727,382.2583795844565,548.7179071625856,738.2220140849635,793.4585995275748,lgbm,2026-03-09,104,risk_eval,B-Y,False,False,False
750101310578,CCUL,6,2026-04-20,341.31577160590484,373.45723997902127,542.4783793617432,701.0339028465269,764.64312051021,lgbm,2026-03-09,104,risk_eval,B-Y,False,False,False
750101310578,CCUL,7,2026-04-27,327.67372025743487,355.2058802201428,530.0777032918228,757.7057448807514,764.9549906184322,lgbm,2026-03-09,104,risk_eval,B-Y,False,False,False
750101310578,CCUL,8,2026-05-04,228.7007360505005,235.7639636814501,463.69764612503343,735.7124437500024,771.8571030809011,lgbm,2026-03-09,104,risk_eval,B-Y,False,False,False
750101310578,CMD2,1,2026-03-16,2129.4456952173314,2345.683124899332,2998.3814218243547,3695.9069402276873,3797.9419883747933,lgbm,2026-03-09,104,risk_eval,B-Y,False,False,False
750101310578,CMD2,2,2026-03-23,2045.1824770704661,2276.8697052980465,2854.2720490955994,3417.9483996467857,3724.377862298897,lgbm,2026-03-09,104,risk_eval,B-Y,False,False,False
750101310578,CMD2,3,2026-03-30,1989.67052131308,2166.378659194592,2981.1178029543357,3998.3469668783437,4341.203926586399,lgbm,2026-03-09,104,risk_eval,B-Y,False,False,False
750101310578,CMD2,4,2026-04-06,1937.6900019960462,2071.3879379337877,2826.63663580992,3548.5691828906834,3753.73112444016,lgbm,2026-03-09,104,risk_eval,B-Y,False,False,False
750101310578,CMD2,5,2026-04-13,2076.1566176217466,2188.34497468176,3085.779609771114,3887.1990818750014,3907.4165182546385,lgbm,2026-03-09,104,risk_eval,B-Y,False,False,False
750101310578,CMD2,6,2026-04-20,1952.644266308333,2123.335699438771,2851.461591606782,3542.557596227626,3775.8627473892752,lgbm,2026-03-09,104,risk_eval,B-Y,False,False,False
750101310578,CMD2,7,2026-04-27,2049.3032330416613,2204.936438607092,3109.521489966391,3945.64306873171,3952.8131450002816,lgbm,2026-03-09,104,risk_eval,B-Y,False,False,False
750101310578,CMD2,8,2026-05-04,1333.6014035423261,1358.684387572721,2461.9997280909015,3518.090939212814,3822.6682848777436,lgbm,2026-03-09,104,risk_eval,B-Y,False,False,False
750101310578,CMTY,1,2026-03-16,586.8913503048542,672.1294199986046,912.7109642126825,1140.2095642135343,1145.6428517855347,lgbm,2026-03-09,104,risk_eval,B-Y,False,False,False
750101310578,CMTY,2,2026-03-23,577.4404941110159,686.8458805913876,893.8657130783567,1068.8071364000475,1165.2911877858533,lgbm,2026-03-09,104,risk_eval,B-Y,False,False,False
750101310578,CMTY,3,2026-03-30,524.6580829459864,642.7915944536719,906.1545837829156,1163.732974560861,1315.54791229058,lgbm,2026-03-09,104,risk_eval,B-Y,False,False,False
750101310578,CMTY,4,2026-04-06,537.864379278681,615.7469128958711,856.8069129240288,1117.27826352249,1154.6332048824045,lgbm,2026-03-09,104,risk_eval,B-Y,False,False,False
750101310578,CMTY,5,2026-04-13,553.6471228467783,623.2836407516428,866.2463573379432,1166.2820414904793,1177.3338568772056,lgbm,2026-03-09,104,risk_eval,B-Y,False,False,False
750101310578,CMTY,6,2026-04-20,537.3587722857751,621.5492682894851,861.6781306411464,1111.5000194851636,1165.735360432746,lgbm,2026-03-09,104,risk_eval,B-Y,False,False,False
750101310578,CMTY,7,2026-04-27,540.1725249489348,599.4423512567895,853.8214131042482,1180.791201660303,1188.0012466484543,lgbm,2026-03-09,104,risk_eval,B-Y,False,False,False
750101310578,CMTY,8,2026-05-04,382.072418153508,440.6476407710761,748.1965775909049,1105.4396224000463,1186.9333662406905,lgbm,2026-03-09,104,risk_eval,B-Y,False,False,False
750101310578,TLJ,1,2026-03-16,424.8507113273901,645.0689883606696,871.0491409527048,1072.2741670734947,1680.7589135376663,lgbm,2026-03-09,104,risk_eval,B-Y,False,False,False
750101310578,TLJ,2,2026-03-23,401.14691560743506,617.5761971629249,843.396675831436,1018.0705838525477,1677.0956933661446,lgbm,2026-03-09,104,risk_eval,B-Y,False,False,False
750101310578,TLJ,3,2026-03-30,361.5770185444886,575.2086569056391,888.368586280967,1187.3395750981447,1842.7576371392447,lgbm,2026-03-09,104,risk_eval,B-Y,False,False,False
750101310578,TLJ,4,2026-04-06,388.4568143060387,599.1756401521466,849.0962044492537,1058.560911456495,1676.9462991513763,lgbm,2026-03-09,104,risk_eval,B-Y,False,False,False
750101310578,TLJ,5,2026-04-13,454.37889818791285,633.2049972669513,875.7383669317891,1082.5493582329177,1705.2069086033794,lgbm,2026-03-09,104,risk_eval,B-Y,False,False,False
750101310578,TLJ,6,2026-04-20,374.7915551606275,599.7828921200436,839.265958396699,1042.3526168138235,1680.636990033405,lgbm,2026-03-09,104,risk_eval,B-Y,False,False,False
750101310578,TLJ,7,2026-04-27,397.1171462967096,624.162889086409,861.8910006387889,1086.450812114157,1720.6372891610386,lgbm,2026-03-09,104,risk_eval,B-Y,False,False,False
750101310578,TLJ,8,2026-05-04,312.3597485253557,487.1131025931348,811.0933058702606,1078.2303346116605,1716.124434686956,lgbm,2026-03-09,104,risk_eval,B-Y,False,False,False
750101310578,VHSA,1,2026-03-16,309.5944625100667,340.9191148698768,491.95459065201635,675.5334844890954,679.2484927008045,lgbm,2026-03-09,104,risk_eval,B-Y,False,False,False
750101310578,VHSA,2,2026-03-23,299.681592672207,333.68312921782996,476.0449874133356,621.6873147572571,680.7398301718665,lgbm,2026-03-09,104,risk_eval,B-Y,False,False,False
750101310578,VHSA,3,2026-03-30,272.4326911894729,302.0342173062203,469.8871963673151,658.2955105515232,745.6329418270166,lgbm,2026-03-09,104,risk_eval,B-Y,False,False,False
750101310578,VHSA,4,2026-04-06,285.0800753016812,296.1462251520869,486.36664080005676,671.8625707218438,689.1219931026146,lgbm,2026-03-09,104,risk_eval,B-Y,False,False,False
750101310578,VHSA,5,2026-04-13,283.8437216099338,287.31882280574564,485.79758236005375,693.5771638784182,695.0142160120777,lgbm,2026-03-09,104,risk_eval,B-Y,False,False,False
750101310578,VHSA,6,2026-04-20,280.14898206780015,299.3712205158884,494.59728889367545,661.6860771043957,687.378273717728,lgbm,2026-03-09,104,risk_eval,B-Y,False,False,False
750101310578,VHSA,7,2026-04-27,296.21256045935775,330.6792909316131,522.649378984736,697.7288287139891,714.6030312568264,lgbm,2026-03-09,104,risk_eval,B-Y,False,False,False
750101310578,VHSA,8,2026-05-04,195.47676380067773,227.4455466292294,425.89073720044195,647.5824053183287,693.1509785238434,lgbm,2026-03-09,104,risk_eval,B-Y,False,False,False
750101310581,CCUL,1,2026-03-16,1450.2152325625711,1678.1455502971053,2385.786467419368,3038.544830063989,3205.390038531431,lgbm,2026-03-09,104,risk_eval,B-Y,False,False,False
750101310581,CCUL,2,2026-03-23,1438.2375233103817,1557.9937678872884,2419.716306668706,3327.550000247509,3357.1547196198444,lgbm,2026-03-09,104,risk_eval,B-Y,False,False,False
750101310581,CCUL,3,2026-03-30,1161.4169940078677,1378.667948194519,2622.3461839370193,4068.333354852883,4483.282802461259,lgbm,2026-03-09,104,risk_eval,B-Y,False,False,False
750101310581,CCUL,4,2026-04-06,1322.7780590600664,1634.2089393761794,2396.5085359299374,3077.3474745233,3509.2124784338257,lgbm,2026-03-09,104,risk_eval,B-Y,False,False,False
750101310581,CCUL,5,2026-04-13,1512.9158531181529,1731.349293615894,2597.8108374942562,3478.635349340963,3616.461746482336,lgbm,2026-03-09,104,risk_eval,B-Y,False,False,False
750101310581,CCUL,6,2026-04-20,1304.2742434561792,1573.3691885501405,2389.457020748714,3222.526165393279,3620.7108751510755,lgbm,2026-03-09,104,risk_eval,B-Y,False,False,False
750101310581,CCUL,7,2026-04-27,1321.510541273111,1661.5799937289294,2585.414825097662,3385.7927999518756,3785.7168840449885,lgbm,2026-03-09,104,risk_eval,B-Y,False,False,False
750101310581,CCUL,8,2026-05-04,1271.5287920477656,1410.1011666462496,2167.871873477923,3033.1820457036956,3230.5623586672573,lgbm,2026-03-09,104,risk_eval,B-Y,False,False,False
750101310581,CMD2,1,2026-03-16,1049.1629560426127,1221.0097177642142,1662.538716008927,2287.8888834472605,2327.9808310426,lgbm,2026-03-09,104,risk_eval,B-Y,False,False,False
750101310581,CMD2,2,2026-03-23,1075.2535020948367,1175.700042818672,1761.7074562770867,2286.287440090811,2317.014729000627,lgbm,2026-03-09,104,risk_eval,B-Y,False,False,False
750101310581,CMD2,3,2026-03-30,815.1978281178542,1055.1175535341774,1948.1352719616095,2939.985477254528,3643.3815964457203,lgbm,2026-03-09,104,risk_eval,B-Y,False,False,False
750101310581,CMD2,4,2026-04-06,946.8483606590365,1128.0426833686852,1653.4226780676906,2214.423780912974,2374.641588805165,lgbm,2026-03-09,104,risk_eval,B-Y,False,False,False
750101310581,CMD2,5,2026-04-13,1091.9348667995555,1207.603011364551,1811.7405925553307,2426.2010801647184,2447.30755737644,lgbm,2026-03-09,104,risk_eval,B-Y,False,False,False
750101310581,CMD2,6,2026-04-20,943.0677705388416,1039.1374387988471,1577.9321335078496,2212.890585168189,2267.0280610634563,lgbm,2026-03-09,104,risk_eval,B-Y,False,False,False
750101310581,CMD2,7,2026-04-27,1018.1203844113088,1210.756625773309,1819.6754481277526,2399.8879869074194,2579.212837110556,lgbm,2026-03-09,104,risk_eval,B-Y,False,False,False
750101310581,CMD2,8,2026-05-04,882.7405851592617,930.9625739733382,1478.5612990370244,2133.6804737425687,2161.5879439555492,lgbm,2026-03-09,104,risk_eval,B-Y,False,False,False
750101310581,CMTY,1,2026-03-16,756.4740827692045,857.3924723966422,1242.4696235969109,1653.7823124307504,1685.8111517267375,lgbm,2026-03-09,104,risk_eval,B-Y,False,False,False
750101310581,CMTY,2,2026-03-23,726.7966461907416,816.1868047686315,1228.0146090223664,1591.387810559203,1652.0904164046467,lgbm,2026-03-09,104,risk_eval,B-Y,False,False,False
750101310581,CMTY,3,2026-03-30,577.6858909598296,648.9905642701763,1370.1169628608925,2267.4814585244294,2378.9277061736148,lgbm,2026-03-09,104,risk_eval,B-Y,False,False,False
750101310581,CMTY,4,2026-04-06,688.1968891303031,814.8763786035905,1178.117725304219,1512.2040985205272,1671.0482328521302,lgbm,2026-03-09,104,risk_eval,B-Y,False,False,False
750101310581,CMTY,5,2026-04-13,779.0220363237056,916.7350474051312,1336.5887909654386,1695.382201326832,1834.0341924054985,lgbm,2026-03-09,104,risk_eval,B-Y,False,False,False
750101310581,CMTY,6,2026-04-20,671.5565594029196,799.4366505367756,1175.6003735537483,1530.3960263512718,1715.5413433695915,lgbm,2026-03-09,104,risk_eval,B-Y,False,False,False
750101310581,CMTY,7,2026-04-27,698.8878538663158,807.8804561173239,1255.498378668048,1676.4446548164926,1741.1838773513116,lgbm,2026-03-09,104,risk_eval,B-Y,False,False,False
750101310581,CMTY,8,2026-05-04,619.7750685348866,709.1308540700475,1077.3340795627041,1479.4105538767803,1621.909456076016,lgbm,2026-03-09,104,risk_eval,B-Y,False,False,False
750101310581,MXLI,1,2026-03-16,195.33537319182201,247.02799638158297,404.4964682313621,548.2581269548714,603.2746910342269,lgbm,2026-03-09,104,risk_eval,B-Y,False,False,False
750101310581,MXLI,2,2026-03-23,186.6555013972109,220.87791531101453,391.3090292927197,568.1926768522817,583.7432416928295,lgbm,2026-03-09,104,risk_eval,B-Y,False,False,False
750101310581,MXLI,3,2026-03-30,155.20062055271615,173.87138253836457,431.4627769616538,735.4954677936746,750.7110642650135,lgbm,2026-03-09,104,risk_eval,B-Y,False,False,False
750101310581,MXLI,4,2026-04-06,180.5225605437206,241.24328510487484,394.83919694270446,525.1442610575696,608.9205860908347,lgbm,2026-03-09,104,risk_eval,B-Y,False,False,False
750101310581,MXLI,5,2026-04-13,192.62969865330422,241.94352511567976,422.6180479221497,565.9000132858824,630.647518763008,lgbm,2026-03-09,104,risk_eval,B-Y,False,False,False
750101310581,MXLI,6,2026-04-20,180.98411259817277,214.56518563035377,377.08030007564514,533.8282211302552,558.9143477056152,lgbm,2026-03-09,104,risk_eval,B-Y,False,False,False
750101310581,MXLI,7,2026-04-27,172.57426163357798,223.64322684120512,403.3187519822663,562.8927298378281,607.7593429291276,lgbm,2026-03-09,104,risk_eval,B-Y,False,False,False
750101310581,MXLI,8,2026-05-04,171.76360791622773,197.71853116280352,359.0860221662742,516.3021047840591,547.4846377484048,lgbm,2026-03-09,104,risk_eval,B-Y,False,False,False
750101310581,TLJ,1,2026-03-16,533.5725513903402,616.1146808481179,893.1382405347435,1245.0014313469828,1256.5235237249804,lgbm,2026-03-09,104,risk_eval,B-Y,False,False,False
750101310581,TLJ,2,2026-03-23,508.7766823775877,584.0480764048332,902.9049195457989,1226.5215926515918,1255.9185277713314,lgbm,2026-03-09,104,risk_eval,B-Y,False,False,False
750101310581,TLJ,3,2026-03-30,397.63478613079434,475.7733292263644,1000.2637539984313,1636.2904519341957,1751.987648339303,lgbm,2026-03-09,104,risk_eval,B-Y,False,False,False
750101310581,TLJ,4,2026-04-06,482.31713555431395,579.6567007724503,866.0415747025561,1143.2273726650556,1234.8706171154213,lgbm,2026-03-09,104,risk_eval,B-Y,False,False,False
750101310581,TLJ,5,2026-04-13,543.0313260665436,652.0273113161803,965.4835425030199,1256.474148187971,1352.2430017648583,lgbm,2026-03-09,104,risk_eval,B-Y,False,False,False
750101310581,TLJ,6,2026-04-20,469.6504969085795,543.954549314086,826.8763579584183,1119.3983332598966,1202.1778572890776,lgbm,2026-03-09,104,risk_eval,B-Y,False,False,False
750101310581,TLJ,7,2026-04-27,488.44624471008035,577.1031156520805,893.2239012120864,1230.5906606458132,1267.5712158117688,lgbm,2026-03-09,104,risk_eval,B-Y,False,False,False
750101310581,TLJ,8,2026-05-04,356.75517684377917,427.2005570911042,755.6608644161389,1096.382458326828,1175.9432610887131,lgbm,2026-03-09,104,risk_eval,B-Y,False,False,False
750101310581,VHSA,1,2026-03-16,126.84376104612156,158.4754760612811,258.67682766658163,357.14842746121326,380.0847064925886,lgbm,2026-03-09,104,risk_eval,B-Y,False,False,False
750101310581,VHSA,2,2026-03-23,121.0723355556859,150.7512524630893,260.56657982610494,354.4659780585058,377.64224922885984,lgbm,2026-03-09,104,risk_eval,B-Y,False,False,False
750101310581,VHSA,3,2026-03-30,100.9681911479037,123.65448365073097,284.49220758701637,454.73548854548227,473.2188821402922,lgbm,2026-03-09,104,risk_eval,B-Y,False,False,False
750101310581,VHSA,4,2026-04-06,112.10812054333111,140.16716189330177,227.95133435102616,325.1791702228863,350.9883365170025,lgbm,2026-03-09,104,risk_eval,B-Y,False,False,False
750101310581,VHSA,5,2026-04-13,124.48859442997535,158.64997438729512,256.84108734135947,348.6615416827112,390.1887987309894,lgbm,2026-03-09,104,risk_eval,B-Y,False,False,False
750101310581,VHSA,6,2026-04-20,111.67752822843659,143.33018117669852,236.1937794276394,342.5128662283847,373.86040494298817,lgbm,2026-03-09,104,risk_eval,B-Y,False,False,False
750101310581,VHSA,7,2026-04-27,112.9801141488881,141.5761741534468,247.53672865052874,365.6834610864021,386.6792070580354,lgbm,2026-03-09,104,risk_eval,B-Y,False,False,False
750101310581,VHSA,8,2026-05-04,101.06099503383146,125.14389709583784,212.94034851364276,325.9944852206948,350.67676591803064,lgbm,2026-03-09,104,risk_eval,B-Y,False,False,False
750101310607,CCUL,1,2026-03-16,77.43552885353651,79.7504381578807,125.66052572674998,163.57660741661616,177.631088273629,lgbm,2026-03-09,104,risk_eval,B-Z,False,False,False
750101310607,CCUL,2,2026-03-23,70.03758690491841,75.53537564803707,122.2349400735404,180.94469631316116,180.9652005895039,lgbm,2026-03-09,104,risk_eval,B-Z,False,False,False
750101310607,CCUL,3,2026-03-30,66.74352869273699,77.66573591714851,125.74673829480058,183.3452289975177,206.23500724349364,lgbm,2026-03-09,104,risk_eval,B-Z,False,False,False
750101310607,CCUL,4,2026-04-06,70.69904940020194,75.68919179008408,125.51407746480828,174.14191669027903,186.75518014450495,lgbm,2026-03-09,104,risk_eval,B-Z,False,False,False
750101310607,CCUL,5,2026-04-13,69.59213639170723,75.25437196522014,125.01223379582468,173.95370922805617,183.1176355567289,lgbm,2026-03-09,104,risk_eval,B-Z,False,False,False
750101310607,CCUL,6,2026-04-20,65.60167993543234,72.4686990043639,122.8786274685326,171.28086327621918,183.21986905319062,lgbm,2026-03-09,104,risk_eval,B-Z,False,False,False
750101310607,CCUL,7,2026-04-27,67.20813570209441,68.83755581618429,125.92857998063535,176.6495917955662,182.77978493711893,lgbm,2026-03-09,104,risk_eval,B-Z,False,False,False
750101310607,CCUL,8,2026-05-04,61.855610618545796,68.09126439789188,120.78964376453155,172.0351726326094,185.2696116651271,lgbm,2026-03-09,104,risk_eval,B-Z,False,False,False
750101310607,CMD2,1,2026-03-16,988.2592121874851,1025.9023198191273,1305.6464357906198,1512.2315903860026,1646.673128476811,lgbm,2026-03-09,104,risk_eval,B-Z,False,False,False
750101310607,CMD2,2,2026-03-23,994.0599504331672,1008.8879773037762,1312.9530903473121,1599.3976896659358,1610.5081240995767,lgbm,2026-03-09,104,risk_eval,B-Z,False,False,False
750101310607,CMD2,3,2026-03-30,961.4548389597097,1010.274559183762,1352.6561595484511,1649.6735027618786,1752.6659580006512,lgbm,2026-03-09,104,risk_eval,B-Z,False,False,False
750101310607,CMD2,4,2026-04-06,923.3518373445489,959.2146727899748,1301.5389906289618,1543.4049583207166,1694.275877319178,lgbm,2026-03-09,104,risk_eval,B-Z,False,False,False
750101310607,CMD2,5,2026-04-13,925.861045687714,987.3397676588811,1336.3898435782212,1580.4007869612487,1725.2298357689278,lgbm,2026-03-09,104,risk_eval,B-Z,False,False,False
750101310607,CMD2,6,2026-04-20,914.127115220093,948.4515270521919,1310.9915152083274,1561.9501817854903,1702.1530409773743,lgbm,2026-03-09,104,risk_eval,B-Z,False,False,False
750101310607,CMD2,7,2026-04-27,928.9183466721335,968.4538135024152,1359.7813403785783,1586.4017914552135,1731.0225526814395,lgbm,2026-03-09,104,risk_eval,B-Z,False,False,False
750101310607,CMD2,8,2026-05-04,871.2462154288388,930.0350180116435,1282.032023742056,1566.3529329983553,1723.76912665811,lgbm,2026-03-09,104,risk_eval,B-Z,False,False,False
750101310607,MXLI,1,2026-03-16,64.65582051897586,66.73643210011873,102.01609968632746,140.5235056002273,147.12068128645083,lgbm,2026-03-09,104,risk_eval,B-Z,False,False,False
750101310607,MXLI,2,2026-03-23,63.11080661245656,70.56223008972935,101.89749015867031,141.9870705122611,151.85735687979005,lgbm,2026-03-09,104,risk_eval,B-Z,False,False,False
750101310607,MXLI,3,2026-03-30,48.42264902512618,61.96036911594984,104.72698539019832,152.96947022466583,171.0819024658085,lgbm,2026-03-09,104,risk_eval,B-Z,False,False,False
750101310607,MXLI,4,2026-04-06,58.3265998521709,63.229464762288075,101.48096963364621,145.69414743865835,153.6055494764818,lgbm,2026-03-09,104,risk_eval,B-Z,False,False,False
750101310607,MXLI,5,2026-04-13,55.033841973668046,62.67434263215458,103.2767503641758,147.76201939333595,155.031532646889,lgbm,2026-03-09,104,risk_eval,B-Z,False,False,False
750101310607,MXLI,6,2026-04-20,57.801556422895956,61.86221553752151,101.77778499244629,148.40808820083106,154.40146265879173,lgbm,2026-03-09,104,risk_eval,B-Z,False,False,False
750101310607,MXLI,7,2026-04-27,49.803820999119026,54.404386130566266,104.42671728672488,148.6506348596406,153.55816071474578,lgbm,2026-03-09,104,risk_eval,B-Z,False,False,False
750101310607,MXLI,8,2026-05-04,55.233960002574676,60.276520421304795,100.6499558385057,147.4529295778653,156.45594348864765,lgbm,2026-03-09,104,risk_eval,B-Z,False,False,False
750101310607,TLJ,1,2026-03-16,164.4805684401326,172.74749952976256,251.1028942994318,312.9153645223109,336.35762724226333,lgbm,2026-03-09,104,risk_eval,B-Z,False,False,False
750101310607,TLJ,2,2026-03-23,161.04384574499375,167.7448748625726,254.1693150596236,339.404122498735,340.6879840102582,lgbm,2026-03-09,104,risk_eval,B-Z,False,False,False
750101310607,TLJ,3,2026-03-30,149.46984029174823,167.54839176737985,257.4295824941957,330.95046181865075,363.64233010141555,lgbm,2026-03-09,104,risk_eval,B-Z,False,False,False
750101310607,TLJ,4,2026-04-06,151.5324820927403,165.1477842645741,254.89317110651976,315.97939110523043,351.12868459237194,lgbm,2026-03-09,104,risk_eval,B-Z,False,False,False
750101310607,TLJ,5,2026-04-13,144.86724174484186,161.0864964461482,252.76111731669207,313.8661252256649,343.0474478841933,lgbm,2026-03-09,104,risk_eval,B-Z,False,False,False
750101310607,TLJ,6,2026-04-20,146.2755242052611,158.39722881013932,249.33539506267746,309.8694547164611,340.2165413671756,lgbm,2026-03-09,104,risk_eval,B-Z,False,False,False
750101310607,TLJ,7,2026-04-27,142.44319284809987,154.0404504200898,253.1509169861615,320.1393274192586,347.6009015683265,lgbm,2026-03-09,104,risk_eval,B-Z,False,False,False
750101310607,TLJ,8,2026-05-04,143.28157082416564,155.49506323997312,245.6611872729873,312.1541464117863,342.38143222286067,lgbm,2026-03-09,104,risk_eval,B-Z,False,False,False
750101310621,CMD2,1,2026-03-16,850.468438503054,880.1264344780565,1055.898368467721,1317.7817448342284,1320.0232372455193,lgbm,2026-03-09,104,risk_eval,B-Z,False,False,False
750101310621,CMD2,2,2026-03-23,830.5321257436988,871.1811845785417,1040.779093804479,1213.9965773837157,1296.9614573274118,lgbm,2026-03-09,104,risk_eval,B-Z,False,False,False
750101310621,CMD2,3,2026-03-30,774.7655910989613,822.042720522109,1047.5031934472754,1411.1929258337916,1533.2669300056882,lgbm,2026-03-09,104,risk_eval,B-Z,False,False,False
750101310621,CMD2,4,2026-04-06,782.1331882595384,783.7851779322325,1050.5211107022901,1337.8743868827555,1365.5163198262683,lgbm,2026-03-09,104,risk_eval,B-Z,False,False,False
750101310621,CMD2,5,2026-04-13,774.2954329870204,804.4852424606057,1059.0695005828547,1369.1455423492446,1419.0591137056758,lgbm,2026-03-09,104,risk_eval,B-Z,False,False,False
750101310621,CMD2,6,2026-04-20,746.4867145603141,761.4883546788884,1046.1099347814734,1354.3270566677882,1401.2229886754017,lgbm,2026-03-09,104,risk_eval,B-Z,False,False,False
750101310621,CMD2,7,2026-04-27,772.6039185992615,802.7454133092664,1072.086463234692,1393.0852846734313,1431.0672021314429,lgbm,2026-03-09,104,risk_eval,B-Z,False,False,False
750101310621,CMD2,8,2026-05-04,690.3843012168434,739.6851644824308,1033.1613730466604,1378.1393185760649,1399.7395566422852,lgbm,2026-03-09,104,risk_eval,B-Z,False,False,False
750101310621,CMTY,1,2026-03-16,142.05582351910624,143.83529078848423,200.38654222600059,276.82303293973615,278.48336566887366,lgbm,2026-03-09,104,risk_eval,B-Z,False,False,False
750101310621,CMTY,2,2026-03-23,134.72459271663692,145.67117662680624,191.64046737589078,251.4193025217703,283.0453715459409,lgbm,2026-03-09,104,risk_eval,B-Z,False,False,False
750101310621,CMTY,3,2026-03-30,125.90713454709615,125.90885435132355,192.91181017497735,307.0110439631507,309.3862820297102,lgbm,2026-03-09,104,risk_eval,B-Z,False,False,False
750101310621,CMTY,4,2026-04-06,131.87655385919402,134.42681953580217,195.8806524515719,272.1470116057214,280.9640728457782,lgbm,2026-03-09,104,risk_eval,B-Z,False,False,False
750101310621,CMTY,5,2026-04-13,127.69529918491197,129.49079124786834,193.83066661395932,279.6394202504496,286.8970910700663,lgbm,2026-03-09,104,risk_eval,B-Z,False,False,False
750101310621,CMTY,6,2026-04-20,125.4576990525773,130.1391162271979,196.4793051474527,275.89605407496776,284.4592929316173,lgbm,2026-03-09,104,risk_eval,B-Z,False,False,False
750101310621,CMTY,7,2026-04-27,123.73478659677923,125.78017112647098,194.40704195620665,282.46695917835274,288.14587626520915,lgbm,2026-03-09,104,risk_eval,B-Z,False,False,False
750101310621,CMTY,8,2026-05-04,111.10381938551393,126.4452942062899,188.78150405164922,274.6374320278795,288.8950308918857,lgbm,2026-03-09,104,risk_eval,B-Z,False,False,False
750101310621,MXLI,1,2026-03-16,29.104611637147368,30.387686368607003,56.766830767279934,83.46064909760017,84.72475317876673,lgbm,2026-03-09,104,risk_eval,B-Z,False,False,False
750101310621,MXLI,2,2026-03-23,27.923487540223654,32.5527785479545,54.479624538179124,75.17787057744985,83.25826529359334,lgbm,2026-03-09,104,risk_eval,B-Z,False,False,False
750101310621,MXLI,3,2026-03-30,0.0,27.384441246662156,55.437456320992915,86.38339692995845,510.40311478480317,lgbm,2026-03-09,104,risk_eval,B-Z,False,False,False
750101310621,MXLI,4,2026-04-06,0.0,26.490792012964633,56.47784180643848,81.68452348556374,505.26986604867466,lgbm,2026-03-09,104,risk_eval,B-Z,False,False,False
750101310621,MXLI,5,2026-04-13,0.0,24.720065365479787,56.772103424857356,80.91364864802915,504.7284545829233,lgbm,2026-03-09,104,risk_eval,B-Z,False,False,False
750101310621,MXLI,6,2026-04-20,0.0,26.63920295369857,56.07887041050102,79.60714323933772,505.15701373502566,lgbm,2026-03-09,104,risk_eval,B-Z,False,False,False
750101310621,MXLI,7,2026-04-27,0.0,24.731065518593013,55.97478436059383,83.05179602336861,505.66684014674513,lgbm,2026-03-09,104,risk_eval,B-Z,False,False,False
750101310621,MXLI,8,2026-05-04,0.0,26.202978255583567,54.83634063889209,81.10311099441812,506.86154590729166,lgbm,2026-03-09,104,risk_eval,B-Z,False,False,False
750101310621,TLJ,1,2026-03-16,144.18837911759115,149.54062613789606,216.48130662553115,288.12178403478674,299.5779419901647,lgbm,2026-03-09,104,risk_eval,B-Z,False,False,False
750101310621,TLJ,2,2026-03-23,135.7569934517116,147.3933646872116,212.58575851839868,264.5837966784677,301.45544703231906,lgbm,2026-03-09,104,risk_eval,B-Z,False,False,False
750101310621,TLJ,3,2026-03-30,126.98352600354254,142.93730638491238,213.30899251415755,276.89505778790374,333.60417086225607,lgbm,2026-03-09,104,risk_eval,B-Z,False,False,False
750101310621,TLJ,4,2026-04-06,132.27634517632657,135.4607717125208,212.92584578669405,288.45536911312894,299.4455403358206,lgbm,2026-03-09,104,risk_eval,B-Z,False,False,False
750101310621,TLJ,5,2026-04-13,127.29413926275878,132.6148402996495,211.34139276169947,292.9995749253648,304.6842548228819,lgbm,2026-03-09,104,risk_eval,B-Z,False,False,False
750101310621,TLJ,6,2026-04-20,127.33711759467272,132.4606307000849,211.3814217833553,288.22765634176267,300.7836012608279,lgbm,2026-03-09,104,risk_eval,B-Z,False,False,False
750101310621,TLJ,7,2026-04-27,123.01986614354455,132.80457199216883,208.42158808903494,294.77900942975634,307.5610938739489,lgbm,2026-03-09,104,risk_eval,B-Z,False,False,False
750101310621,TLJ,8,2026-05-04,115.68212605332039,129.40940733137637,210.47540979144273,291.67430474133823,304.59171560212354,lgbm,2026-03-09,104,risk_eval,B-Z,False,False,False
750101310621,VHSA,1,2026-03-16,100.1685703679256,101.0489149245891,155.8577718733413,212.69098413264146,214.31124004949945,lgbm,2026-03-09,104,risk_eval,B-Z,False,False,False
750101310621,VHSA,2,2026-03-23,96.70638020185605,104.82716407874528,152.64948317456378,201.81047412403942,218.2618503715552,lgbm,2026-03-09,104,risk_eval,B-Z,False,False,False
750101310621,VHSA,3,2026-03-30,90.20265785072769,102.07080048666249,154.0806362906136,213.00494323632722,228.10845566143593,lgbm,2026-03-09,104,risk_eval,B-Z,False,False,False
750101310621,VHSA,4,2026-04-06,88.25443296676572,90.42743734695664,151.17927523925084,217.465529420586,222.70581557363295,lgbm,2026-03-09,104,risk_eval,B-Z,False,False,False
750101310621,VHSA,5,2026-04-13,83.42571776056695,88.9471310931719,152.97867272354534,218.1706224481033,222.899489001116,lgbm,2026-03-09,104,risk_eval,B-Z,False,False,False
750101310621,VHSA,6,2026-04-20,82.72428355399634,86.241871432192,151.07610681085023,216.14056966130005,219.27732636113777,lgbm,2026-03-09,104,risk_eval,B-Z,False,False,False
750101310621,VHSA,7,2026-04-27,82.12936752563564,84.73056121892132,153.89786646918674,220.25888880647602,223.22992656590236,lgbm,2026-03-09,104,risk_eval,B-Z,False,False,False
750101310621,VHSA,8,2026-05-04,74.17855292573405,83.73581673342994,149.6088882625246,218.40114647868435,221.94097601113396,lgbm,2026-03-09,104,risk_eval,B-Z,False,False,False
750101310624,CMD2,1,2026-03-16,476.6347783735544,582.2036601038585,661.4203266397014,758.9125627297665,826.5434551228309,lgbm,2026-03-09,104,risk_eval,B-Z,False,False,False
750101310624,CMD2,2,2026-03-23,462.01382831056367,563.9388498865577,609.9772448335783,708.6044682693091,828.6000690575833,lgbm,2026-03-09,104,risk_eval,B-Z,False,False,False
750101310624,CMD2,3,2026-03-30,460.8486268902501,547.4908113911414,672.5880999712812,824.5558085981503,887.8679598603081,lgbm,2026-03-09,104,risk_eval,B-Z,False,False,False
750101310624,CMD2,4,2026-04-06,423.65991908254415,511.4096189665845,650.8811734140127,799.2624877884409,849.7283384081816,lgbm,2026-03-09,104,risk_eval,B-Z,False,False,False
750101310624,CMD2,5,2026-04-13,457.87353714558606,549.09345601976,695.2446192463724,849.8990907225249,924.6781887630046,lgbm,2026-03-09,104,risk_eval,B-Z,False,False,False
750101310624,CMD2,6,2026-04-20,426.8544585328897,517.0102840391821,650.5654571444613,799.3053074030931,869.973057665253,lgbm,2026-03-09,104,risk_eval,B-Z,False,False,False
750101310624,CMD2,7,2026-04-27,450.3674935257186,548.435997936305,703.5930444225181,851.2156515644143,891.9025943119423,lgbm,2026-03-09,104,risk_eval,B-Z,False,False,False
750101310624,CMD2,8,2026-05-04,385.84283029201976,482.0849715401183,637.6928360064663,820.3080595113419,892.6937802504474,lgbm,2026-03-09,104,risk_eval,B-Z,False,False,False
750101310624,CMTY,1,2026-03-16,73.72684738515798,92.49966065613133,122.21702813814949,157.86293852642405,169.76380361624356,lgbm,2026-03-09,104,risk_eval,B-Z,False,False,False
750101310624,CMTY,2,2026-03-23,74.60774181939267,92.15374150293262,114.24845544418916,155.97408436433093,169.92802314394856,lgbm,2026-03-09,104,risk_eval,B-Z,False,False,False
750101310624,CMTY,3,2026-03-30,76.7528222905499,91.16759729491577,126.2563440413825,160.7717797550926,174.65019158981136,lgbm,2026-03-09,104,risk_eval,B-Z,False,False,False
750101310624,CMTY,4,2026-04-06,70.74594815746971,85.50372710853215,122.38576637193252,165.59189969154806,171.36766825745724,lgbm,2026-03-09,104,risk_eval,B-Z,False,False,False
750101310624,CMTY,5,2026-04-13,68.82592269206295,82.14931225577845,121.2650695089982,164.8429613087462,167.316517232113,lgbm,2026-03-09,104,risk_eval,B-Z,False,False,False
750101310624,CMTY,6,2026-04-20,72.33826888960016,85.95125281846818,124.96328841892124,163.61344353005154,172.83355537572987,lgbm,2026-03-09,104,risk_eval,B-Z,False,False,False
750101310624,CMTY,7,2026-04-27,77.26314086236108,88.81011479279356,135.84129147663532,168.88556917305706,172.37840378594547,lgbm,2026-03-09,104,risk_eval,B-Z,False,False,False
750101310624,CMTY,8,2026-05-04,63.594881716974925,78.6280462792889,121.70601655457018,165.30774313725647,173.90751810282302,lgbm,2026-03-09,104,risk_eval,B-Z,False,False,False
750101310624,TLJ,1,2026-03-16,82.7043147924583,100.6250695127988,137.73189115838792,171.97112301735123,185.2195621850854,lgbm,2026-03-09,104,risk_eval,B-Z,False,False,False
750101310624,TLJ,2,2026-03-23,83.69432399945818,101.34297665329949,129.91189890219349,160.79131006081985,190.24388038072442,lgbm,2026-03-09,104,risk_eval,B-Z,False,False,False
750101310624,TLJ,3,2026-03-30,76.19341728039058,98.56266575273169,136.26488308165406,168.882038854031,200.07526980847624,lgbm,2026-03-09,104,risk_eval,B-Z,False,False,False
750101310624,TLJ,4,2026-04-06,72.04927910445271,87.85216235093735,127.20585252537414,168.38563772349545,183.54710245504003,lgbm,2026-03-09,104,risk_eval,B-Z,False,False,False
750101310624,TLJ,5,2026-04-13,74.7941577540193,94.56036254914864,137.9201130170935,168.31263278707635,195.50888606668957,lgbm,2026-03-09,104,risk_eval,B-Z,False,False,False
750101310624,TLJ,6,2026-04-20,73.47347674421597,90.92825379226736,132.7075766600855,174.25196806253464,196.33428526347146,lgbm,2026-03-09,104,risk_eval,B-Z,False,False,False
750101310624,TLJ,7,2026-04-27,75.3554154563101,97.0206695210024,139.51557598288,170.46092771029694,198.2836272161065,lgbm,2026-03-09,104,risk_eval,B-Z,False,False,False
750101310624,TLJ,8,2026-05-04,64.58487528750271,82.81648443542473,127.43714957244451,166.29592753235536,194.5522775377054,lgbm,2026-03-09,104,risk_eval,B-Z,False,False,False
750101310624,VHSA,1,2026-03-16,76.81884348247688,93.30878354990267,125.82374782863002,164.49172476051174,178.8764153447784,lgbm,2026-03-09,104,risk_eval,B-Z,False,False,False
750101310624,VHSA,2,2026-03-23,75.72814963937978,97.62269142132226,116.60990929331662,154.09622741956497,189.68293238567475,lgbm,2026-03-09,104,risk_eval,B-Z,False,False,False
750101310624,VHSA,3,2026-03-30,72.43949281445815,94.15629579895463,128.62250114764691,162.33763565590615,194.95968882959252,lgbm,2026-03-09,104,risk_eval,B-Z,False,False,False
750101310624,VHSA,4,2026-04-06,66.33990210152753,83.70296553666802,117.51298225072802,162.72416364727835,178.03172992086033,lgbm,2026-03-09,104,risk_eval,B-Z,False,False,False
750101310624,VHSA,5,2026-04-13,67.45860052434051,86.90828730149305,126.75233891127489,163.5276213784181,181.98127156330835,lgbm,2026-03-09,104,risk_eval,B-Z,False,False,False
750101310624,VHSA,6,2026-04-20,66.63688340706821,86.85993167704079,122.11056619206859,163.34145825534821,188.67546912554198,lgbm,2026-03-09,104,risk_eval,B-Z,False,False,False
750101310624,VHSA,7,2026-04-27,71.85160720939771,88.55840731994275,141.7630137509367,186.30513142347877,200.86649740176352,lgbm,2026-03-09,104,risk_eval,B-Z,False,False,False
750101310624,VHSA,8,2026-05-04,58.233863951020226,77.93000873979253,119.96121593220212,164.91306772259887,180.4920898307672,lgbm,2026-03-09,104,risk_eval,B-Z,False,False,False
750101310689,CCUL,1,2026-03-16,400.39035405108274,411.47055611536314,529.8391612621033,634.8038490760377,663.436730411648,lgbm,2026-03-09,104,risk_eval,B-Z,False,False,False
750101310689,CCUL,2,2026-03-23,392.3513235143451,407.23131472134895,493.50195815713124,636.92720186441,666.7225957751166,lgbm,2026-03-09,104,risk_eval,B-Z,False,False,False
750101310689,CCUL,3,2026-03-30,343.232398253884,385.2685462259499,582.4233716557051,753.4599256878305,778.6180621419971,lgbm,2026-03-09,104,risk_eval,B-Z,False,False,False
750101310689,CCUL,4,2026-04-06,384.0369975229239,401.9158259339121,518.7905352196998,632.7885326853288,676.0651181196924,lgbm,2026-03-09,104,risk_eval,B-Z,False,False,False
750101310689,CCUL,5,2026-04-13,406.76472935280754,450.6057155220754,599.9684536254953,695.7728441134572,745.0486662068372,lgbm,2026-03-09,104,risk_eval,B-Z,False,False,False
750101310689,CCUL,6,2026-04-20,377.12027112534946,395.76520323348797,519.5493742206102,634.1627428449112,681.6663791816184,lgbm,2026-03-09,104,risk_eval,B-Z,False,False,False
750101310689,CCUL,7,2026-04-27,393.2449062053538,416.5769385783968,551.9976510928932,664.1547902331629,704.0039526777923,lgbm,2026-03-09,104,risk_eval,B-Z,False,False,False
750101310689,CCUL,8,2026-05-04,393.66644859653167,405.05211185980636,531.6471257901721,664.0566711139272,699.3002716522523,lgbm,2026-03-09,104,risk_eval,B-Z,False,False,False
750101310689,CMD2,1,2026-03-16,4848.39680183464,5018.942725781317,5423.869694003868,5833.867688150913,6199.472811586833,lgbm,2026-03-09,104,risk_eval,B-Z,False,False,False
750101310689,CMD2,2,2026-03-23,4702.355416023037,4822.086329118043,5019.498761426474,5568.8370635056035,6005.286071223379,lgbm,2026-03-09,104,risk_eval,B-Z,False,False,False
750101310689,CMD2,3,2026-03-30,4642.336108835255,4800.650242438627,6177.849108493356,6968.890545302875,7213.153971304025,lgbm,2026-03-09,104,risk_eval,B-Z,False,False,False
750101310689,CMD2,4,2026-04-06,4586.584042150319,4702.710342532174,5208.89147723344,5825.072137090391,6119.051853778521,lgbm,2026-03-09,104,risk_eval,B-Z,False,False,False
750101310689,CMD2,5,2026-04-13,4940.306403909966,5007.277558514111,5682.254681962683,6512.7236356241365,6516.87064853045,lgbm,2026-03-09,104,risk_eval,B-Z,False,False,False
750101310689,CMD2,6,2026-04-20,4576.241380207337,4720.745716594643,5308.3537649174805,5834.318679542827,6275.711277943731,lgbm,2026-03-09,104,risk_eval,B-Z,False,False,False
750101310689,CMD2,7,2026-04-27,4992.214284630069,5181.5866527773715,5916.150362801602,6449.771912627577,6563.686045000712,lgbm,2026-03-09,104,risk_eval,B-Z,False,False,False
750101310689,CMD2,8,2026-05-04,4668.051827399942,4786.415834754128,5321.945523260154,5922.276566591485,6294.240407727452,lgbm,2026-03-09,104,risk_eval,B-Z,False,False,False
750101310689,CMTY,1,2026-03-16,652.4344632678163,674.4367181413417,722.798684689532,865.0881987892401,912.8802618415267,lgbm,2026-03-09,104,risk_eval,B-Z,False,False,False
750101310689,CMTY,2,2026-03-23,605.6850136094471,634.9577299196204,688.2680763172896,820.8125549449678,884.2909754862742,lgbm,2026-03-09,104,risk_eval,B-Z,False,False,False
750101310689,CMTY,3,2026-03-30,628.996793821037,645.3409394313782,814.9548497772067,1013.8515683579428,1015.9084255256503,lgbm,2026-03-09,104,risk_eval,B-Z,False,False,False
750101310689,CMTY,4,2026-04-06,610.459144606228,642.200731160292,706.8279228456452,853.0227916099735,894.889416347297,lgbm,2026-03-09,104,risk_eval,B-Z,False,False,False
750101310689,CMTY,5,2026-04-13,672.6283936267333,676.3876134550114,756.9173806661233,937.5121061467883,945.0450465421712,lgbm,2026-03-09,104,risk_eval,B-Z,False,False,False
750101310689,CMTY,6,2026-04-20,632.8089981095169,646.9381764037724,711.5282159759681,855.4584010019279,918.4956343992293,lgbm,2026-03-09,104,risk_eval,B-Z,False,False,False
750101310689,CMTY,7,2026-04-27,666.1524396943375,703.3739097751318,796.2674559506767,986.6957987728069,1085.87926188249,lgbm,2026-03-09,104,risk_eval,B-Z,False,False,False
750101310689,CMTY,8,2026-05-04,636.7114492767914,642.8512128031273,729.7114992048039,907.5181620844676,926.6486389224859,lgbm,2026-03-09,104,risk_eval,B-Z,False,False,False
750101310689,MXLI,1,2026-03-16,435.92811531378715,442.0501635814301,539.5325929478485,663.4441671030135,679.4401919302746,lgbm,2026-03-09,104,risk_eval,B-Z,False,False,False
750101310689,MXLI,2,2026-03-23,413.62711866140666,447.2584654204745,497.6362580417579,651.7566917862525,680.4413100415358,lgbm,2026-03-09,104,risk_eval,B-Z,False,False,False
750101310689,MXLI,3,2026-03-30,380.72367445923464,425.629962949282,594.645904876552,799.2937971360701,806.7093299400894,lgbm,2026-03-09,104,risk_eval,B-Z,False,False,False
750101310689,MXLI,4,2026-04-06,420.8712115719975,445.9120555311063,525.2192751949808,663.497054712449,693.0077732346068,lgbm,2026-03-09,104,risk_eval,B-Z,False,False,False
750101310689,MXLI,5,2026-04-13,448.28825785893065,469.88920023734977,558.2816809431297,727.163703994288,734.1908986555197,lgbm,2026-03-09,104,risk_eval,B-Z,False,False,False
750101310689,MXLI,6,2026-04-20,412.76173128201964,439.23510648158845,523.0674914175232,653.19099094056,690.1637390423907,lgbm,2026-03-09,104,risk_eval,B-Z,False,False,False
750101310689,MXLI,7,2026-04-27,437.48905302039964,469.8050071204267,569.5256445938799,687.3164050986838,732.1919613008522,lgbm,2026-03-09,104,risk_eval,B-Z,False,False,False
750101310689,MXLI,8,2026-05-04,410.0569172809378,440.9591617642053,521.2850104104728,671.7124896602033,694.011559528237,lgbm,2026-03-09,104,risk_eval,B-Z,False,False,False
750101310689,TLJ,1,2026-03-16,1177.7444172086832,1238.8669106299762,1373.7055994015825,1535.6218418884882,1689.442691812797,lgbm,2026-03-09,104,risk_eval,B-Z,False,False,False
750101310689,TLJ,2,2026-03-23,1131.8151777904698,1165.4599547514229,1247.6694048379456,1445.6499114170294,1612.0169794137162,lgbm,2026-03-09,104,risk_eval,B-Z,False,False,False
750101310689,TLJ,3,2026-03-30,1072.5453861428045,1177.462893622417,1483.3384882217456,1769.6503409939862,1986.9571837136043,lgbm,2026-03-09,104,risk_eval,B-Z,False,False,False
750101310689,TLJ,4,2026-04-06,1102.4665120784969,1157.8605073200624,1278.6629803969017,1519.5935189053898,1644.1338730466227,lgbm,2026-03-09,104,risk_eval,B-Z,False,False,False
750101310689,TLJ,5,2026-04-13,1189.4081430940603,1241.1066410642459,1418.270760648307,1769.4011412877371,1837.3426960869554,lgbm,2026-03-09,104,risk_eval,B-Z,False,False,False
750101310689,TLJ,6,2026-04-20,1138.6253829429438,1147.974646276605,1332.8694876939287,1666.868394935461,1744.699872220226,lgbm,2026-03-09,104,risk_eval,B-Z,False,False,False
750101310689,TLJ,7,2026-04-27,1223.8540028446012,1302.434468921763,1471.5603562900487,1732.502203450924,1819.8348698111727,lgbm,2026-03-09,104,risk_eval,B-Z,False,False,False
750101310689,TLJ,8,2026-05-04,1094.0860603706428,1171.3811606947463,1290.0272986589293,1545.2790996392698,1695.9983479138828,lgbm,2026-03-09,104,risk_eval,B-Z,False,False,False
750101310689,VHSA,1,2026-03-16,713.2604571404851,728.160443657145,861.9477596069197,1022.04794411263,1077.8172488254888,lgbm,2026-03-09,104,risk_eval,B-Z,False,False,False
750101310689,VHSA,2,2026-03-23,703.1064878482873,758.1140898575773,804.9304331091554,964.2657958623497,1068.197248033613,lgbm,2026-03-09,104,risk_eval,B-Z,False,False,False
750101310689,VHSA,3,2026-03-30,669.7665601941717,724.8616407061386,955.7808450342682,1197.135704849091,1213.1592361391272,lgbm,2026-03-09,104,risk_eval,B-Z,False,False,False
750101310689,VHSA,4,2026-04-06,679.6224618830356,728.7841767655534,834.5352049333051,1013.6241874071433,1074.1411028870884,lgbm,2026-03-09,104,risk_eval,B-Z,False,False,False
750101310689,VHSA,5,2026-04-13,722.7184820802695,782.456584581215,891.0364769672173,1071.469482790942,1145.1521981210137,lgbm,2026-03-09,104,risk_eval,B-Z,False,False,False
750101310689,VHSA,6,2026-04-20,675.0343492673813,716.4345756531891,856.1577397681816,1017.2699812300798,1082.7640551426282,lgbm,2026-03-09,104,risk_eval,B-Z,False,False,False
750101310689,VHSA,7,2026-04-27,715.272192198162,773.6294342699873,911.4729881692718,1036.8286817291557,1122.9141328914652,lgbm,2026-03-09,104,risk_eval,B-Z,False,False,False
750101310689,VHSA,8,2026-05-04,686.0608188861336,744.7477523918759,842.013627365917,1006.9320182105499,1098.3390919195522,lgbm,2026-03-09,104,risk_eval,B-Z,False,False,False
750101310690,CCUL,1,2026-03-16,278.3253719531096,305.4930737808328,337.59772572491823,410.5074196765312,431.68640801190855,lgbm,2026-03-09,104,risk_eval,B-Z,False,False,False
750101310690,CCUL,2,2026-03-23,264.11338820488635,285.58332430743684,301.1618325593571,361.5305757706498,409.3172032084968,lgbm,2026-03-09,104,risk_eval,B-Z,False,False,False
750101310690,CCUL,3,2026-03-30,273.5340172609713,290.7362139236172,327.6565554926103,385.19682875328004,415.50820440405033,lgbm,2026-03-09,104,risk_eval,B-Z,False,False,False
750101310690,CCUL,4,2026-04-06,253.04396518024214,285.35072950987893,305.7053489897904,371.3178715327209,405.2463876279684,lgbm,2026-03-09,104,risk_eval,B-Z,False,False,False
750101310690,CCUL,5,2026-04-13,273.6252984605045,292.07422815956727,329.4138271560799,418.3981865643908,430.34825580710924,lgbm,2026-03-09,104,risk_eval,B-Z,False,False,False
750101310690,CCUL,6,2026-04-20,253.1973583818378,283.51774175537156,306.9465869599237,372.5970720815184,407.1959006395053,lgbm,2026-03-09,104,risk_eval,B-Z,False,False,False
750101310690,CCUL,7,2026-04-27,271.2411874168483,296.34073160621165,333.2084146689193,412.9535859928721,434.94093576857534,lgbm,2026-03-09,104,risk_eval,B-Z,False,False,False
750101310690,CCUL,8,2026-05-04,257.17950556330607,286.04108494420035,308.06525268992317,369.7360291083221,411.33520885921456,lgbm,2026-03-09,104,risk_eval,B-Z,False,False,False
750101310690,CMD2,1,2026-03-16,2382.5986317223296,2580.2216074458242,2634.343904847632,2840.0023247195018,2966.4925380579257,lgbm,2026-03-09,104,risk_eval,B-Z,False,False,False
750101310690,CMD2,2,2026-03-23,2271.9978055698343,2350.233798184486,2369.9034769033137,2433.668198535721,2717.297632951688,lgbm,2026-03-09,104,risk_eval,B-Z,False,False,False
750101310690,CMD2,3,2026-03-30,2368.8641694078237,2397.2588673807672,2600.392742157603,2785.3848693103414,2871.4079331094467,lgbm,2026-03-09,104,risk_eval,B-Z,False,False,False
750101310690,CMD2,4,2026-04-06,2199.1254081472844,2344.434600757873,2405.6293306846815,2555.4508208243483,2782.319617138523,lgbm,2026-03-09,104,risk_eval,B-Z,False,False,False
750101310690,CMD2,5,2026-04-13,2350.881502065587,2433.568058777876,2567.2979181404858,2881.4280077916474,2920.2241520102407,lgbm,2026-03-09,104,risk_eval,B-Z,False,False,False
750101310690,CMD2,6,2026-04-20,2194.817503736552,2333.898515932667,2428.7430216426856,2640.867620440004,2820.005891713336,lgbm,2026-03-09,104,risk_eval,B-Z,False,False,False
750101310690,CMD2,7,2026-04-27,2389.8278939326956,2597.866833918748,2684.649172679913,2874.1168593123257,3026.9498851175267,lgbm,2026-03-09,104,risk_eval,B-Z,False,False,False
750101310690,CMD2,8,2026-05-04,2223.1207051275514,2383.9180922014257,2437.6053538653605,2634.983911523331,2845.518968065266,lgbm,2026-03-09,104,risk_eval,B-Z,False,False,False
750101310690,CMTY,1,2026-03-16,427.5256920794074,451.03085781836364,488.45829156885065,551.2447522227822,570.6134642209288,lgbm,2026-03-09,104,risk_eval,B-Z,False,False,False
750101310690,CMTY,2,2026-03-23,405.55334187217926,422.59623079072867,442.27126249024684,482.16334273041986,555.0906289883911,lgbm,2026-03-09,104,risk_eval,B-Z,False,False,False
750101310690,CMTY,3,2026-03-30,412.84387264872083,429.08315888319754,468.67486408582215,511.5465273013595,576.779204532539,lgbm,2026-03-09,104,risk_eval,B-Z,False,False,False
750101310690,CMTY,4,2026-04-06,396.0645855314793,423.87009854469545,455.7381037209947,521.3666507186305,542.829454734349,lgbm,2026-03-09,104,risk_eval,B-Z,False,False,False
750101310690,CMTY,5,2026-04-13,413.95543366019797,421.8823759921439,475.39072306349755,566.7230869597205,571.7476457623852,lgbm,2026-03-09,104,risk_eval,B-Z,False,False,False
750101310690,CMTY,6,2026-04-20,386.1259686262093,415.94365089965237,452.67795720948345,521.2369599076479,550.610301610149,lgbm,2026-03-09,104,risk_eval,B-Z,False,False,False
750101310690,CMTY,7,2026-04-27,417.1569471958225,435.79091129087146,493.2184390207416,574.7691350931997,589.9395781245983,lgbm,2026-03-09,104,risk_eval,B-Z,False,False,False
750101310690,CMTY,8,2026-05-04,399.37923150369477,428.8770636246991,468.5291237962584,554.3238800295331,568.9181522566272,lgbm,2026-03-09,104,risk_eval,B-Z,False,False,False
750101310690,TLJ,1,2026-03-16,649.1454910379839,703.7972950545557,757.9318678804751,858.3379526902902,893.2479294202823,lgbm,2026-03-09,104,risk_eval,B-Z,False,False,False
750101310690,TLJ,2,2026-03-23,607.2863291514265,633.7517199184047,689.5998519215167,764.6076903493292,831.9570460480554,lgbm,2026-03-09,104,risk_eval,B-Z,False,False,False
750101310690,TLJ,3,2026-03-30,644.6550213813064,659.4262063159209,761.1839982039572,898.3155133064502,903.2230225982345,lgbm,2026-03-09,104,risk_eval,B-Z,False,False,False
750101310690,TLJ,4,2026-04-06,592.428868360131,643.7658175982613,712.0663300032221,821.645876712595,856.4072542421966,lgbm,2026-03-09,104,risk_eval,B-Z,False,False,False
750101310690,TLJ,5,2026-04-13,632.9391699622552,680.2155850050531,751.2353512673703,886.7073426064711,917.5105160140101,lgbm,2026-03-09,104,risk_eval,B-Z,False,False,False
750101310690,TLJ,6,2026-04-20,585.3521058602394,636.3878786579174,709.4474908598926,814.6666486627695,858.1764247160943,lgbm,2026-03-09,104,risk_eval,B-Z,False,False,False
750101310690,TLJ,7,2026-04-27,647.1500842534693,712.428125146389,775.8464020552984,897.6597942073029,915.0909717401345,lgbm,2026-03-09,104,risk_eval,B-Z,False,False,False
750101310690,TLJ,8,2026-05-04,589.9507352874182,649.5514478444861,713.1743236018579,814.2609472454144,869.5603447303876,lgbm,2026-03-09,104,risk_eval,B-Z,False,False,False
750101310690,VHSA,1,2026-03-16,377.5984753780261,396.2512600279047,449.28410740253867,526.3427967382322,548.8214360892393,lgbm,2026-03-09,104,risk_eval,B-Z,False,False,False
750101310690,VHSA,2,2026-03-23,345.7750444824959,376.46208829217954,405.03568613519224,444.76846895501114,530.1337696709395,lgbm,2026-03-09,104,risk_eval,B-Z,False,False,False
750101310690,VHSA,3,2026-03-30,368.3416357308872,386.7374808387295,443.7697662752055,518.7210404416742,555.6579492315017,lgbm,2026-03-09,104,risk_eval,B-Z,False,False,False
750101310690,VHSA,4,2026-04-06,339.1161679460959,376.4493310214301,420.67563705278326,488.2885318337837,521.0408151373748,lgbm,2026-03-09,104,risk_eval,B-Z,False,False,False
750101310690,VHSA,5,2026-04-13,355.3915837736474,382.7570831124824,441.4427551068586,531.4973008180472,544.7120786340397,lgbm,2026-03-09,104,risk_eval,B-Z,False,False,False
750101310690,VHSA,6,2026-04-20,333.1059793929099,367.58454842385686,410.62803242278073,476.9877241757903,519.8692758457425,lgbm,2026-03-09,104,risk_eval,B-Z,False,False,False
750101310690,VHSA,7,2026-04-27,367.99107849678717,393.69438757181535,459.57934583108494,542.8283095428284,566.3762944897574,lgbm,2026-03-09,104,risk_eval,B-Z,False,False,False
750101310690,VHSA,8,2026-05-04,340.25032450868775,380.77860537880844,418.7419513793109,485.449853686022,530.6023505608609,lgbm,2026-03-09,104,risk_eval,B-Z,False,False,False
750101310691,CCUL,1,2026-03-16,311.6007002217955,344.52245759787866,449.674492487032,558.1677551348814,588.384316342504,lgbm,2026-03-09,104,risk_eval,B-Z,False,False,False
750101310691,CCUL,2,2026-03-23,313.1720464641865,341.055977319061,421.7207859142284,491.7746356702004,577.1787770816303,lgbm,2026-03-09,104,risk_eval,B-Z,False,False,False
750101310691,CCUL,3,2026-03-30,314.1741263069017,336.0681987293609,449.83249384493723,529.0597374265421,580.2977024020277,lgbm,2026-03-09,104,risk_eval,B-Z,False,False,False
750101310691,CCUL,4,2026-04-06,314.29300152960883,340.84710282777695,438.7901692215111,539.6976162403994,585.7582327801908,lgbm,2026-03-09,104,risk_eval,B-Z,False,False,False
750101310691,CCUL,5,2026-04-13,315.45995719765546,343.9122120177069,473.30371757297274,587.9989270022884,619.7279923780125,lgbm,2026-03-09,104,risk_eval,B-Z,False,False,False
750101310691,CCUL,6,2026-04-20,315.86857695934725,341.9700442922861,453.17499187750917,564.5415559594821,607.1092326304693,lgbm,2026-03-09,104,risk_eval,B-Z,False,False,False
750101310691,CCUL,7,2026-04-27,311.04698720293237,340.589451264378,470.4750710280297,604.7064705577147,619.9728452120767,lgbm,2026-03-09,104,risk_eval,B-Z,False,False,False
750101310691,CCUL,8,2026-05-04,300.3501154768217,337.8417855334134,435.03521811010006,551.2457185710718,603.7501916322533,lgbm,2026-03-09,104,risk_eval,B-Z,False,False,False
750101310691,CMD2,1,2026-03-16,4141.340971971445,4323.853327934704,4675.976009814599,5259.709621991732,5602.070016501031,lgbm,2026-03-09,104,risk_eval,B-Z,False,False,False
750101310691,CMD2,2,2026-03-23,3842.665258662953,4195.012523048172,4345.4622848287545,4472.044298680487,5367.52910373551,lgbm,2026-03-09,104,risk_eval,B-Z,False,False,False
750101310691,CMD2,3,2026-03-30,3886.270999491694,4195.931831945618,4846.668363272976,5141.270614423567,5587.072622611614,lgbm,2026-03-09,104,risk_eval,B-Z,False,False,False
750101310691,CMD2,4,2026-04-06,3854.552628327404,4067.0671644717318,4444.994895639026,4876.289069029082,5572.884578452201,lgbm,2026-03-09,104,risk_eval,B-Z,False,False,False
750101310691,CMD2,5,2026-04-13,3996.9392297320096,4098.862615792119,4724.225896922762,5544.989330581201,5766.2256534205035,lgbm,2026-03-09,104,risk_eval,B-Z,False,False,False
750101310691,CMD2,6,2026-04-20,3876.6152793643773,3998.633614024128,4623.353364364947,5191.135198661112,5648.737438222339,lgbm,2026-03-09,104,risk_eval,B-Z,False,False,False
750101310691,CMD2,7,2026-04-27,4127.714931258422,4325.718516237009,4850.432726099192,5568.939704886695,5846.918736901956,lgbm,2026-03-09,104,risk_eval,B-Z,False,False,False
750101310691,CMD2,8,2026-05-04,3811.07912936718,4057.783334139713,4553.36621918682,5146.196062044457,5608.909470412524,lgbm,2026-03-09,104,risk_eval,B-Z,False,False,False
750101310691,CMTY,1,2026-03-16,447.0679591718407,457.03604484965683,515.6447974563978,592.3456761680345,626.8524701726724,lgbm,2026-03-09,104,risk_eval,B-Z,False,False,False
750101310691,CMTY,2,2026-03-23,420.2308244238289,466.0172607062386,472.5645670433434,486.8804120321058,618.4506255165056,lgbm,2026-03-09,104,risk_eval,B-Z,False,False,False
750101310691,CMTY,3,2026-03-30,423.72497541937327,452.83199638655344,518.9839827543747,545.4622951729634,625.043734812947,lgbm,2026-03-09,104,risk_eval,B-Z,False,False,False
750101310691,CMTY,4,2026-04-06,418.76098679456106,438.7412254572485,484.92217360807723,559.6309265782306,616.5550603474003,lgbm,2026-03-09,104,risk_eval,B-Z,False,False,False
750101310691,CMTY,5,2026-04-13,430.1416289897742,437.89653716043415,516.4184143789539,621.2463377725367,643.0689302993709,lgbm,2026-03-09,104,risk_eval,B-Z,False,False,False
750101310691,CMTY,6,2026-04-20,413.3729146754912,437.0325118632025,491.8459815433502,564.0591954091257,621.5843817283759,lgbm,2026-03-09,104,risk_eval,B-Z,False,False,False
750101310691,CMTY,7,2026-04-27,426.1307867099686,444.16326309039954,531.2383890325549,626.996862600176,657.5975849952831,lgbm,2026-03-09,104,risk_eval,B-Z,False,False,False
750101310691,CMTY,8,2026-05-04,418.81370096924286,429.5608446997109,497.7677741063487,591.5111759886394,633.3348718478987,lgbm,2026-03-09,104,risk_eval,B-Z,False,False,False
750101310691,MXLI,1,2026-03-16,258.7290806928326,275.37570341560576,338.4462310629164,393.3470526906479,427.87042213050495,lgbm,2026-03-09,104,risk_eval,B-Z,False,False,False
750101310691,MXLI,2,2026-03-23,257.82917708533114,280.90603926270967,315.30779653105395,331.26731671744244,418.80726250396,lgbm,2026-03-09,104,risk_eval,B-Z,False,False,False
750101310691,MXLI,3,2026-03-30,261.2985609218359,277.5240240964207,342.92369504043194,365.72665219937545,417.62828779092393,lgbm,2026-03-09,104,risk_eval,B-Z,False,False,False
750101310691,MXLI,4,2026-04-06,256.79926445804847,271.6947957982055,331.0030538933205,382.7791703910974,418.373191062721,lgbm,2026-03-09,104,risk_eval,B-Z,False,False,False
750101310691,MXLI,5,2026-04-13,264.6942337425346,274.768310092269,339.2649551374541,418.52549181500154,432.35746839822013,lgbm,2026-03-09,104,risk_eval,B-Z,False,False,False
750101310691,MXLI,6,2026-04-20,255.33789347903678,267.88686954682026,333.2485568816888,392.46871535922133,421.648028286785,lgbm,2026-03-09,104,risk_eval,B-Z,False,False,False
750101310691,MXLI,7,2026-04-27,249.32337630468658,266.0729906365786,341.3280221447036,411.49446091896453,434.99524193034654,lgbm,2026-03-09,104,risk_eval,B-Z,False,False,False
750101310691,MXLI,8,2026-05-04,244.44627247072378,271.1552156336539,314.8749310976198,380.3560312287844,425.55436667173814,lgbm,2026-03-09,104,risk_eval,B-Z,False,False,False
750101310691,TLJ,1,2026-03-16,852.9597375606064,871.2161780344181,995.9748577444444,1159.3026373018372,1246.093202943171,lgbm,2026-03-09,104,risk_eval,B-Z,False,False,False
750101310691,TLJ,2,2026-03-23,783.6878681578825,858.8258880925814,921.1025663042874,962.4193992839092,1186.0013042037667,lgbm,2026-03-09,104,risk_eval,B-Z,False,False,False
750101310691,TLJ,3,2026-03-30,805.2491647700691,835.6169803493165,1028.8243103129562,1159.48970762683,1273.7936436730756,lgbm,2026-03-09,104,risk_eval,B-Z,False,False,False
750101310691,TLJ,4,2026-04-06,791.252184395031,812.4550863446049,967.3383751513708,1146.9619152306075,1252.4157132715293,lgbm,2026-03-09,104,risk_eval,B-Z,False,False,False
750101310691,TLJ,5,2026-04-13,811.8975024813041,831.9909546155974,1002.9201089250138,1246.981804426598,1309.2186639578263,lgbm,2026-03-09,104,risk_eval,B-Z,False,False,False
750101310691,TLJ,6,2026-04-20,788.5941147846207,815.9305126978221,981.3390648078611,1161.847394381503,1280.2119345030187,lgbm,2026-03-09,104,risk_eval,B-Z,False,False,False
750101310691,TLJ,7,2026-04-27,827.4357829721685,883.2760295847629,1041.213203392962,1232.4679082948023,1315.6017507382367,lgbm,2026-03-09,104,risk_eval,B-Z,False,False,False
750101310691,TLJ,8,2026-05-04,772.1894161208302,822.7309459142341,963.8203991675334,1147.0235426210556,1256.5756731614613,lgbm,2026-03-09,104,risk_eval,B-Z,False,False,False
750101310691,VHSA,1,2026-03-16,639.4801836839143,677.9300962598713,818.7864874290713,999.1521725319292,1016.4411796517307,lgbm,2026-03-09,104,risk_eval,B-Z,False,False,False
750101310691,VHSA,2,2026-03-23,632.3210260889609,704.2449285994214,751.0572236499225,831.7443279174497,968.3032879984219,lgbm,2026-03-09,104,risk_eval,B-Z,False,False,False
750101310691,VHSA,3,2026-03-30,636.5571767018495,715.315151175479,835.1242294692139,923.5141863311333,1028.7667234038984,lgbm,2026-03-09,104,risk_eval,B-Z,False,False,False
750101310691,VHSA,4,2026-04-06,637.7510887709642,673.4126267446292,784.5515964681564,936.0769269057172,985.8020653588309,lgbm,2026-03-09,104,risk_eval,B-Z,False,False,False
750101310691,VHSA,5,2026-04-13,641.4770055970373,682.5298657309175,805.980945311044,1023.4137731720591,1028.659559119114,lgbm,2026-03-09,104,risk_eval,B-Z,False,False,False
750101310691,VHSA,6,2026-04-20,632.0906465890023,664.4234787036403,808.5178839545484,989.2543214054485,1026.8761588459358,lgbm,2026-03-09,104,risk_eval,B-Z,False,False,False
750101310691,VHSA,7,2026-04-27,618.0445899350265,680.4701983870709,853.8841786361257,1052.4309348001518,1067.1718664316022,lgbm,2026-03-09,104,risk_eval,B-Z,False,False,False
750101310691,VHSA,8,2026-05-04,619.0285121341944,672.0954169660597,792.6540655551668,977.2671334329842,1015.7562827933368,lgbm,2026-03-09,104,risk_eval,B-Z,False,False,False
750101310692,CCUL,1,2026-03-16,394.6112377073167,412.5636585816519,513.5539213496892,601.799305035728,642.4502642831989,lgbm,2026-03-09,104,risk_eval,B-Z,False,False,False
750101310692,CCUL,2,2026-03-23,384.84481036165784,414.746187768612,492.7119435438624,570.4870920103809,630.1604406959403,lgbm,2026-03-09,104,risk_eval,B-Z,False,False,False
750101310692,CCUL,3,2026-03-30,381.59502073820966,405.7966831650123,515.3433634774005,644.6724494905745,647.4367249141864,lgbm,2026-03-09,104,risk_eval,B-Z,False,False,False
750101310692,CCUL,4,2026-04-06,374.5123312815701,404.1187562229958,497.86330712856926,616.1924426548201,644.5932876164909,lgbm,2026-03-09,104,risk_eval,B-Z,False,False,False
750101310692,CCUL,5,2026-04-13,372.1366795462318,394.58160979058164,508.1649750409041,655.6823181725368,667.1303435992197,lgbm,2026-03-09,104,risk_eval,B-Z,False,False,False
750101310692,CCUL,6,2026-04-20,366.32666781262685,389.6736350139482,494.88281524619873,610.9067958723323,630.26022975807,lgbm,2026-03-09,104,risk_eval,B-Z,False,False,False
750101310692,CCUL,7,2026-04-27,383.53556014458707,402.8672736340604,531.6459029949428,658.612936034701,672.3607658887602,lgbm,2026-03-09,104,risk_eval,B-Z,False,False,False
750101310692,CCUL,8,2026-05-04,364.71146297086597,399.9420594254325,502.6533572946256,629.4129590073323,658.2386064013244,lgbm,2026-03-09,104,risk_eval,B-Z,False,False,False
750101310692,CMD2,1,2026-03-16,4376.082274091032,4824.335712184264,5212.420669679649,5573.477403138796,6034.196621347991,lgbm,2026-03-09,104,risk_eval,B-Z,False,False,False
750101310692,CMD2,2,2026-03-23,4207.878165205118,4743.94368629515,4963.923803816324,5105.497226136276,5832.488308535361,lgbm,2026-03-09,104,risk_eval,B-Z,False,False,False
750101310692,CMD2,3,2026-03-30,4220.855180396312,4633.950842094795,5262.087120891824,6002.483163029544,6182.526137023475,lgbm,2026-03-09,104,risk_eval,B-Z,False,False,False
750101310692,CMD2,4,2026-04-06,4028.391238219415,4437.08967472313,5023.2897975015985,5578.418728228116,6015.08122435492,lgbm,2026-03-09,104,risk_eval,B-Z,False,False,False
750101310692,CMD2,5,2026-04-13,4174.200204139447,4479.619436719187,5271.942434315783,6225.444843968825,6481.023426810012,lgbm,2026-03-09,104,risk_eval,B-Z,False,False,False
750101310692,CMD2,6,2026-04-20,4011.921644619091,4400.222512467946,5015.024638915011,5769.732095515501,6153.918650114295,lgbm,2026-03-09,104,risk_eval,B-Z,False,False,False
750101310692,CMD2,7,2026-04-27,4296.669627841527,4709.091976831786,5460.583885279285,6212.854764121725,6518.750888984762,lgbm,2026-03-09,104,risk_eval,B-Z,False,False,False
750101310692,CMD2,8,2026-05-04,3866.3958920010195,4397.663667206809,5024.159735379773,5848.273393556859,6280.70386772579,lgbm,2026-03-09,104,risk_eval,B-Z,False,False,False
750101310692,CMTY,1,2026-03-16,441.6823785219401,465.2579345645837,534.2956065175584,608.4419050754378,657.069692233614,lgbm,2026-03-09,104,risk_eval,B-Z,False,False,False
750101310692,CMTY,2,2026-03-23,408.4073821597794,458.7148645246446,505.82098925728224,551.2176637293301,633.7844348238748,lgbm,2026-03-09,104,risk_eval,B-Z,False,False,False
750101310692,CMTY,3,2026-03-30,401.30343931824666,440.6646735986486,516.2720600764492,585.2424750614192,655.1501716936864,lgbm,2026-03-09,104,risk_eval,B-Z,False,False,False
750101310692,CMTY,4,2026-04-06,401.80584427608807,433.0896297813831,517.4359520676179,611.3986823415536,663.254635806021,lgbm,2026-03-09,104,risk_eval,B-Z,False,False,False
750101310692,CMTY,5,2026-04-13,403.8437096853336,416.60842253393224,546.7424668573734,666.4984147432051,694.6319733130347,lgbm,2026-03-09,104,risk_eval,B-Z,False,False,False
750101310692,CMTY,6,2026-04-20,395.7692648839079,424.33914551907924,515.0745731917458,615.4515349941988,664.6918257994934,lgbm,2026-03-09,104,risk_eval,B-Z,False,False,False
750101310692,CMTY,7,2026-04-27,418.8454970535986,432.3676378974177,559.4792907761761,666.3361057909715,697.1201956623408,lgbm,2026-03-09,104,risk_eval,B-Z,False,False,False
750101310692,CMTY,8,2026-05-04,395.98187460670704,422.255170396552,534.3501648056159,639.6577859615608,681.2611218382774,lgbm,2026-03-09,104,risk_eval,B-Z,False,False,False
750101310692,MXLI,1,2026-03-16,174.07407139504568,183.90166886106195,228.13392287922696,277.28869617575333,304.8367737450448,lgbm,2026-03-09,104,risk_eval,B-Z,False,False,False
750101310692,MXLI,2,2026-03-23,168.8214139161511,187.22601765793897,225.62108753550672,277.76748698392737,314.3799558424612,lgbm,2026-03-09,104,risk_eval,B-Z,False,False,False
750101310692,MXLI,3,2026-03-30,154.76902163466093,181.71795762576932,228.1788026733475,283.56381102220007,319.2983745906585,lgbm,2026-03-09,104,risk_eval,B-Z,False,False,False
750101310692,MXLI,4,2026-04-06,163.5088766527621,176.93123695593144,224.0385255429489,292.35720196955486,309.6391672513323,lgbm,2026-03-09,104,risk_eval,B-Z,False,False,False
750101310692,MXLI,5,2026-04-13,161.36014724206856,174.170571767312,231.4917841323935,307.80752830908216,320.4692232374942,lgbm,2026-03-09,104,risk_eval,B-Z,False,False,False
750101310692,MXLI,6,2026-04-20,167.24749439607834,178.46607241059553,229.94408371081542,308.72115800088466,323.44791576729904,lgbm,2026-03-09,104,risk_eval,B-Z,False,False,False
750101310692,MXLI,7,2026-04-27,163.29642768967014,181.02443249145784,239.9894667767146,308.76595804861364,328.18767220604735,lgbm,2026-03-09,104,risk_eval,B-Z,False,False,False
750101310692,MXLI,8,2026-05-04,160.64493288759635,179.0439938961405,224.1031290038111,294.32128255294515,317.2643665139007,lgbm,2026-03-09,104,risk_eval,B-Z,False,False,False
750101310692,TLJ,1,2026-03-16,883.226610574565,923.8852576051644,1045.6685197647619,1168.319063422267,1250.1628419545546,lgbm,2026-03-09,104,risk_eval,B-Z,False,False,False
750101310692,TLJ,2,2026-03-23,835.9307684321224,903.181446896383,976.6996520137155,1051.5982558201629,1200.3014504417265,lgbm,2026-03-09,104,risk_eval,B-Z,False,False,False
750101310692,TLJ,3,2026-03-30,814.0132006208297,894.6076332153987,1032.1510964338074,1164.4001847649322,1287.6767777515763,lgbm,2026-03-09,104,risk_eval,B-Z,False,False,False
750101310692,TLJ,4,2026-04-06,807.422220420817,846.3532040276416,1008.1213099767377,1192.8192798516636,1258.4253745005756,lgbm,2026-03-09,104,risk_eval,B-Z,False,False,False
750101310692,TLJ,5,2026-04-13,812.6240914592549,862.7864329400538,1038.138751135799,1281.2472280246457,1335.2046856278434,lgbm,2026-03-09,104,risk_eval,B-Z,False,False,False
750101310692,TLJ,6,2026-04-20,819.1799697252601,841.9487584022386,1019.3602512222727,1269.7295090402984,1324.0173172675632,lgbm,2026-03-09,104,risk_eval,B-Z,False,False,False
750101310692,TLJ,7,2026-04-27,849.8684442292667,934.2529180327763,1078.0354013399638,1277.92186593986,1355.5606284566702,lgbm,2026-03-09,104,risk_eval,B-Z,False,False,False
750101310692,TLJ,8,2026-05-04,767.1884039384556,830.7110217605752,1008.0220203430056,1188.3778571470214,1271.7947564309943,lgbm,2026-03-09,104,risk_eval,B-Z,False,False,False
750101310692,VHSA,1,2026-03-16,660.2982652136333,689.6186648224509,809.6942940441207,919.6731824645346,978.5610386984021,lgbm,2026-03-09,104,risk_eval,B-Z,False,False,False
750101310692,VHSA,2,2026-03-23,636.2768134282328,705.5268836936775,771.9431361353561,852.1767319400345,960.6240829297387,lgbm,2026-03-09,104,risk_eval,B-Z,False,False,False
750101310692,VHSA,3,2026-03-30,634.0507514929192,699.7493287134791,814.5298167927773,975.2635850569225,1035.9815450338356,lgbm,2026-03-09,104,risk_eval,B-Z,False,False,False
750101310692,VHSA,4,2026-04-06,620.8890143951394,672.540487818528,779.310040955611,927.1195251636215,985.5555666346952,lgbm,2026-03-09,104,risk_eval,B-Z,False,False,False
750101310692,VHSA,5,2026-04-13,627.3851465609781,672.3547425028295,813.8983120515269,1052.38430870511,1081.8960727111078,lgbm,2026-03-09,104,risk_eval,B-Z,False,False,False
750101310692,VHSA,6,2026-04-20,608.8878900144276,660.5154383495482,781.5767845716359,935.1688515653592,993.1710745328868,lgbm,2026-03-09,104,risk_eval,B-Z,False,False,False
750101310692,VHSA,7,2026-04-27,640.3602729446651,690.1506172563309,848.9380932019797,1048.463936815435,1084.576368630281,lgbm,2026-03-09,104,risk_eval,B-Z,False,False,False
750101310692,VHSA,8,2026-05-04,611.4033468196409,659.8422286633587,793.508972738182,1004.397699178582,1048.022441178553,lgbm,2026-03-09,104,risk_eval,B-Z,False,False,False
750101310693,CCUL,1,2026-03-16,1569.863891387662,1625.1241018726446,1771.4466285172302,2268.909993763829,2337.5466430558317,lgbm,2026-03-09,104,risk_eval,B-Z,False,False,False
750101310693,CCUL,2,2026-03-23,1429.178532746247,1548.5761209973205,1676.55712671726,1852.5720092130068,2237.469427792639,lgbm,2026-03-09,104,risk_eval,B-Z,False,False,False
750101310693,CCUL,3,2026-03-30,1427.562970587815,1593.8849359599171,1721.1664939367772,2089.8148628958343,2292.9173518080925,lgbm,2026-03-09,104,risk_eval,B-Z,False,False,False
750101310693,CCUL,4,2026-04-06,1457.2505637990123,1533.2777033422913,1705.8202208606838,2173.5454358882257,2271.14602714115,lgbm,2026-03-09,104,risk_eval,B-Z,False,False,False
750101310693,CCUL,5,2026-04-13,1519.1801153151382,1580.1618738406823,1789.5458582151784,2346.0435707229294,2348.257235082382,lgbm,2026-03-09,104,risk_eval,B-Z,False,False,False
750101310693,CCUL,6,2026-04-20,1415.505757395526,1531.4870585025483,1713.5243238072517,2115.5508551753155,2290.0506635831125,lgbm,2026-03-09,104,risk_eval,B-Z,False,False,False
750101310693,CCUL,7,2026-04-27,1501.194080489708,1594.2786067090037,1863.0728776283445,2273.19097460913,2360.5867685844073,lgbm,2026-03-09,104,risk_eval,B-Z,False,False,False
750101310693,CCUL,8,2026-05-04,1429.991450334349,1549.998725856642,1753.0570176056144,2124.5980408905184,2303.1656459503665,lgbm,2026-03-09,104,risk_eval,B-Z,False,False,False
750101310693,CMD2,1,2026-03-16,22731.481964494313,24718.09315636639,25786.450754628728,27721.48770810942,29475.885767891134,lgbm,2026-03-09,104,risk_eval,B-Z,False,False,False
750101310693,CMD2,2,2026-03-23,21275.735821269438,22153.946162338194,23488.13935932102,24310.300604426895,27670.8602220411,lgbm,2026-03-09,104,risk_eval,B-Z,False,False,False
750101310693,CMD2,3,2026-03-30,21435.725553742785,23023.55368377148,24678.127746049373,26087.73700433859,28680.683635074005,lgbm,2026-03-09,104,risk_eval,B-Z,False,False,False
750101310693,CMD2,4,2026-04-06,20662.10003749908,22333.873609521102,24707.23886000617,25944.39267162058,28217.866769297616,lgbm,2026-03-09,104,risk_eval,B-Z,False,False,False
750101310693,CMD2,5,2026-04-13,21263.16243400545,22905.338586971735,24570.67346708034,27260.21511260748,29275.255428370576,lgbm,2026-03-09,104,risk_eval,B-Z,False,False,False
750101310693,CMD2,6,2026-04-20,20290.329264796874,21895.03021915518,24380.203196258753,25882.113611368088,28993.28217171123,lgbm,2026-03-09,104,risk_eval,B-Z,False,False,False
750101310693,CMD2,7,2026-04-27,21533.32389421548,23752.161695743882,25828.673226118783,27468.658697052095,29885.382551487477,lgbm,2026-03-09,104,risk_eval,B-Z,False,False,False
750101310693,CMD2,8,2026-05-04,20012.965984015354,21653.249772888033,24356.663445518087,25530.425540071352,29123.79788906282,lgbm,2026-03-09,104,risk_eval,B-Z,False,False,False
750101310693,CMTY,1,2026-03-16,3047.4620504537547,3241.7406576606854,3421.1210834616527,3946.0100861964615,4067.6836777016983,lgbm,2026-03-09,104,risk_eval,B-Z,False,False,False
750101310693,CMTY,2,2026-03-23,2831.3381394527046,3018.806817804033,3061.849014368656,3201.2130247923465,3889.3867326677605,lgbm,2026-03-09,104,risk_eval,B-Z,False,False,False
750101310693,CMTY,3,2026-03-30,2865.1855622872645,3091.9095869062326,3231.2685371848993,3532.366595595987,4015.0298322270887,lgbm,2026-03-09,104,risk_eval,B-Z,False,False,False
750101310693,CMTY,4,2026-04-06,2720.6202460837994,2827.772543127913,3301.863292483546,3721.278944137969,3982.056317604374,lgbm,2026-03-09,104,risk_eval,B-Z,False,False,False
750101310693,CMTY,5,2026-04-13,2786.2295771213317,2982.071911575791,3430.2115302303664,3890.3954297939713,4055.510581288111,lgbm,2026-03-09,104,risk_eval,B-Z,False,False,False
750101310693,CMTY,6,2026-04-20,2671.982561509342,2784.3339199590264,3316.6541091158797,3736.1437876369755,4022.3987598922868,lgbm,2026-03-09,104,risk_eval,B-Z,False,False,False
750101310693,CMTY,7,2026-04-27,2781.487031140215,2950.7897870847055,3579.326796777597,4016.168951220906,4192.133052945858,lgbm,2026-03-09,104,risk_eval,B-Z,False,False,False
750101310693,CMTY,8,2026-05-04,2562.882657208515,2756.8203681718496,3393.764891955427,3717.1402392736877,4100.936976430244,lgbm,2026-03-09,104,risk_eval,B-Z,False,False,False
750101310693,MXLI,1,2026-03-16,1338.5107610857456,1397.2649018383568,1603.5817858688263,1912.6328411671311,1973.0089435767077,lgbm,2026-03-09,104,risk_eval,B-Z,False,False,False
750101310693,MXLI,2,2026-03-23,1221.3774652718005,1433.014632124649,1452.5514901187582,1481.5606020669145,1860.8858167036806,lgbm,2026-03-09,104,risk_eval,B-Z,False,False,False
750101310693,MXLI,3,2026-03-30,1211.4397517354357,1379.0895927575946,1538.6514192330765,1729.8226889702573,1902.686827737272,lgbm,2026-03-09,104,risk_eval,B-Z,False,False,False
750101310693,MXLI,4,2026-04-06,1236.6372261944289,1335.7349631448612,1560.888581075438,1792.1206791554507,1875.543074497784,lgbm,2026-03-09,104,risk_eval,B-Z,False,False,False
750101310693,MXLI,5,2026-04-13,1258.8165763396723,1364.5409980628774,1600.6499218103268,1879.319506309694,1911.9721025658987,lgbm,2026-03-09,104,risk_eval,B-Z,False,False,False
750101310693,MXLI,6,2026-04-20,1231.7499441247471,1332.0291870072829,1574.4345189539802,1798.6225835166915,1887.7918148380456,lgbm,2026-03-09,104,risk_eval,B-Z,False,False,False
750101310693,MXLI,7,2026-04-27,1257.6830395029574,1370.6497174282315,1682.3611543678614,1931.4492452025345,1980.874760877196,lgbm,2026-03-09,104,risk_eval,B-Z,False,False,False
750101310693,MXLI,8,2026-05-04,1227.4582496493617,1336.3363596352326,1563.3716445778416,1776.5540680071028,1938.3748451637186,lgbm,2026-03-09,104,risk_eval,B-Z,False,False,False
750101310693,TLJ,1,2026-03-16,4959.132207824212,5124.689354514328,5459.419432557224,6419.552108390487,6631.9209433424185,lgbm,2026-03-09,104,risk_eval,B-Z,False,False,False
750101310693,TLJ,2,2026-03-23,4444.963193959208,4729.22711731217,5050.772698796071,5130.735740731129,6374.658346477467,lgbm,2026-03-09,104,risk_eval,B-Z,False,False,False
750101310693,TLJ,3,2026-03-30,4444.492574572341,4932.066149982581,5148.970474033303,5992.45600704921,6623.0898751584145,lgbm,2026-03-09,104,risk_eval,B-Z,False,False,False
750101310693,TLJ,4,2026-04-06,4468.132044748144,4749.693423833953,5174.050426143603,6047.971438275746,6479.10210280522,lgbm,2026-03-09,104,risk_eval,B-Z,False,False,False
750101310693,TLJ,5,2026-04-13,4573.942425770925,4896.821849663435,5352.151168483124,6467.007073719577,6694.781391740075,lgbm,2026-03-09,104,risk_eval,B-Z,False,False,False
750101310693,TLJ,6,2026-04-20,4448.471461803843,4715.5971315236,5168.56796679532,6118.687100272514,6585.148114321064,lgbm,2026-03-09,104,risk_eval,B-Z,False,False,False
750101310693,TLJ,7,2026-04-27,4700.523185957642,5134.507071003286,5683.222349667592,6518.4841255034025,6786.530995208141,lgbm,2026-03-09,104,risk_eval,B-Z,False,False,False
750101310693,TLJ,8,2026-05-04,4413.6832074252,4750.350188073039,5313.140543786045,6018.472304133678,6584.591346792656,lgbm,2026-03-09,104,risk_eval,B-Z,False,False,False
750101310693,VHSA,1,2026-03-16,2737.108902777311,2858.1821331586875,3139.396311039421,3906.0517956300964,3920.507648751121,lgbm,2026-03-09,104,risk_eval,B-Z,False,False,False
750101310693,VHSA,2,2026-03-23,2451.9556136956617,2660.5497577701676,2909.225570569445,3042.4113639751035,3745.0942679097375,lgbm,2026-03-09,104,risk_eval,B-Z,False,False,False
750101310693,VHSA,3,2026-03-30,2540.0582107019472,2773.890520680273,2946.9474218157957,3521.9524354197347,3913.270861428149,lgbm,2026-03-09,104,risk_eval,B-Z,False,False,False
750101310693,VHSA,4,2026-04-06,2503.4155407966714,2741.1330671261944,2989.6021573090375,3570.0700545972995,3783.0625414209735,lgbm,2026-03-09,104,risk_eval,B-Z,False,False,False
750101310693,VHSA,5,2026-04-13,2606.9966437023672,2806.4604342733173,3148.131003395612,3895.4990687080804,3974.9690700743245,lgbm,2026-03-09,104,risk_eval,B-Z,False,False,False
750101310693,VHSA,6,2026-04-20,2473.105438679768,2721.193639285784,3006.1846383768684,3547.554619362342,3820.245631924889,lgbm,2026-03-09,104,risk_eval,B-Z,False,False,False
750101310693,VHSA,7,2026-04-27,2556.5702626500597,2821.75259362703,3269.6558086883106,3845.1970204917884,3993.1978882934054,lgbm,2026-03-09,104,risk_eval,B-Z,False,False,False
750101310693,VHSA,8,2026-05-04,2467.6680087580157,2750.5583704269243,3074.8256528116017,3607.6836619302558,3866.9405014480276,lgbm,2026-03-09,104,risk_eval,B-Z,False,False,False
750101310694,CCUL,1,2026-03-16,2905.511097743767,3037.8302111333737,3231.7723663426477,3824.7709160166796,3891.4902453449718,lgbm,2026-03-09,104,risk_eval,B-Z,False,False,False
750101310694,CCUL,2,2026-03-23,2838.0434974232194,2959.1915510553977,3101.2152925195114,3503.3611322790393,3809.721909361843,lgbm,2026-03-09,104,risk_eval,B-Z,False,False,False
750101310694,CCUL,3,2026-03-30,2844.7170730121893,3024.6257596097926,3325.9469946802033,3706.03248240403,4030.399273122479,lgbm,2026-03-09,104,risk_eval,B-Z,False,False,False
750101310694,CCUL,4,2026-04-06,2703.3602053329873,2836.465243898935,3164.0278199269346,3841.7707696741345,3958.901534149972,lgbm,2026-03-09,104,risk_eval,B-Z,False,False,False
750101310694,CCUL,5,2026-04-13,2807.782897499726,2883.6898298457063,3335.736741858224,4053.035262422587,4079.609482779128,lgbm,2026-03-09,104,risk_eval,B-Z,False,False,False
750101310694,CCUL,6,2026-04-20,2664.4449173485477,2799.457915789765,3164.1241662214375,3841.0743298918355,4011.948940895984,lgbm,2026-03-09,104,risk_eval,B-Z,False,False,False
750101310694,CCUL,7,2026-04-27,2791.3468678142303,2962.337683235648,3300.5891027965386,3870.478326825845,4066.700762624304,lgbm,2026-03-09,104,risk_eval,B-Z,False,False,False
750101310694,CCUL,8,2026-05-04,2583.9249961950345,2825.527531725173,3114.458868195949,3802.442102008476,4058.96297845777,lgbm,2026-03-09,104,risk_eval,B-Z,False,False,False
750101310694,CMD2,1,2026-03-16,23219.10516672537,25602.207499286647,25971.171680588486,27349.907763276577,29518.54463310124,lgbm,2026-03-09,104,risk_eval,B-Z,False,False,False
750101310694,CMD2,2,2026-03-23,22621.660536382984,23837.46600246125,24546.320121538865,25313.996012416515,28455.37650212273,lgbm,2026-03-09,104,risk_eval,B-Z,False,False,False
750101310694,CMD2,3,2026-03-30,23131.85538707317,24610.871318496418,26660.24451660401,27966.134983351472,30173.76709244305,lgbm,2026-03-09,104,risk_eval,B-Z,False,False,False
750101310694,CMD2,4,2026-04-06,21658.459297062625,23010.9251795391,24682.66674385287,28042.219270502133,29511.828839063925,lgbm,2026-03-09,104,risk_eval,B-Z,False,False,False
750101310694,CMD2,5,2026-04-13,22663.363069845374,24071.20124056234,25831.755137289812,29208.42835951767,30445.78426488339,lgbm,2026-03-09,104,risk_eval,B-Z,False,False,False
750101310694,CMD2,6,2026-04-20,21175.830809719668,22625.395351775427,24034.05263545655,27541.88372501274,29446.480461923224,lgbm,2026-03-09,104,risk_eval,B-Z,False,False,False
750101310694,CMD2,7,2026-04-27,22466.596497013983,24194.921790454388,26143.585656511455,28699.346713122635,30244.05877622244,lgbm,2026-03-09,104,risk_eval,B-Z,False,False,False
750101310694,CMD2,8,2026-05-04,20737.02826845443,22051.771003478858,24829.72194747116,28970.837119292297,30211.108877458126,lgbm,2026-03-09,104,risk_eval,B-Z,False,False,False
750101310694,CMTY,1,2026-03-16,3266.87600790395,3483.013709229723,3753.6498620090656,4281.067348421286,4463.757430807877,lgbm,2026-03-09,104,risk_eval,B-Z,False,False,False
750101310694,CMTY,2,2026-03-23,3196.6685786878193,3336.3921200702002,3483.3921181193755,3699.073988792751,4193.592583879524,lgbm,2026-03-09,104,risk_eval,B-Z,False,False,False
750101310694,CMTY,3,2026-03-30,3222.842822311971,3446.069406961618,3769.5975862310074,3952.438734936732,4455.725821334016,lgbm,2026-03-09,104,risk_eval,B-Z,False,False,False
750101310694,CMTY,4,2026-04-06,3012.2281007471183,3212.5655859890453,3515.0817615354267,4207.9490691881565,4370.696668868046,lgbm,2026-03-09,104,risk_eval,B-Z,False,False,False
750101310694,CMTY,5,2026-04-13,3130.4604538542335,3256.9988429599625,3636.7247984050714,4458.846877155897,4497.032910544531,lgbm,2026-03-09,104,risk_eval,B-Z,False,False,False
750101310694,CMTY,6,2026-04-20,2944.9587732728783,3161.1039232416874,3496.508271497318,4189.6778372083745,4419.484247662353,lgbm,2026-03-09,104,risk_eval,B-Z,False,False,False
750101310694,CMTY,7,2026-04-27,3137.5159346972664,3359.8332260021043,3679.2018601922246,4298.497246891134,4511.54307365918,lgbm,2026-03-09,104,risk_eval,B-Z,False,False,False
750101310694,CMTY,8,2026-05-04,2951.5474210196976,3199.44734242148,3493.2747570852184,4246.550380739197,4470.55219767058,lgbm,2026-03-09,104,risk_eval,B-Z,False,False,False
750101310694,MXLI,1,2026-03-16,2515.7527612020535,2638.382762371763,2898.894371039353,3212.5599994413374,3382.609164782675,lgbm,2026-03-09,104,risk_eval,B-Z,False,False,False
750101310694,MXLI,2,2026-03-23,2462.287479408778,2607.4763152229307,2688.325761014523,2893.51030051817,3303.8549160631014,lgbm,2026-03-09,104,risk_eval,B-Z,False,False,False
750101310694,MXLI,3,2026-03-30,2479.850837933974,2623.8909954201545,2956.8686151312513,3044.872776928279,3481.7769215827752,lgbm,2026-03-09,104,risk_eval,B-Z,False,False,False
750101310694,MXLI,4,2026-04-06,2383.4113665700743,2453.9012742705513,2793.2698273540427,3262.5146526252493,3348.4497551626914,lgbm,2026-03-09,104,risk_eval,B-Z,False,False,False
750101310694,MXLI,5,2026-04-13,2469.3429225389077,2512.233679241625,2895.141717409348,3433.324069474908,3497.7624646006357,lgbm,2026-03-09,104,risk_eval,B-Z,False,False,False
750101310694,MXLI,6,2026-04-20,2326.492690301726,2415.593168163629,2781.5583096451373,3286.310331900003,3393.4634830379596,lgbm,2026-03-09,104,risk_eval,B-Z,False,False,False
750101310694,MXLI,7,2026-04-27,2405.0204278317187,2531.687169570656,2932.77990601852,3406.4197066631345,3546.3804115580797,lgbm,2026-03-09,104,risk_eval,B-Z,False,False,False
750101310694,MXLI,8,2026-05-04,2278.2832597835404,2420.9645903561996,2833.3720642284393,3421.443752991781,3470.3778565586063,lgbm,2026-03-09,104,risk_eval,B-Z,False,False,False
750101310694,TLJ,1,2026-03-16,6121.535479861602,6256.30568166432,6747.011007846351,7816.716019538459,7939.3385507882695,lgbm,2026-03-09,104,risk_eval,B-Z,False,False,False
750101310694,TLJ,2,2026-03-23,5811.007153798555,6116.180125112197,6410.372013182096,6931.690615389402,7747.442908280124,lgbm,2026-03-09,104,risk_eval,B-Z,False,False,False
750101310694,TLJ,3,2026-03-30,6071.590822796248,6275.0903486584975,6804.994076212254,7725.941408828902,8101.679350457975,lgbm,2026-03-09,104,risk_eval,B-Z,False,False,False
750101310694,TLJ,4,2026-04-06,5737.348815131394,5970.087124618365,6457.536757583676,7766.097116024781,8016.862431331485,lgbm,2026-03-09,104,risk_eval,B-Z,False,False,False
750101310694,TLJ,5,2026-04-13,6001.698407556081,6061.43177729231,6873.809672830185,8418.235636390737,8431.592089613856,lgbm,2026-03-09,104,risk_eval,B-Z,False,False,False
750101310694,TLJ,6,2026-04-20,5662.5120022284045,5943.994365943013,6459.918239176772,7724.082866399231,8116.262948814245,lgbm,2026-03-09,104,risk_eval,B-Z,False,False,False
750101310694,TLJ,7,2026-04-27,6005.738591808778,6396.452942927472,6808.485546964844,7908.1291240706405,8194.579538893442,lgbm,2026-03-09,104,risk_eval,B-Z,False,False,False
750101310694,TLJ,8,2026-05-04,5496.624159981235,5859.643224635644,6524.022495926639,7737.3629407823755,8238.21056702759,lgbm,2026-03-09,104,risk_eval,B-Z,False,False,False
750101310694,VHSA,1,2026-03-16,3548.1166028463695,3751.3095463201234,4038.059856398181,4759.550031486862,4976.0900342001605,lgbm,2026-03-09,104,risk_eval,B-Z,False,False,False
750101310694,VHSA,2,2026-03-23,3455.1747418184955,3620.790627559103,3849.1880396866277,4159.904658088336,4838.067596797691,lgbm,2026-03-09,104,risk_eval,B-Z,False,False,False
750101310694,VHSA,3,2026-03-30,3548.864776246913,3834.7652395264395,4215.913175521953,4479.372785890262,5281.997328644448,lgbm,2026-03-09,104,risk_eval,B-Z,False,False,False
750101310694,VHSA,4,2026-04-06,3336.2660662864414,3537.1468384276836,3907.8816815143146,4783.700146512449,5012.838458447348,lgbm,2026-03-09,104,risk_eval,B-Z,False,False,False
750101310694,VHSA,5,2026-04-13,3442.00726197113,3541.544973648782,4155.399423822966,5161.223580713615,5327.039892872292,lgbm,2026-03-09,104,risk_eval,B-Z,False,False,False
750101310694,VHSA,6,2026-04-20,3267.1825596893345,3474.124574005779,3900.9531843678365,4778.393631105974,5083.883377172339,lgbm,2026-03-09,104,risk_eval,B-Z,False,False,False
750101310694,VHSA,7,2026-04-27,3451.339830634135,3660.9307008527867,4227.386281424452,5050.879423597913,5336.340661681841,lgbm,2026-03-09,104,risk_eval,B-Z,False,False,False
750101310694,VHSA,8,2026-05-04,3210.0641988321395,3503.402838983336,4048.0606480783795,5059.984303031599,5297.049567560352,lgbm,2026-03-09,104,risk_eval,B-Z,False,False,False
750101310695,CCUL,1,2026-03-16,1329.8423817398264,1385.5585038399995,1624.288702159666,1877.3742571257105,1981.9370303605801,lgbm,2026-03-09,104,risk_eval,B-Y,False,False,False
750101310695,CCUL,2,2026-03-23,1300.1419813112766,1361.2052257825874,1501.117409011452,1837.5555754417476,1939.5367500094594,lgbm,2026-03-09,104,risk_eval,B-Y,False,False,False
750101310695,CCUL,3,2026-03-30,1332.9821712622754,1444.4293646389638,1590.533872049617,1890.253241429461,2052.5471188870642,lgbm,2026-03-09,104,risk_eval,B-Y,False,False,False
750101310695,CCUL,4,2026-04-06,1274.8922198043138,1342.9521073144501,1562.1722737086861,1917.9771338227647,2044.2624550379442,lgbm,2026-03-09,104,risk_eval,B-Y,False,False,False
750101310695,CCUL,5,2026-04-13,1299.4207969536194,1380.3611963549947,1604.518808976251,1992.361278200431,2094.1351663381297,lgbm,2026-03-09,104,risk_eval,B-Y,False,False,False
750101310695,CCUL,6,2026-04-20,1267.9490466490934,1307.8221763943016,1566.529903474194,1986.116532081957,2098.136873897279,lgbm,2026-03-09,104,risk_eval,B-Y,False,False,False
750101310695,CCUL,7,2026-04-27,1326.1256981788383,1389.7344104026806,1689.264789953399,2029.6288965643969,2142.21883725243,lgbm,2026-03-09,104,risk_eval,B-Y,False,False,False
750101310695,CCUL,8,2026-05-04,1152.4747828759446,1223.0194546800872,1565.320696892108,1963.716189906203,2006.09807820119,lgbm,2026-03-09,104,risk_eval,B-Y,False,False,False
750101310695,CMD2,1,2026-03-16,9056.596173396416,9783.60888395389,10035.827011919437,10405.51514307811,10837.148956027184,lgbm,2026-03-09,104,risk_eval,B-Y,False,False,False
750101310695,CMD2,2,2026-03-23,8744.061720605028,9054.224344347122,9378.262548604,10032.425853646178,10690.504791387966,lgbm,2026-03-09,104,risk_eval,B-Y,False,False,False
750101310695,CMD2,3,2026-03-30,8977.067210282192,9486.613718346178,9924.918528591017,10987.82461871043,11317.349926786243,lgbm,2026-03-09,104,risk_eval,B-Y,False,False,False
750101310695,CMD2,4,2026-04-06,8418.841847533937,8937.778966645736,9657.626925501389,10620.763008024785,10959.293975917064,lgbm,2026-03-09,104,risk_eval,B-Y,False,False,False
750101310695,CMD2,5,2026-04-13,8791.535310877376,9154.171318837236,10007.110185553642,11544.414098550462,11547.080516036129,lgbm,2026-03-09,104,risk_eval,B-Y,False,False,False
750101310695,CMD2,6,2026-04-20,8532.108332831802,8742.661996969302,9797.536239229341,11206.633317990476,11436.072859097187,lgbm,2026-03-09,104,risk_eval,B-Y,False,False,False
750101310695,CMD2,7,2026-04-27,8951.266260049792,9584.197510687345,10519.949517430225,11508.056367488738,11598.351133061216,lgbm,2026-03-09,104,risk_eval,B-Y,False,False,False
750101310695,CMD2,8,2026-05-04,7714.247824971551,8194.740670423433,9771.466639062213,10923.111738788195,11406.911797955814,lgbm,2026-03-09,104,risk_eval,B-Y,False,False,False
750101310695,CMTY,1,2026-03-16,2120.401363108181,2201.0776564057346,2404.044244927181,2606.7349342284365,2700.0152465008214,lgbm,2026-03-09,104,risk_eval,B-Y,False,False,False
750101310695,CMTY,2,2026-03-23,2032.1002013093878,2100.983702805352,2183.669145487673,2382.295485054292,2673.889436214171,lgbm,2026-03-09,104,risk_eval,B-Y,False,False,False
750101310695,CMTY,3,2026-03-30,2079.4884184451494,2211.9350821848766,2303.9203208854146,2500.4969045620874,2758.1229706114577,lgbm,2026-03-09,104,risk_eval,B-Y,False,False,False
750101310695,CMTY,4,2026-04-06,1944.09676271241,2046.426473057703,2268.31313500094,2606.3164648495053,2731.6064842010155,lgbm,2026-03-09,104,risk_eval,B-Y,False,False,False
750101310695,CMTY,5,2026-04-13,2003.260005849876,2076.5127295806487,2371.741750256269,2823.2691002720576,2836.6411810445743,lgbm,2026-03-09,104,risk_eval,B-Y,False,False,False
750101310695,CMTY,6,2026-04-20,1951.4562791416347,2008.7399203787872,2327.676235966214,2734.3685035274734,2814.71012735005,lgbm,2026-03-09,104,risk_eval,B-Y,False,False,False
750101310695,CMTY,7,2026-04-27,2030.0187870574136,2134.0083651177897,2462.0597750854135,2791.268551928294,2841.4870139668346,lgbm,2026-03-09,104,risk_eval,B-Y,False,False,False
750101310695,CMTY,8,2026-05-04,1807.71540736839,1923.724136090811,2341.0759624937564,2792.291866339905,2865.9166904323765,lgbm,2026-03-09,104,risk_eval,B-Y,False,False,False
750101310695,MXLI,1,2026-03-16,765.4686844218324,779.8564683247967,997.4112734366607,1191.304550747129,1245.2292468597248,lgbm,2026-03-09,104,risk_eval,B-Y,False,False,False
750101310695,MXLI,2,2026-03-23,744.7034807728758,790.7808325304491,938.4818982173147,1133.784572626575,1262.3344910140374,lgbm,2026-03-09,104,risk_eval,B-Y,False,False,False
750101310695,MXLI,3,2026-03-30,748.9610095128716,841.4959908262086,997.7333342270452,1106.0822984856445,1296.2814323121443,lgbm,2026-03-09,104,risk_eval,B-Y,False,False,False
750101310695,MXLI,4,2026-04-06,738.9649902525409,770.421679170538,998.4293885508623,1253.1133973549267,1323.2088686202385,lgbm,2026-03-09,104,risk_eval,B-Y,False,False,False
750101310695,MXLI,5,2026-04-13,751.7604483322256,783.0766728561864,1009.0767759798136,1300.4433963316417,1347.8750572138715,lgbm,2026-03-09,104,risk_eval,B-Y,False,False,False
750101310695,MXLI,6,2026-04-20,742.4960704338063,757.2679261572879,1009.5529819081416,1269.4869086609438,1321.2459330983854,lgbm,2026-03-09,104,risk_eval,B-Y,False,False,False
750101310695,MXLI,7,2026-04-27,770.7004665774657,804.2771363945703,1057.0989313352713,1300.967416990913,1331.3160593525633,lgbm,2026-03-09,104,risk_eval,B-Y,False,False,False
750101310695,MXLI,8,2026-05-04,672.200267355311,731.8743126045965,1005.7846166288934,1292.9549561383885,1360.3741135304556,lgbm,2026-03-09,104,risk_eval,B-Y,False,False,False
750101310695,TLJ,1,2026-03-16,2542.9090500640664,2633.5687655334796,2947.6455331351763,3258.0026895756278,3258.6817152087306,lgbm,2026-03-09,104,risk_eval,B-Y,False,False,False
750101310695,TLJ,2,2026-03-23,2408.259821575458,2479.7924857583816,2722.806182160479,3044.9769752819248,3191.6864054233306,lgbm,2026-03-09,104,risk_eval,B-Y,False,False,False
750101310695,TLJ,3,2026-03-30,2456.927282144076,2587.6880634048543,2880.3742169740917,3289.7040350610832,3375.0679595023744,lgbm,2026-03-09,104,risk_eval,B-Y,False,False,False
750101310695,TLJ,4,2026-04-06,2339.665639499861,2434.106364855231,2815.098857628228,3231.2528587277525,3298.3770587145004,lgbm,2026-03-09,104,risk_eval,B-Y,False,False,False
750101310695,TLJ,5,2026-04-13,2399.120020104831,2533.575086332641,2958.211506657612,3488.9427379077433,3517.5956719973656,lgbm,2026-03-09,104,risk_eval,B-Y,False,False,False
750101310695,TLJ,6,2026-04-20,2327.64108166119,2389.463640934321,2839.574448413473,3342.021721951208,3419.8519887240936,lgbm,2026-03-09,104,risk_eval,B-Y,False,False,False
750101310695,TLJ,7,2026-04-27,2460.317455202503,2678.5616414477495,3096.159493372454,3466.370178862004,3514.2941672128873,lgbm,2026-03-09,104,risk_eval,B-Y,False,False,False
750101310695,TLJ,8,2026-05-04,2074.405072156624,2191.8171755103685,2853.29556259343,3303.7670054447763,3332.5169410756666,lgbm,2026-03-09,104,risk_eval,B-Y,False,False,False
750101310695,VHSA,1,2026-03-16,1503.4107073515952,1548.072266967238,1825.484441399719,2161.4383527062696,2186.623629021098,lgbm,2026-03-09,104,risk_eval,B-Y,False,False,False
750101310695,VHSA,2,2026-03-23,1477.5275115451573,1554.540831153116,1679.2604072336317,1960.9670768718413,2153.1439712744204,lgbm,2026-03-09,104,risk_eval,B-Y,False,False,False
750101310695,VHSA,3,2026-03-30,1501.7193739754275,1713.1733646307812,1823.0879670890747,2027.1546426282976,2325.1169437067083,lgbm,2026-03-09,104,risk_eval,B-Y,False,False,False
750101310695,VHSA,4,2026-04-06,1430.3097370742953,1496.5390848191541,1770.9425969111212,2219.824027410431,2250.2651620454903,lgbm,2026-03-09,104,risk_eval,B-Y,False,False,False
750101310695,VHSA,5,2026-04-13,1464.3261692662052,1610.7847307720922,1874.9983756214147,2294.6180228902663,2383.3860343063316,lgbm,2026-03-09,104,risk_eval,B-Y,False,False,False
750101310695,VHSA,6,2026-04-20,1412.7217293858205,1477.9668301903384,1773.9489118898355,2254.5273386904905,2301.850024999533,lgbm,2026-03-09,104,risk_eval,B-Y,False,False,False
750101310695,VHSA,7,2026-04-27,1456.9323086697696,1534.8380355463507,1879.611622027961,2311.2051791494264,2326.708371731781,lgbm,2026-03-09,104,risk_eval,B-Y,False,False,False
750101310695,VHSA,8,2026-05-04,1313.6400234373907,1410.063805683639,1811.8479962097754,2294.1256390592143,2338.9126095944794,lgbm,2026-03-09,104,risk_eval,B-Y,False,False,False
750101310955,CCUL,1,2026-03-16,0.0,0.0,0.22458251661927914,0.9784410567071118,3.0177238017661208,lgbm,2026-03-09,86,risk_eval,B-Z,True,False,False
750101310955,CCUL,2,2026-03-23,0.0,0.0,0.2212450005710192,0.9950012550184573,3.0548101822868285,lgbm,2026-03-09,86,risk_eval,B-Z,True,False,False
750101310955,CCUL,3,2026-03-30,0.0,0.0,0.22693414232296694,1.0486608222641525,3.347840385711854,lgbm,2026-03-09,86,risk_eval,B-Z,True,False,False
750101310955,CCUL,4,2026-04-06,0.0,0.0,0.23894681016324454,1.025099319101228,5.321373137442209,lgbm,2026-03-09,86,risk_eval,B-Z,True,False,False
750101310955,CCUL,5,2026-04-13,0.0,0.0,0.24962628918485577,2.112467795608774,5.3546150451272165,lgbm,2026-03-09,86,risk_eval,B-Z,True,False,False
750101310955,CCUL,6,2026-04-20,0.0,0.0,0.23828532008010192,2.1386347963633665,5.337710282511284,lgbm,2026-03-09,86,risk_eval,B-Z,True,False,False
750101310955,CCUL,7,2026-04-27,0.0,0.0,0.250250938048742,2.157868279948045,8.094970967014673,lgbm,2026-03-09,86,risk_eval,B-Z,True,False,False
750101310955,CCUL,8,2026-05-04,0.0,0.0,0.2157096271318901,2.171290444900934,8.063179288270664,lgbm,2026-03-09,86,risk_eval,B-Z,True,False,False
750101310955,CMD2,1,2026-03-16,0.0,0.27646711967147275,2.007503698509177,4.186539038165719,22.46249084354315,lgbm,2026-03-09,85,risk_eval,B-Z,True,False,False
750101310955,CMD2,2,2026-03-23,0.0,0.2266166731280198,1.9664681775228048,4.189876976757824,22.595315064172567,lgbm,2026-03-09,85,risk_eval,B-Z,True,False,False
750101310955,CMD2,3,2026-03-30,0.0,0.04206519310223389,2.419677526437414,4.336626693284091,10.728282243776354,lgbm,2026-03-09,85,risk_eval,B-Z,True,False,False
750101310955,CMD2,4,2026-04-06,0.0,0.0,1.9812418813245778,4.305252494604626,28.625367946432505,lgbm,2026-03-09,85,risk_eval,B-Z,True,False,False
750101310955,CMD2,5,2026-04-13,0.0,0.0,1.9744845284515067,12.279137988091795,28.704506070828486,lgbm,2026-03-09,85,risk_eval,B-Z,True,False,False
750101310955,CMD2,6,2026-04-20,0.0,0.0,1.980250673459314,12.205777717888342,28.696261451273845,lgbm,2026-03-09,85,risk_eval,B-Z,True,False,False
750101310955,CMD2,7,2026-04-27,0.0,0.0,2.0241064646921965,12.395548315003568,35.925807474897745,lgbm,2026-03-09,85,risk_eval,B-Z,True,False,False
750101310955,CMD2,8,2026-05-04,0.0,0.0,2.0898536064605433,12.328779936780785,35.88380800312978,lgbm,2026-03-09,85,risk_eval,B-Z,True,False,False
750101310955,CMTY,1,2026-03-16,0.0,0.0,5.198620951167525,35.88976584076463,44.31441429625119,lgbm,2026-03-09,86,risk_eval,B-Z,False,False,False
750101310955,CMTY,2,2026-03-23,0.0,0.0,5.048842509200444,35.75698633645531,45.52701077136361,lgbm,2026-03-09,86,risk_eval,B-Z,False,False,False
750101310955,CMTY,3,2026-03-30,0.0,0.0,5.286620617491539,44.671366198709364,45.731757723055516,lgbm,2026-03-09,86,risk_eval,B-Z,False,False,False
750101310955,CMTY,4,2026-04-06,0.0,0.0,5.268769525736254,44.21157947910524,45.075719876674626,lgbm,2026-03-09,86,risk_eval,B-Z,False,False,False
750101310955,CMTY,5,2026-04-13,0.0,0.0,5.713834668328749,44.194127031718466,50.619945226917984,lgbm,2026-03-09,86,risk_eval,B-Z,False,False,False
750101310955,CMTY,6,2026-04-20,0.0,0.0,5.587559298284966,44.15066231411226,50.41215574610233,lgbm,2026-03-09,86,risk_eval,B-Z,False,False,False
750101310955,CMTY,7,2026-04-27,0.0,0.0,5.4908620237820385,44.11578307005216,49.208700795368095,lgbm,2026-03-09,86,risk_eval,B-Z,False,False,False
750101310955,CMTY,8,2026-05-04,0.0,0.0,6.665307549613951,44.17109107446697,50.48378699818959,lgbm,2026-03-09,86,risk_eval,B-Z,False,False,False
750101310968,CMD2,1,2026-03-16,29445.595749611126,33917.14520078759,45510.28681577972,55020.609462357,58382.38326494658,lgbm,2026-03-09,104,risk_eval,B-Y,False,False,False
750101310968,CMD2,2,2026-03-23,28885.351182535924,33118.9001835621,45055.24063622225,48539.151939033356,54283.174616459575,lgbm,2026-03-09,104,risk_eval,B-Y,False,False,False
750101310968,CMD2,3,2026-03-30,30254.323774998877,34206.75726046189,53600.06007171053,67739.71729288218,70951.74375202763,lgbm,2026-03-09,104,risk_eval,B-Y,False,False,False
750101310968,CMD2,4,2026-04-06,30514.172162961637,34881.508274842214,46176.64400064137,54643.118861775474,58271.17920614263,lgbm,2026-03-09,104,risk_eval,B-Y,False,False,False
750101310968,CMD2,5,2026-04-13,35858.66381578326,40631.57352732066,53207.01071635753,60191.427511412214,62159.24431194819,lgbm,2026-03-09,104,risk_eval,B-Y,False,False,False
750101310968,CMD2,6,2026-04-20,32503.479514049945,37197.08267616869,49682.330405497996,54826.0952545558,60680.98106896404,lgbm,2026-03-09,104,risk_eval,B-Y,False,False,False
750101310968,CMD2,7,2026-04-27,34545.7329517213,40393.24204578989,54757.61037198519,66616.67207204948,67593.054818352,lgbm,2026-03-09,104,risk_eval,B-Y,False,False,False
750101310968,CMD2,8,2026-05-04,32681.59303738023,36301.19844144837,50617.560398387184,58787.197755659894,61762.899809376715,lgbm,2026-03-09,104,risk_eval,B-Y,False,False,False
750101310968,TLJ,1,2026-03-16,9575.71999759291,10520.78982028387,14414.591309994032,17915.20845855652,18506.610120181656,lgbm,2026-03-09,104,risk_eval,B-Y,False,False,False
750101310968,TLJ,2,2026-03-23,9367.468071124886,10376.36839307167,14298.561034304746,15780.52303990501,17396.560065953072,lgbm,2026-03-09,104,risk_eval,B-Y,False,False,False
750101310968,TLJ,3,2026-03-30,9668.62706980986,10623.472927087449,17037.407229508026,21725.870481323287,23053.50532299761,lgbm,2026-03-09,104,risk_eval,B-Y,False,False,False
750101310968,TLJ,4,2026-04-06,9829.71638121064,10949.727257928165,14611.796226165927,17589.338691337543,19259.017542416634,lgbm,2026-03-09,104,risk_eval,B-Y,False,False,False
750101310968,TLJ,5,2026-04-13,11446.928653895657,12778.14904346985,17332.130506827765,19564.638823111953,20161.165081554776,lgbm,2026-03-09,104,risk_eval,B-Y,False,False,False
750101310968,TLJ,6,2026-04-20,10838.218152828786,11824.347587681166,16283.529017339917,18929.39970428917,19607.339960150082,lgbm,2026-03-09,104,risk_eval,B-Y,False,False,False
750101310968,TLJ,7,2026-04-27,11308.19827682728,12704.704419501064,18024.243122609972,21569.11158383285,21633.800278946066,lgbm,2026-03-09,104,risk_eval,B-Y,False,False,False
750101310968,TLJ,8,2026-05-04,10800.45983283597,11717.981299218562,16657.030266890702,19033.20649183283,19955.17056202429,lgbm,2026-03-09,104,risk_eval,B-Y,False,False,False
750101310968,VHSA,1,2026-03-16,5095.677799420499,5657.775310516343,8684.420755157551,11905.940625865136,12338.757486061766,lgbm,2026-03-09,104,risk_eval,B-Y,False,False,False
750101310968,VHSA,2,2026-03-23,5063.784176926512,5987.735581990106,8502.111009093724,9843.621993951496,11364.396652053616,lgbm,2026-03-09,104,risk_eval,B-Y,False,False,False
750101310968,VHSA,3,2026-03-30,5521.786715141818,6349.9463399931865,10307.622989087642,13724.42757242161,13798.325382108784,lgbm,2026-03-09,104,risk_eval,B-Y,False,False,False
750101310968,VHSA,4,2026-04-06,5466.204864139818,6532.995496749421,8877.925860283844,10994.972096452047,11669.528731913137,lgbm,2026-03-09,104,risk_eval,B-Y,False,False,False
750101310968,VHSA,5,2026-04-13,6362.437286714841,7429.960258839292,10183.350944661963,12045.183668398138,12606.596978578902,lgbm,2026-03-09,104,risk_eval,B-Y,False,False,False
750101310968,VHSA,6,2026-04-20,5449.036120287495,6814.503492884553,9503.317520850165,11215.926356446995,12469.410775007515,lgbm,2026-03-09,104,risk_eval,B-Y,False,False,False
750101310968,VHSA,7,2026-04-27,6224.203671894852,7167.29145025847,10599.803630774219,13770.844024837112,13817.762231502813,lgbm,2026-03-09,104,risk_eval,B-Y,False,False,False
750101310968,VHSA,8,2026-05-04,5857.222318716314,6698.415200757691,9924.153117691783,12016.137417793034,12593.330605098257,lgbm,2026-03-09,104,risk_eval,B-Y,False,False,False
750101310975,CCUL,1,2026-03-16,0.0,908.6893006923519,1228.2029114403933,2023.9311469564484,7384.738318938233,lgbm,2026-03-09,104,risk_eval,B-Y,False,False,False
750101310975,CCUL,2,2026-03-23,0.0,994.9585773429257,1177.4832832334791,1598.031353472716,7274.065848998936,lgbm,2026-03-09,104,risk_eval,B-Y,False,False,False
750101310975,CCUL,3,2026-03-30,0.0,1020.3272673420412,1224.2321708012742,1691.4612697751895,7304.267518104612,lgbm,2026-03-09,104,risk_eval,B-Y,False,False,False
750101310975,CCUL,4,2026-04-06,0.0,952.4379805527528,1157.7088024456898,1854.6326564886917,7294.573060076523,lgbm,2026-03-09,104,risk_eval,B-Y,False,False,False
750101310975,CCUL,5,2026-04-13,0.0,976.0118830359816,1183.696150068362,1899.21055797362,7327.63540542665,lgbm,2026-03-09,104,risk_eval,B-Y,False,False,False
750101310975,CCUL,6,2026-04-20,0.0,906.863822396871,1146.381038580914,1852.5532222914019,7265.591365463332,lgbm,2026-03-09,104,risk_eval,B-Y,False,False,False
750101310975,CCUL,7,2026-04-27,0.0,967.8859083625213,1187.5378004418533,1983.2022256022706,7312.608650092806,lgbm,2026-03-09,104,risk_eval,B-Y,False,False,False
750101310975,CCUL,8,2026-05-04,0.0,813.1463851259043,1054.2934843562587,1896.7398432001528,7305.796416753958,lgbm,2026-03-09,104,risk_eval,B-Y,False,False,False
750101310997,CMD2,1,2026-03-16,0.0,0.0,0.7519453346579318,10.045288610280757,13.914112451725279,lgbm,2026-03-09,85,risk_eval,B-Z,False,False,False
750101310997,CMD2,2,2026-03-23,0.0,0.0,0.6621258492754812,9.716405456596828,13.923165992701003,lgbm,2026-03-09,85,risk_eval,B-Z,False,False,False
750101310997,CMD2,3,2026-03-30,0.0,0.0,0.5760809222571328,4.0182908013704255,13.915849427409803,lgbm,2026-03-09,85,risk_eval,B-Z,False,False,False
750101310997,CMD2,4,2026-04-06,0.0,0.0,0.6306505379088464,10.707972615959157,13.885885943946349,lgbm,2026-03-09,85,risk_eval,B-Z,False,False,False
750101310997,CMD2,5,2026-04-13,0.0,0.0,0.6253413763225733,10.671550435950843,16.258898336056873,lgbm,2026-03-09,85,risk_eval,B-Z,False,False,False
750101310997,CMD2,6,2026-04-20,0.0,0.0,0.8507842627675155,10.661933100923724,16.249819718525604,lgbm,2026-03-09,85,risk_eval,B-Z,False,False,False
750101310997,CMD2,7,2026-04-27,0.0,0.0,0.6778065314355448,14.326583468611929,16.25007068344207,lgbm,2026-03-09,85,risk_eval,B-Z,False,False,False
750101310997,CMD2,8,2026-05-04,0.0,0.0,0.6453497685379638,14.225117474829826,16.29423074275012,lgbm,2026-03-09,85,risk_eval,B-Z,False,False,False
750101310997,CMTY,1,2026-03-16,0.0,0.0,0.8087381680217239,2.3674629787966333,4.974573658565798,lgbm,2026-03-09,86,risk_eval,B-Z,False,False,False
750101310997,CMTY,2,2026-03-23,0.0,0.05497103131034009,0.7001661829404763,1.958873882408025,5.017150776746191,lgbm,2026-03-09,86,risk_eval,B-Z,False,False,False
750101310997,CMTY,3,2026-03-30,0.0,0.0,0.6968776928846353,2.0676236688639706,5.053597853016593,lgbm,2026-03-09,86,risk_eval,B-Z,False,False,False
750101310997,CMTY,4,2026-04-06,0.0,0.0,0.7497559131027058,2.352080009345035,4.951374035205699,lgbm,2026-03-09,86,risk_eval,B-Z,False,False,False
750101310997,CMTY,5,2026-04-13,0.0,0.0,0.7621269915705524,2.3930778105049155,4.872918389046787,lgbm,2026-03-09,86,risk_eval,B-Z,False,False,False
750101310997,CMTY,6,2026-04-20,0.0,0.0,0.7403126393987293,2.3712085879687055,4.926670097193106,lgbm,2026-03-09,86,risk_eval,B-Z,False,False,False
750101310997,CMTY,7,2026-04-27,0.0,0.0,0.7695173738890753,5.043187388050737,7.088166965978277,lgbm,2026-03-09,86,risk_eval,B-Z,False,False,False
750101310997,CMTY,8,2026-05-04,0.0,0.0,0.8107677916381413,4.98376925012556,7.023579617112782,lgbm,2026-03-09,86,risk_eval,B-Z,False,False,False
750101310997,MXLI,1,2026-03-16,0.0,0.0,4.566613921234255,11.714037490872945,27.006177794987515,lgbm,2026-03-09,86,risk_eval,B-Z,False,False,False
750101310997,MXLI,2,2026-03-23,0.0,0.0,3.760894598438577,6.223899080732522,29.863585108905603,lgbm,2026-03-09,86,risk_eval,B-Z,False,False,False
750101310997,MXLI,3,2026-03-30,0.0,0.0,3.7388186698435657,19.310369338725707,38.2005901149291,lgbm,2026-03-09,86,risk_eval,B-Z,False,False,False
750101310997,MXLI,4,2026-04-06,0.0,0.0,3.8301290645616275,19.39820917828147,38.038088200381864,lgbm,2026-03-09,86,risk_eval,B-Z,False,False,False
750101310997,MXLI,5,2026-04-13,0.0,0.0,3.9176817384679623,19.376846584607666,38.02100002076986,lgbm,2026-03-09,86,risk_eval,B-Z,False,False,False
750101310997,MXLI,6,2026-04-20,0.0,0.0,3.9239592919596014,19.37038348165033,38.01316474351919,lgbm,2026-03-09,86,risk_eval,B-Z,False,False,False
750101310997,MXLI,7,2026-04-27,0.0,0.0,5.6701861086435725,19.554817941481502,26.928655081560223,lgbm,2026-03-09,86,risk_eval,B-Z,False,False,False
750101310997,MXLI,8,2026-05-04,0.0,0.0,6.086365861431304,19.419763558335752,38.00142980133515,lgbm,2026-03-09,86,risk_eval,B-Z,False,False,False
750101310997,TLJ,1,2026-03-16,0.0,0.0,0.41033297469842855,1.3340637454491484,2.8138404499474414,lgbm,2026-03-09,85,risk_eval,B-Z,False,False,False
750101310997,TLJ,2,2026-03-23,0.0,0.0,0.3795779840659075,1.1710714644456908,2.7823781007329793,lgbm,2026-03-09,85,risk_eval,B-Z,False,False,False
750101310997,TLJ,3,2026-03-30,0.0,0.0,0.40378905685240907,1.2236626395132109,2.8144687862005133,lgbm,2026-03-09,85,risk_eval,B-Z,False,False,False
750101310997,TLJ,4,2026-04-06,0.0,0.0,0.42649626586720757,1.3335624322381057,2.8001996468445958,lgbm,2026-03-09,85,risk_eval,B-Z,False,False,False
750101310997,TLJ,5,2026-04-13,0.0,0.0,0.44256016240953183,1.3358544516720334,2.793617710039662,lgbm,2026-03-09,85,risk_eval,B-Z,False,False,False
750101310997,TLJ,6,2026-04-20,0.0,0.0,0.41986368992752615,1.3334099452952928,2.7854251439632085,lgbm,2026-03-09,85,risk_eval,B-Z,False,False,False
750101310997,TLJ,7,2026-04-27,0.0,0.0,0.43637855672139775,2.8685730052086362,4.07333724466287,lgbm,2026-03-09,85,risk_eval,B-Z,False,False,False
750101310997,TLJ,8,2026-05-04,0.0,0.0,0.3996140199850086,2.853009748877245,4.067333412207516,lgbm,2026-03-09,85,risk_eval,B-Z,False,False,False
750101310997,VHSA,1,2026-03-16,0.0,0.0,0.05532385406548306,5.911341024422851,10.526632865827095,lgbm,2026-03-09,86,risk_eval,B-Z,True,False,False
750101310997,VHSA,2,2026-03-23,0.0,0.0,0.04229322082054103,5.780606526572233,10.548223521641447,lgbm,2026-03-09,86,risk_eval,B-Z,True,False,False
750101310997,VHSA,3,2026-03-30,0.0,0.0,0.030135567296978076,5.842550608001021,10.639375270096,lgbm,2026-03-09,86,risk_eval,B-Z,True,False,False
750101310997,VHSA,4,2026-04-06,0.0,0.0,0.05513648761694656,5.884822627573673,9.924201281966456,lgbm,2026-03-09,86,risk_eval,B-Z,True,False,False
750101310997,VHSA,5,2026-04-13,0.0,0.0,0.05632192609494009,5.930258571157541,9.976716171817484,lgbm,2026-03-09,86,risk_eval,B-Z,True,False,False
750101310997,VHSA,6,2026-04-20,0.0,0.0,0.04188772031436788,5.922253522282346,9.962294985617604,lgbm,2026-03-09,86,risk_eval,B-Z,True,False,False
750101310997,VHSA,7,2026-04-27,0.0,0.0,0.045598817893760794,8.733730935471469,9.982436048501363,lgbm,2026-03-09,86,risk_eval,B-Z,True,False,False
750101310997,VHSA,8,2026-05-04,0.0,0.0,0.031249433253118804,8.718819796807644,9.997060853487117,lgbm,2026-03-09,86,risk_eval,B-Z,True,False,False
750101311750,CCUL,1,2026-03-16,1037.486464490599,1256.5019241052053,1505.0269483015397,1953.7788057542255,2212.068367710416,lgbm,2026-03-09,104,risk_eval,B-Z,False,False,False
750101311750,CCUL,2,2026-03-23,986.4560696773565,1141.2600447773596,1256.0391279802943,1614.9004415680167,2130.5568910552324,lgbm,2026-03-09,104,risk_eval,B-Z,False,False,False
750101311750,CCUL,3,2026-03-30,925.4705819696838,1089.3590128687197,1355.494343162192,1820.1880378626508,2296.7608923871594,lgbm,2026-03-09,104,risk_eval,B-Z,False,False,False
750101311750,CCUL,4,2026-04-06,890.6043620564056,999.4796271720247,1415.7287205753807,1997.8844729042457,2199.844930712163,lgbm,2026-03-09,104,risk_eval,B-Z,False,False,False
750101311750,CCUL,5,2026-04-13,872.9144154867796,993.0770993774333,1442.0982241242475,2082.0786361236264,2252.6486061493315,lgbm,2026-03-09,104,risk_eval,B-Z,False,False,False
750101311750,CCUL,6,2026-04-20,891.0347443955068,982.9100469011679,1415.807799146894,2083.249014650448,2276.1748080929005,lgbm,2026-03-09,104,risk_eval,B-Z,False,False,False
750101311750,CCUL,7,2026-04-27,913.7530063326903,998.9667032852392,1482.883840975437,2158.761700719442,2311.512729763608,lgbm,2026-03-09,104,risk_eval,B-Z,False,False,False
750101311750,CCUL,8,2026-05-04,778.3068677840553,901.3533364724184,1411.9175337887975,2178.9358372488227,2360.2336993318313,lgbm,2026-03-09,104,risk_eval,B-Z,False,False,False
750101311750,CMD2,1,2026-03-16,4977.700796267783,5853.59007900604,6325.828985850482,7881.53561604386,8926.058679278529,lgbm,2026-03-09,104,risk_eval,B-Z,False,False,False
750101311750,CMD2,2,2026-03-23,4458.958213735183,5013.851446685785,5367.442669423125,6410.557970087355,8518.03941675762,lgbm,2026-03-09,104,risk_eval,B-Z,False,False,False
750101311750,CMD2,3,2026-03-30,4180.069421369746,4536.389154395238,5403.142194023942,7119.0089761765885,8755.987240925655,lgbm,2026-03-09,104,risk_eval,B-Z,False,False,False
750101311750,CMD2,4,2026-04-06,4301.733104432569,4432.998578564162,5942.65983747153,7986.966251310054,8541.052359519652,lgbm,2026-03-09,104,risk_eval,B-Z,False,False,False
750101311750,CMD2,5,2026-04-13,4124.356794814773,4423.148570547394,5999.2735799978245,8430.951112214714,8803.01797157144,lgbm,2026-03-09,104,risk_eval,B-Z,False,False,False
750101311750,CMD2,6,2026-04-20,3958.6940928476415,4281.071902948287,5870.7209900571825,8143.371778333476,8655.123808469454,lgbm,2026-03-09,104,risk_eval,B-Z,False,False,False
750101311750,CMD2,7,2026-04-27,3911.6629841193026,4513.738817740746,6237.517397026507,8379.823409840903,9019.375836466757,lgbm,2026-03-09,104,risk_eval,B-Z,False,False,False
750101311750,CMD2,8,2026-05-04,3508.243554170145,3900.2680319306887,5813.623801597099,8325.327382213227,8815.630466862985,lgbm,2026-03-09,104,risk_eval,B-Z,False,False,False
750101311750,CMTY,1,2026-03-16,974.7047571174123,1138.4598370215826,1319.1576186842717,1662.2580792977578,1886.7118486466125,lgbm,2026-03-09,104,risk_eval,B-Z,False,False,False
750101311750,CMTY,2,2026-03-23,905.6052794098409,1018.1145268618175,1108.095335481336,1315.6046161106767,1811.4052186362912,lgbm,2026-03-09,104,risk_eval,B-Z,False,False,False
750101311750,CMTY,3,2026-03-30,838.4784924126236,961.1778787218028,1157.1273483941895,1419.941060357371,1837.5230136421192,lgbm,2026-03-09,104,risk_eval,B-Z,False,False,False
750101311750,CMTY,4,2026-04-06,892.5096530592723,944.9641080699198,1242.9445200973414,1614.9610578948266,1858.6163694340114,lgbm,2026-03-09,104,risk_eval,B-Z,False,False,False
750101311750,CMTY,5,2026-04-13,834.9660565742961,913.770928087182,1250.1353775652622,1703.9313023226055,1886.7821326239014,lgbm,2026-03-09,104,risk_eval,B-Z,False,False,False
750101311750,CMTY,6,2026-04-20,849.079976121252,919.5200235958108,1235.8129231783012,1674.7547151924703,1905.5498830582994,lgbm,2026-03-09,104,risk_eval,B-Z,False,False,False
750101311750,CMTY,7,2026-04-27,849.6227933210102,955.6208692457234,1318.7600853580134,1786.0374942864844,1985.1855368083825,lgbm,2026-03-09,104,risk_eval,B-Z,False,False,False
750101311750,CMTY,8,2026-05-04,759.2612754499448,859.8445827963749,1212.703363542156,1738.3674690055793,1971.210349383132,lgbm,2026-03-09,104,risk_eval,B-Z,False,False,False
750101311750,MXLI,1,2026-03-16,1019.9080608779805,1178.4934512799648,1395.1023397270396,1721.3517582695856,1934.4252377872867,lgbm,2026-03-09,104,risk_eval,B-Z,False,False,False
750101311750,MXLI,2,2026-03-23,936.0242141793775,1069.8442398006794,1151.4067628287328,1392.577187911531,1861.6731598252231,lgbm,2026-03-09,104,risk_eval,B-Z,False,False,False
750101311750,MXLI,3,2026-03-30,849.4623538861545,952.8634693537779,1245.5407771952782,1536.3114948077966,1997.4143809459326,lgbm,2026-03-09,104,risk_eval,B-Z,False,False,False
750101311750,MXLI,4,2026-04-06,898.1541870327968,967.8924951136048,1292.5321759653891,1731.107499118772,1928.972239544743,lgbm,2026-03-09,104,risk_eval,B-Z,False,False,False
750101311750,MXLI,5,2026-04-13,817.2439308550768,913.3868482283926,1305.0530234226262,1833.9037201632373,1989.8755126531148,lgbm,2026-03-09,104,risk_eval,B-Z,False,False,False
750101311750,MXLI,6,2026-04-20,865.3464202599707,942.4890738030945,1287.9196129706697,1835.6375197305554,2009.058486188812,lgbm,2026-03-09,104,risk_eval,B-Z,False,False,False
750101311750,MXLI,7,2026-04-27,841.6126545707941,954.3785141506064,1449.7606382689894,1978.4424670595058,2118.798194774159,lgbm,2026-03-09,104,risk_eval,B-Z,False,False,False
750101311750,MXLI,8,2026-05-04,764.0272378226782,871.5281333874841,1275.8595527718564,1890.9727705632606,2038.526389817724,lgbm,2026-03-09,104,risk_eval,B-Z,False,False,False
750101311750,TLJ,1,2026-03-16,1534.8696702860436,1771.5796653106172,2074.23049605133,2498.987573888774,2801.8370701353238,lgbm,2026-03-09,104,risk_eval,B-Z,False,False,False
750101311750,TLJ,2,2026-03-23,1367.873773033354,1542.8652091880451,1652.09234376843,2008.1417864866205,2633.634985854811,lgbm,2026-03-09,104,risk_eval,B-Z,False,False,False
750101311750,TLJ,3,2026-03-30,1221.716768974418,1366.4108946565684,1683.7443382161528,2234.121367569804,2709.51558675831,lgbm,2026-03-09,104,risk_eval,B-Z,False,False,False
750101311750,TLJ,4,2026-04-06,1315.8796701265155,1346.6118564486364,1841.4462980144299,2488.1046220967064,2650.5819180036847,lgbm,2026-03-09,104,risk_eval,B-Z,False,False,False
750101311750,TLJ,5,2026-04-13,1245.1273789791503,1328.3529362105955,1856.2586361356712,2677.526784285586,2781.952423355019,lgbm,2026-03-09,104,risk_eval,B-Z,False,False,False
750101311750,TLJ,6,2026-04-20,1263.173108903653,1345.4576552315243,1834.6385565617918,2660.928247517033,2813.524778274854,lgbm,2026-03-09,104,risk_eval,B-Z,False,False,False
750101311750,TLJ,7,2026-04-27,1276.0568959845177,1415.3792922986022,1980.098906647637,2825.44202236805,2900.8686753334673,lgbm,2026-03-09,104,risk_eval,B-Z,False,False,False
750101311750,TLJ,8,2026-05-04,1137.4428580110418,1240.728363227212,1820.0749891701166,2740.698306967137,2860.0809146115243,lgbm,2026-03-09,104,risk_eval,B-Z,False,False,False
750101311750,VHSA,1,2026-03-16,758.5782661747793,935.478938670421,1115.1540646249077,1391.0853563433311,1598.9823542609518,lgbm,2026-03-09,104,risk_eval,B-Z,False,False,False
750101311750,VHSA,2,2026-03-23,712.2924083527116,802.0281643233498,936.957420795013,1139.7005122697615,1537.4726668170729,lgbm,2026-03-09,104,risk_eval,B-Z,False,False,False
750101311750,VHSA,3,2026-03-30,662.5302427088312,729.5436160707079,973.4861562423098,1267.8416067397277,1586.4794227199038,lgbm,2026-03-09,104,risk_eval,B-Z,False,False,False
750101311750,VHSA,4,2026-04-06,668.3466125521135,756.1090559233609,1039.7085012546588,1404.008572476232,1562.230759350578,lgbm,2026-03-09,104,risk_eval,B-Z,False,False,False
750101311750,VHSA,5,2026-04-13,648.7977540539594,744.6313268148643,1060.5592902407157,1516.3724404022535,1632.779680718857,lgbm,2026-03-09,104,risk_eval,B-Z,False,False,False
750101311750,VHSA,6,2026-04-20,664.1809788713599,746.4648161161804,1043.9769530454196,1504.3198770897359,1642.6943466661596,lgbm,2026-03-09,104,risk_eval,B-Z,False,False,False
750101311750,VHSA,7,2026-04-27,655.9536759073561,769.1810685863757,1114.5456802472772,1572.3645460550301,1697.5938551587412,lgbm,2026-03-09,104,risk_eval,B-Z,False,False,False
750101311750,VHSA,8,2026-05-04,598.2766446904295,691.914502634691,1025.4780980318635,1575.5865452727478,1691.2623590666444,lgbm,2026-03-09,104,risk_eval,B-Z,False,False,False
