upc,cedis,h,target_week,q05,q10,q50,q90,q95,model,origin,n_weeks_at_origin,origin_label,cluster,is_discontinued,is_high_promo,is_cold_start
7507891,CCUL,1,2026-04-06,4533.790881480663,4850.324763909037,6163.15467499531,8858.097118400794,9319.102418386605,lgbm,2026-03-30,107,final,C-Z,False,False,False
7507891,CCUL,2,2026-04-13,4494.73920460708,4600.161629807098,6212.767413712008,9467.617837984017,9796.224419642951,lgbm,2026-03-30,107,final,C-Z,False,False,False
7507891,CCUL,3,2026-04-20,4821.22016061558,5150.154944841267,7149.803644463608,9692.63088062347,10051.397157214438,lgbm,2026-03-30,107,final,C-Z,False,False,False
7507891,CCUL,4,2026-04-27,4306.1151481070665,4654.172238984964,6232.821561775018,9925.79183276808,10019.243570671892,lgbm,2026-03-30,107,final,C-Z,False,False,False
7507891,CCUL,5,2026-05-04,3146.1931562547543,4100.547716368696,5594.4194562875355,9047.019379751395,9769.769849798933,lgbm,2026-03-30,107,final,C-Z,False,False,False
7507891,CCUL,6,2026-05-11,2858.6791812367974,3433.7508570990603,5446.069571373225,9439.839412505757,10031.46816037807,lgbm,2026-03-30,107,final,C-Z,False,False,False
7507891,CCUL,7,2026-05-18,3652.337417611902,4675.267894236444,5342.97856324196,6655.145216841471,7763.326966820641,lgbm,2026-03-30,107,final,C-Z,False,False,False
7507891,CCUL,8,2026-05-25,3422.8973033890284,3741.080646398312,5226.088491406856,7106.129929626515,7985.120187101917,lgbm,2026-03-30,107,final,C-Z,False,False,False
7507891,CMD2,1,2026-04-06,36663.07604092768,39955.60552913793,52782.97982060702,73810.5339830328,75907.28784576568,lgbm,2026-03-30,107,final,C-Z,False,False,False
7507891,CMD2,2,2026-04-13,25529.04232851678,39389.692465317275,51578.124962860886,75468.8571184515,110567.5260412663,lgbm,2026-03-30,107,final,C-Z,False,False,False
7507891,CMD2,3,2026-04-20,26685.950426171436,40111.24958252796,58720.26670132891,76271.15872875071,113607.881953871,lgbm,2026-03-30,107,final,C-Z,False,False,False
7507891,CMD2,4,2026-04-27,27110.718943439937,39969.85361231858,57416.82655287415,81616.90735944733,119009.38934472884,lgbm,2026-03-30,107,final,C-Z,False,False,False
7507891,CMD2,5,2026-05-04,20669.23345318301,22042.197835949577,40755.42111896591,78788.0739451802,82565.37302109179,lgbm,2026-03-30,107,final,C-Z,False,False,False
7507891,CMD2,6,2026-05-11,19891.44779683609,21623.438396053294,40077.30708337027,78665.04976714725,82665.52591268529,lgbm,2026-03-30,107,final,C-Z,False,False,False
7507891,CMD2,7,2026-05-18,25229.810790854328,29360.040305135528,39807.07528201855,54705.708831032855,65467.827519738246,lgbm,2026-03-30,107,final,C-Z,False,False,False
7507891,CMD2,8,2026-05-25,20167.611163058657,28141.09665502997,39819.47258794852,55053.45893646189,67707.79630894632,lgbm,2026-03-30,107,final,C-Z,False,False,False
7507891,CMTY,1,2026-04-06,30186.129791245305,32104.862681251856,44638.54736128137,63880.76502183016,68678.64923957316,lgbm,2026-03-30,107,final,C-Z,False,False,False
7507891,CMTY,2,2026-04-13,19518.92839806364,32866.425403346395,43419.35229075287,64490.536546221694,100597.61468348483,lgbm,2026-03-30,107,final,C-Z,False,False,False
7507891,CMTY,3,2026-04-20,19679.957418206242,34104.10275765673,49286.13335513766,68175.91955807802,103208.82758557984,lgbm,2026-03-30,107,final,C-Z,False,False,False
7507891,CMTY,4,2026-04-27,21834.80154881983,32614.08291496271,46476.26752232654,70538.55033958705,104870.89336920003,lgbm,2026-03-30,107,final,C-Z,False,False,False
7507891,CMTY,5,2026-05-04,20278.419044323993,20690.919796573027,35523.72476535401,69640.50452269788,73911.83523527725,lgbm,2026-03-30,107,final,C-Z,False,False,False
7507891,CMTY,6,2026-05-11,18275.54478218351,19086.294994175038,34803.16524657063,70122.16856903867,74262.12886423894,lgbm,2026-03-30,107,final,C-Z,False,False,False
7507891,CMTY,7,2026-05-18,22997.50654023442,27644.47468322343,34745.93672190849,48122.403401495096,58329.80887614894,lgbm,2026-03-30,107,final,C-Z,False,False,False
7507891,CMTY,8,2026-05-25,17905.295060576613,27615.619054266448,35109.76523897252,47666.45750092326,60267.479399984455,lgbm,2026-03-30,107,final,C-Z,False,False,False
7507891,MXLI,1,2026-04-06,3764.2285238236013,4022.399301915955,5709.907459616358,7865.898578871737,7873.916750911072,lgbm,2026-03-30,107,final,C-Z,False,False,False
7507891,MXLI,2,2026-04-13,3830.9682158266974,3952.5346469592077,5990.667460041339,8143.275760199482,8266.65449559881,lgbm,2026-03-30,107,final,C-Z,False,False,False
7507891,MXLI,3,2026-04-20,3837.339390267487,3856.9534719820867,6171.775040153804,8362.129037296707,8523.403519747162,lgbm,2026-03-30,107,final,C-Z,False,False,False
7507891,MXLI,4,2026-04-27,3697.618943128269,3723.4738751681107,6131.13182826088,8821.440379492324,9104.252051004729,lgbm,2026-03-30,107,final,C-Z,False,False,False
7507891,MXLI,5,2026-05-04,2438.717976983152,2914.9493411153917,4426.386570015551,7799.516873384404,8119.406442231203,lgbm,2026-03-30,107,final,C-Z,False,False,False
7507891,MXLI,6,2026-05-11,2372.233503553036,2695.5778351116305,4341.524236210657,7952.096662988588,8125.550883407635,lgbm,2026-03-30,107,final,C-Z,False,False,False
7507891,MXLI,7,2026-05-18,2734.856328679374,3495.1406531248504,4356.6274179934,5947.8385373477795,6982.688683577443,lgbm,2026-03-30,107,final,C-Z,False,False,False
7507891,MXLI,8,2026-05-25,2778.7291007249523,3434.033070778485,4172.908901327277,5790.261108114347,6711.0742175919995,lgbm,2026-03-30,107,final,C-Z,False,False,False
7507891,TLJ,1,2026-04-06,17144.998405706996,17577.554997155945,25445.27615867579,36205.03246028399,37332.52162396852,lgbm,2026-03-30,107,final,C-Z,False,False,False
7507891,TLJ,2,2026-04-13,11353.564947756444,17862.387258861723,24830.757540779414,36564.1908387952,55103.811903648864,lgbm,2026-03-30,107,final,C-Z,False,False,False
7507891,TLJ,3,2026-04-20,11052.707572773823,17615.334182541428,26533.06742401182,37549.242005893124,56968.21141111948,lgbm,2026-03-30,107,final,C-Z,False,False,False
7507891,TLJ,4,2026-04-27,12485.11669436005,17393.542311176512,25425.348365330756,38912.91959418412,56702.037882858946,lgbm,2026-03-30,107,final,C-Z,False,False,False
7507891,TLJ,5,2026-05-04,11357.464563579068,11367.189165847272,21058.19268302193,39093.84495394742,41103.64633797938,lgbm,2026-03-30,107,final,C-Z,False,False,False
7507891,TLJ,6,2026-05-11,10529.911170262007,11408.027736673925,20385.29752660654,39218.5970027415,41530.10534792789,lgbm,2026-03-30,107,final,C-Z,False,False,False
7507891,TLJ,7,2026-05-18,14267.671391308379,15743.743513636313,19724.357172073513,26888.766263717644,32615.144809324396,lgbm,2026-03-30,107,final,C-Z,False,False,False
7507891,TLJ,8,2026-05-25,12666.806113459024,15201.048571964491,19206.701752202098,26922.979035852077,33139.866437438846,lgbm,2026-03-30,107,final,C-Z,False,False,False
7507891,VHSA,1,2026-04-06,7111.290139224055,7566.187215077412,9707.829787835373,14381.725195195653,15262.523078549286,lgbm,2026-03-30,107,final,C-Z,False,False,False
7507891,VHSA,2,2026-04-13,4762.888216117667,7170.3021124579245,9843.191047661678,14838.493165018961,22581.285396622683,lgbm,2026-03-30,107,final,C-Z,False,False,False
7507891,VHSA,3,2026-04-20,5259.919619256899,8415.37509874622,11339.68768296785,15200.502632687552,23016.35766864283,lgbm,2026-03-30,107,final,C-Z,False,False,False
7507891,VHSA,4,2026-04-27,5463.56459916956,8106.098479380935,11348.949180565178,16428.66478316803,23990.34034002658,lgbm,2026-03-30,107,final,C-Z,False,False,False
7507891,VHSA,5,2026-05-04,4177.664612888019,5131.250221537048,8256.7193380089,15523.757208327688,16983.369710596075,lgbm,2026-03-30,107,final,C-Z,False,False,False
7507891,VHSA,6,2026-05-11,4191.339331727908,4769.125259877419,8086.590837548586,15730.731540416251,17069.60691201413,lgbm,2026-03-30,107,final,C-Z,False,False,False
7507891,VHSA,7,2026-05-18,5622.255790669982,6592.044279711294,8099.449930064978,10881.799620483369,13284.338910954131,lgbm,2026-03-30,107,final,C-Z,False,False,False
7507891,VHSA,8,2026-05-25,5189.95293190401,5767.948477251179,8060.583437527826,11265.276216899165,13600.098300080424,lgbm,2026-03-30,107,final,C-Z,False,False,False
61300876519,CMD2,1,2026-04-06,22426.089024364213,22805.21660152019,29885.947361691047,37239.405133719345,39639.41785940831,lgbm,2026-03-30,107,final,A-Y,False,False,False
61300876519,CMD2,2,2026-04-13,22852.89156825285,22893.089284634658,29760.878462409804,40508.050603584445,41538.8572467089,lgbm,2026-03-30,107,final,A-Y,False,False,False
61300876519,CMD2,3,2026-04-20,22416.68113052744,22508.942656685955,30441.001354420667,38416.797530808486,39899.61073020986,lgbm,2026-03-30,107,final,A-Y,False,False,False
61300876519,CMD2,4,2026-04-27,22712.63344255655,23070.431270285797,30856.984465106296,40953.37661139807,42028.46907336859,lgbm,2026-03-30,107,final,A-Y,False,False,False
61300876519,CMD2,5,2026-05-04,20418.992204996743,21070.690090338896,30243.900361909495,40274.88886483391,41587.11843864246,lgbm,2026-03-30,107,final,A-Y,False,False,False
61300876519,CMD2,6,2026-05-11,20901.02432185068,21285.93128682414,30549.53436077568,44681.82017774081,45591.5136829695,lgbm,2026-03-30,107,final,A-Y,False,False,False
61300876519,CMD2,7,2026-05-18,20541.22060658326,20887.079895614737,30046.30872033462,38366.83338084313,41149.466771771076,lgbm,2026-03-30,107,final,A-Y,False,False,False
61300876519,CMD2,8,2026-05-25,17657.185452533573,18712.621186919743,28261.654246771115,39482.484712174555,40253.420095103465,lgbm,2026-03-30,107,final,A-Y,False,False,False
61300876519,CMTY,1,2026-04-06,17555.14951582515,18560.665582498907,23507.635363960413,28222.659648378918,30356.070640213915,lgbm,2026-03-30,107,final,A-Y,False,False,False
61300876519,CMTY,2,2026-04-13,17902.29441671013,19224.37543044231,24487.45693154643,29015.50941846335,31238.820435096957,lgbm,2026-03-30,107,final,A-Y,False,False,False
61300876519,CMTY,3,2026-04-20,17652.34516505722,18093.441867501922,23819.123684488415,28580.158980671877,30603.119321463753,lgbm,2026-03-30,107,final,A-Y,False,False,False
61300876519,CMTY,4,2026-04-27,18042.852766172713,18687.411564999136,24026.670682597603,30799.41260817543,31191.573877193445,lgbm,2026-03-30,107,final,A-Y,False,False,False
61300876519,CMTY,5,2026-05-04,16506.645333761597,16859.771503879783,23991.493298879202,30009.412783890526,32024.170646230712,lgbm,2026-03-30,107,final,A-Y,False,False,False
61300876519,CMTY,6,2026-05-11,17281.437996997476,17725.92571417419,24530.50967069096,32139.560899625554,33431.17971651637,lgbm,2026-03-30,107,final,A-Y,False,False,False
61300876519,CMTY,7,2026-05-18,17307.364819595685,18601.317512379916,24331.010965121495,28260.445129281383,32081.30595962103,lgbm,2026-03-30,107,final,A-Y,False,False,False
61300876519,CMTY,8,2026-05-25,15773.877437178275,16011.79161113509,22003.846459251876,29174.286203864816,30042.78313266798,lgbm,2026-03-30,107,final,A-Y,False,False,False
61300876519,MXLI,1,2026-04-06,4216.884248010081,4243.213463056532,5476.077403736795,6951.876832759755,7152.236899241529,lgbm,2026-03-30,107,final,A-Y,False,False,False
61300876519,MXLI,2,2026-04-13,4089.6884565093114,4191.16866652026,5463.826221386225,7217.093200289758,7348.637519929875,lgbm,2026-03-30,107,final,A-Y,False,False,False
61300876519,MXLI,3,2026-04-20,4017.5706089660594,4048.9675779646223,5544.29063953682,7070.131264647601,7380.353236158685,lgbm,2026-03-30,107,final,A-Y,False,False,False
61300876519,MXLI,4,2026-04-27,3698.0502418284786,3794.430515138564,5659.2929044238945,7512.823439699858,7708.370055977802,lgbm,2026-03-30,107,final,A-Y,False,False,False
61300876519,MXLI,5,2026-05-04,3825.983210749314,3922.2804093713003,5607.928281353541,7251.858072501146,7676.179914398773,lgbm,2026-03-30,107,final,A-Y,False,False,False
61300876519,MXLI,6,2026-05-11,3720.963399694767,3898.4245073337343,5693.426748215608,7758.7455197693025,7919.43171849264,lgbm,2026-03-30,107,final,A-Y,False,False,False
61300876519,MXLI,7,2026-05-18,3755.95981453311,3764.7859103664064,5622.253891191074,7378.4660347389,7590.416471216909,lgbm,2026-03-30,107,final,A-Y,False,False,False
61300876519,MXLI,8,2026-05-25,3307.312364610978,3452.7673458141953,5347.109212748892,7715.921752030302,7790.50894521553,lgbm,2026-03-30,107,final,A-Y,False,False,False
61300876519,TLJ,1,2026-04-06,10135.14414983957,10434.144272025986,12939.980041482218,15573.125576584884,16708.585768975325,lgbm,2026-03-30,107,final,A-Y,False,False,False
61300876519,TLJ,2,2026-04-13,10432.148093181311,10469.606081148617,12964.411146901008,16608.108137814714,17144.63440758688,lgbm,2026-03-30,107,final,A-Y,False,False,False
61300876519,TLJ,3,2026-04-20,9991.667550606628,10245.47936087147,13167.13017254394,15789.90352402373,16940.36615641544,lgbm,2026-03-30,107,final,A-Y,False,False,False
61300876519,TLJ,4,2026-04-27,10354.47672303611,10592.910515348478,13381.828261519806,16931.449198068938,17806.01320257675,lgbm,2026-03-30,107,final,A-Y,False,False,False
61300876519,TLJ,5,2026-05-04,9550.992627684473,9639.18032562306,13370.461755937578,16539.403683260127,17664.96491713642,lgbm,2026-03-30,107,final,A-Y,False,False,False
61300876519,TLJ,6,2026-05-11,9524.52524431532,9694.429641468561,13586.496386453438,18210.5041339229,19051.0919665609,lgbm,2026-03-30,107,final,A-Y,False,False,False
61300876519,TLJ,7,2026-05-18,9532.736811653143,9539.777618435364,13375.498591307136,16112.247008939317,17458.64089401916,lgbm,2026-03-30,107,final,A-Y,False,False,False
61300876519,TLJ,8,2026-05-25,8096.799362633372,8482.462669135331,12556.603046380134,17005.753919798237,17478.001570082848,lgbm,2026-03-30,107,final,A-Y,False,False,False
61300876522,CCUL,1,2026-04-06,2094.1640901833975,2112.783321170101,3019.7001227989667,3879.7691601782017,3961.5700721739718,lgbm,2026-03-30,107,final,A-Y,False,False,False
61300876522,CCUL,2,2026-04-13,1915.0066891275246,2052.11896744832,3014.401942822862,4081.619527679699,4194.511981220505,lgbm,2026-03-30,107,final,A-Y,False,False,False
61300876522,CCUL,3,2026-04-20,1913.9118302263241,2040.2634417437066,3027.003038025828,3981.118608138381,4052.600350218105,lgbm,2026-03-30,107,final,A-Y,False,False,False
61300876522,CCUL,4,2026-04-27,1912.7027193591632,2048.7613746110496,2974.295318174344,4052.273512314236,4129.199629652709,lgbm,2026-03-30,107,final,A-Y,False,False,False
61300876522,CCUL,5,2026-05-04,1844.2530417393227,1955.5124208615239,2978.5291469044623,4073.881426662539,4122.686766726938,lgbm,2026-03-30,107,final,A-Y,False,False,False
61300876522,CCUL,6,2026-05-11,1756.4501668512276,1929.4525964775592,2968.0569745891594,4292.919531279968,4298.093857486897,lgbm,2026-03-30,107,final,A-Y,False,False,False
61300876522,CCUL,7,2026-05-18,1844.795314467478,1914.3519102816624,2977.6990797305675,4032.094121387167,4080.076669667346,lgbm,2026-03-30,107,final,A-Y,False,False,False
61300876522,CCUL,8,2026-05-25,1482.6779690516032,1630.4631237993538,2737.1724261306736,4152.850618763004,4341.61339965502,lgbm,2026-03-30,107,final,A-Y,False,False,False
61300876522,CMD2,1,2026-04-06,19495.700430874007,19936.660337745827,26142.389484273637,32232.014435558493,33683.909617988225,lgbm,2026-03-30,107,final,A-Y,False,False,False
61300876522,CMD2,2,2026-04-13,19111.6566920835,19775.438581035127,26264.93672810957,34819.79014533405,35925.66879924768,lgbm,2026-03-30,107,final,A-Y,False,False,False
61300876522,CMD2,3,2026-04-20,19122.328689627026,19723.302687585765,26610.334591035178,33349.20256598245,34645.807624632725,lgbm,2026-03-30,107,final,A-Y,False,False,False
61300876522,CMD2,4,2026-04-27,18981.585448952956,19901.552290627405,26325.639889980088,34973.539140440014,35130.579147066135,lgbm,2026-03-30,107,final,A-Y,False,False,False
61300876522,CMD2,5,2026-05-04,18312.252404058934,18352.42266925405,26122.83284137644,34037.75216701857,35556.03377109205,lgbm,2026-03-30,107,final,A-Y,False,False,False
61300876522,CMD2,6,2026-05-11,17440.18893453834,18221.347692892192,26387.586982248988,37098.887599800226,38336.10949736349,lgbm,2026-03-30,107,final,A-Y,False,False,False
61300876522,CMD2,7,2026-05-18,18175.562672723165,18882.372636240354,25967.402183686547,32030.871325376473,34414.95043810927,lgbm,2026-03-30,107,final,A-Y,False,False,False
61300876522,CMD2,8,2026-05-25,14918.903673535051,16680.142833948623,23630.706941918626,32732.936753344453,35506.139580117204,lgbm,2026-03-30,107,final,A-Y,False,False,False
61300876522,CMTY,1,2026-04-06,12135.209773434206,13055.412116391859,16051.538555076728,20370.506111905175,20801.928553224334,lgbm,2026-03-30,107,final,A-Y,False,False,False
61300876522,CMTY,2,2026-04-13,11872.28749108946,12436.167118481353,16302.843516756995,21360.1322807764,21596.67061500238,lgbm,2026-03-30,107,final,A-Y,False,False,False
61300876522,CMTY,3,2026-04-20,11861.110743246632,12489.321466391166,16128.154240216538,20987.76238302728,21538.68073886762,lgbm,2026-03-30,107,final,A-Y,False,False,False
61300876522,CMTY,4,2026-04-27,12063.173689677595,12067.837337166206,16333.621369650573,22358.192587624988,22383.45361315743,lgbm,2026-03-30,107,final,A-Y,False,False,False
61300876522,CMTY,5,2026-05-04,11005.980884694427,11864.639046806042,16023.142774435355,21608.618050118508,23049.464670719804,lgbm,2026-03-30,107,final,A-Y,False,False,False
61300876522,CMTY,6,2026-05-11,11272.857348810272,11706.981860330965,16972.351385017493,22605.22888264733,24359.850218469903,lgbm,2026-03-30,107,final,A-Y,False,False,False
61300876522,CMTY,7,2026-05-18,11700.814996301562,12800.28318853396,16814.12443299459,19654.930301179957,22233.739121398514,lgbm,2026-03-30,107,final,A-Y,False,False,False
61300876522,CMTY,8,2026-05-25,10481.31562263759,11674.567762649542,14981.118735773958,19811.793301617392,20747.615548961003,lgbm,2026-03-30,107,final,A-Y,False,False,False
61300876522,MXLI,1,2026-04-06,2334.7746301758707,2428.9103277356253,3278.713078740489,4268.746805102396,4381.979941607229,lgbm,2026-03-30,107,final,A-Y,False,False,False
61300876522,MXLI,2,2026-04-13,2266.7476076171497,2292.9786128259266,3262.9660440633756,4462.35791078063,4555.451580304737,lgbm,2026-03-30,107,final,A-Y,False,False,False
61300876522,MXLI,3,2026-04-20,2286.2976723011952,2286.7710417265253,3326.160269466867,4414.911219632893,4524.29477580528,lgbm,2026-03-30,107,final,A-Y,False,False,False
61300876522,MXLI,4,2026-04-27,2189.733702158406,2201.619377448942,3331.603839085379,4626.161717893363,4671.541096319088,lgbm,2026-03-30,107,final,A-Y,False,False,False
61300876522,MXLI,5,2026-05-04,2166.7134764692346,2213.1679767749606,3339.1033850160666,4608.056369638009,4693.002886437284,lgbm,2026-03-30,107,final,A-Y,False,False,False
61300876522,MXLI,6,2026-05-11,2026.5338040599606,2170.8440563432955,3349.9559061064965,4839.7681774390685,4943.443849800826,lgbm,2026-03-30,107,final,A-Y,False,False,False
61300876522,MXLI,7,2026-05-18,2161.1150701794168,2224.645417225627,3321.159913247942,4393.181663658814,4635.509118314871,lgbm,2026-03-30,107,final,A-Y,False,False,False
61300876522,MXLI,8,2026-05-25,1955.735472946383,1983.3760962099643,3147.1141733217523,4593.92674994689,4816.138348159446,lgbm,2026-03-30,107,final,A-Y,False,False,False
61300876522,TLJ,1,2026-04-06,7152.8008880204525,7459.127318208388,9499.456594716408,11288.141353856561,11748.525140548743,lgbm,2026-03-30,107,final,A-Y,False,False,False
61300876522,TLJ,2,2026-04-13,7135.850091539962,7330.3715153818275,9507.395423471206,12063.44950094704,12181.790268858565,lgbm,2026-03-30,107,final,A-Y,False,False,False
61300876522,TLJ,3,2026-04-20,7128.406890913113,7240.132327026138,9598.12069691237,11683.029761455558,12077.664868763617,lgbm,2026-03-30,107,final,A-Y,False,False,False
61300876522,TLJ,4,2026-04-27,7099.785522525033,7412.071430408692,9589.128845771682,12326.42558776264,12469.14849114519,lgbm,2026-03-30,107,final,A-Y,False,False,False
61300876522,TLJ,5,2026-05-04,6839.8281473724455,6869.800153499742,9594.878309366559,12024.90355256859,12698.221489870144,lgbm,2026-03-30,107,final,A-Y,False,False,False
61300876522,TLJ,6,2026-05-11,6601.415264581775,6720.472260022252,9709.4624914364,13189.962938830668,13619.52178770187,lgbm,2026-03-30,107,final,A-Y,False,False,False
61300876522,TLJ,7,2026-05-18,6685.989253152579,7089.245531430635,9575.7060419489,11265.264191907801,12518.630504963054,lgbm,2026-03-30,107,final,A-Y,False,False,False
61300876522,TLJ,8,2026-05-25,5816.590507526201,6285.456521000835,8543.387892853465,11828.59074548518,12652.667068033432,lgbm,2026-03-30,107,final,A-Y,False,False,False
61300876522,VHSA,1,2026-04-06,4532.703460467704,4755.643479104595,6378.986364977039,7881.208300490461,8151.71322292059,lgbm,2026-03-30,107,final,A-Y,False,False,False
61300876522,VHSA,2,2026-04-13,4530.007545575305,4593.775954151662,6369.1875483924105,8471.869785259554,8507.693759748783,lgbm,2026-03-30,107,final,A-Y,False,False,False
61300876522,VHSA,3,2026-04-20,4566.047257125872,4689.982967967666,6525.264235510442,8281.758356913166,8499.461323318093,lgbm,2026-03-30,107,final,A-Y,False,False,False
61300876522,VHSA,4,2026-04-27,4270.109872624634,4576.491857613117,6427.069576183035,8682.811277678566,8690.94125770157,lgbm,2026-03-30,107,final,A-Y,False,False,False
61300876522,VHSA,5,2026-05-04,4329.127744152517,4415.807079511462,6520.227471801523,8499.942532804424,8901.43480775981,lgbm,2026-03-30,107,final,A-Y,False,False,False
61300876522,VHSA,6,2026-05-11,4213.703341267792,4234.71000879937,6574.84041340353,9328.636033091056,9360.045622775484,lgbm,2026-03-30,107,final,A-Y,False,False,False
61300876522,VHSA,7,2026-05-18,4252.70414828646,4541.441983625531,6513.8404456035405,7980.145899325059,8857.268038157197,lgbm,2026-03-30,107,final,A-Y,False,False,False
61300876522,VHSA,8,2026-05-25,3773.0153234878508,4080.04763088703,6094.79120846409,8327.713098397093,9227.780899289002,lgbm,2026-03-30,107,final,A-Y,False,False,False
61300876525,CCUL,1,2026-04-06,3934.1943752764605,4017.0398455776754,5513.502055271937,6724.014683058784,6882.82580561623,lgbm,2026-03-30,107,final,A-Y,False,False,False
61300876525,CCUL,2,2026-04-13,3647.6578820538925,3928.5737189054025,5520.39182977827,7077.932784213802,7377.364935449521,lgbm,2026-03-30,107,final,A-Y,False,False,False
61300876525,CCUL,3,2026-04-20,3774.912621591797,3799.109973992049,5493.50510421891,6979.477925250759,6993.75851085675,lgbm,2026-03-30,107,final,A-Y,False,False,False
61300876525,CCUL,4,2026-04-27,3765.020000706291,3783.8647037393025,5382.7111701256235,7166.630605658964,7185.931219013575,lgbm,2026-03-30,107,final,A-Y,False,False,False
61300876525,CCUL,5,2026-05-04,3680.1592888301466,3754.10103328244,5395.232068966703,7023.329016417948,7099.156449870271,lgbm,2026-03-30,107,final,A-Y,False,False,False
61300876525,CCUL,6,2026-05-11,3583.94976038654,3649.2391649023857,5443.544203229628,7290.93886073678,7571.078908045687,lgbm,2026-03-30,107,final,A-Y,False,False,False
61300876525,CCUL,7,2026-05-18,3601.009294406509,3710.319921905647,5405.286835672824,6894.216874861259,7079.602949077989,lgbm,2026-03-30,107,final,A-Y,False,False,False
61300876525,CCUL,8,2026-05-25,3027.9124431312093,3049.362504095902,5013.721041949636,7300.352241680706,7322.595927259972,lgbm,2026-03-30,107,final,A-Y,False,False,False
61300876525,CMD2,1,2026-04-06,13673.416672832362,14919.383567249444,18737.11129978033,21204.089788505695,22212.843823637715,lgbm,2026-03-30,107,final,A-Y,False,False,False
61300876525,CMD2,2,2026-04-13,13704.73551387847,13881.37877199715,18953.9111524441,22719.394552873448,23073.305152208704,lgbm,2026-03-30,107,final,A-Y,False,False,False
61300876525,CMD2,3,2026-04-20,13764.968819566804,13984.792864203813,19141.711606481982,21592.651099272807,22489.81296238705,lgbm,2026-03-30,107,final,A-Y,False,False,False
61300876525,CMD2,4,2026-04-27,13990.773886842733,14235.88050104161,19107.73436875599,22868.394539069544,23321.075718330583,lgbm,2026-03-30,107,final,A-Y,False,False,False
61300876525,CMD2,5,2026-05-04,13462.188245684678,13839.32149779729,18824.107918905207,21982.22710906557,22747.153895070347,lgbm,2026-03-30,107,final,A-Y,False,False,False
61300876525,CMD2,6,2026-05-11,13259.300211212674,13282.101135651552,19118.50115471077,23181.60742397293,24564.709388094674,lgbm,2026-03-30,107,final,A-Y,False,False,False
61300876525,CMD2,7,2026-05-18,13352.505309380846,14254.402342539839,18652.65326581238,20447.493077614286,22301.649727341457,lgbm,2026-03-30,107,final,A-Y,False,False,False
61300876525,CMD2,8,2026-05-25,11335.103067465325,11898.983965603926,16900.7031619481,21254.85999294265,23298.3965461385,lgbm,2026-03-30,107,final,A-Y,False,False,False
61300876525,CMTY,1,2026-04-06,5725.303663772688,6130.078045644102,7463.84178815525,8353.225859555614,8580.22595203487,lgbm,2026-03-30,107,final,A-Y,False,False,False
61300876525,CMTY,2,2026-04-13,5652.491299436792,5746.742455322561,7516.540685815771,8935.646020872018,9021.106380976715,lgbm,2026-03-30,107,final,A-Y,False,False,False
61300876525,CMTY,3,2026-04-20,5659.247380670556,5793.04093050067,7581.600117516732,8529.30682134891,8992.412213284813,lgbm,2026-03-30,107,final,A-Y,False,False,False
61300876525,CMTY,4,2026-04-27,5549.0034996061395,5561.49746104838,7401.725357875183,9070.090487935544,9116.37638408043,lgbm,2026-03-30,107,final,A-Y,False,False,False
61300876525,CMTY,5,2026-05-04,5544.056026592435,5815.289438896388,7552.5086517223845,8828.915456403578,9135.64844235411,lgbm,2026-03-30,107,final,A-Y,False,False,False
61300876525,CMTY,6,2026-05-11,5379.03500904299,5563.380429411851,7696.696147131629,9395.698156388822,9584.849747121532,lgbm,2026-03-30,107,final,A-Y,False,False,False
61300876525,CMTY,7,2026-05-18,5427.37932556233,5742.93514782007,7564.209205534406,8455.497099357444,9140.29269717328,lgbm,2026-03-30,107,final,A-Y,False,False,False
61300876525,CMTY,8,2026-05-25,4973.403830892954,5138.1573705898245,6887.823652983436,8925.674971474979,9237.96757339815,lgbm,2026-03-30,107,final,A-Y,False,False,False
61300876525,MXLI,1,2026-04-06,3967.3721052887354,4156.169844117752,5351.055920758286,6677.141696857514,6812.260176876271,lgbm,2026-03-30,107,final,A-Y,False,False,False
61300876525,MXLI,2,2026-04-13,3881.5790213647747,3965.6821853010474,5313.145633866135,6982.991804264076,7059.651935259371,lgbm,2026-03-30,107,final,A-Y,False,False,False
61300876525,MXLI,3,2026-04-20,3844.272362961321,4068.129829768267,5348.695854502113,6747.858827171337,7109.071898920153,lgbm,2026-03-30,107,final,A-Y,False,False,False
61300876525,MXLI,4,2026-04-27,3402.2147016259532,3603.520479781937,5354.8112664401,7073.536811334613,7474.74596900641,lgbm,2026-03-30,107,final,A-Y,False,False,False
61300876525,MXLI,5,2026-05-04,3406.08421721983,3698.043733460806,5409.036356017953,6910.087002262896,7264.619903436932,lgbm,2026-03-30,107,final,A-Y,False,False,False
61300876525,MXLI,6,2026-05-11,3736.458813263329,3746.4814356435413,5541.088542938679,7107.941870896365,7561.7258801579665,lgbm,2026-03-30,107,final,A-Y,False,False,False
61300876525,MXLI,7,2026-05-18,3653.307650394137,4021.140975886087,5446.864097436073,6615.08575143976,7127.958960295731,lgbm,2026-03-30,107,final,A-Y,False,False,False
61300876525,MXLI,8,2026-05-25,3247.736781192292,3370.983501114599,5015.4514714816105,7001.556959253726,7336.682571334981,lgbm,2026-03-30,107,final,A-Y,False,False,False
61300876525,TLJ,1,2026-04-06,7056.97156450338,7306.496609738713,9206.121995893276,10296.537231559203,10365.784140513511,lgbm,2026-03-30,107,final,A-Y,False,False,False
61300876525,TLJ,2,2026-04-13,6933.662418983384,7232.453984009795,9293.572513065126,10961.564293996958,11079.311291800419,lgbm,2026-03-30,107,final,A-Y,False,False,False
61300876525,TLJ,3,2026-04-20,7055.666897553958,7125.790083399371,9350.549249096746,10496.67479843049,10603.591260663095,lgbm,2026-03-30,107,final,A-Y,False,False,False
61300876525,TLJ,4,2026-04-27,7038.487523470996,7303.701819301772,9373.003198750788,11010.974334827739,11100.714755103008,lgbm,2026-03-30,107,final,A-Y,False,False,False
61300876525,TLJ,5,2026-05-04,6870.076402701594,6931.143489185257,9343.825113392526,10737.378966231141,10922.440751905298,lgbm,2026-03-30,107,final,A-Y,False,False,False
61300876525,TLJ,6,2026-05-11,6681.408395645292,6814.042554010401,9377.30318126754,11252.950579659378,11912.331215769647,lgbm,2026-03-30,107,final,A-Y,False,False,False
61300876525,TLJ,7,2026-05-18,6750.029129570239,7063.106592162264,9318.502155364982,10174.742472667078,10744.135355173623,lgbm,2026-03-30,107,final,A-Y,False,False,False
61300876525,TLJ,8,2026-05-25,5839.129110469839,6169.423117095956,8557.245653234528,10835.067486891186,11415.38419657788,lgbm,2026-03-30,107,final,A-Y,False,False,False
61300876525,VHSA,1,2026-04-06,4331.5854057035185,4447.810303719968,5892.783549084781,7109.45985303926,7322.358716444185,lgbm,2026-03-30,107,final,A-Y,False,False,False
61300876525,VHSA,2,2026-04-13,4306.994921829188,4363.325308886624,5929.919861671608,7513.141153583327,7751.465865299199,lgbm,2026-03-30,107,final,A-Y,False,False,False
61300876525,VHSA,3,2026-04-20,4234.634240551654,4359.77730076653,6001.5941840156975,7312.20846766628,7530.689139578428,lgbm,2026-03-30,107,final,A-Y,False,False,False
61300876525,VHSA,4,2026-04-27,4096.459280013131,4256.395258377738,6021.628131079153,7665.297376200959,7808.588484557913,lgbm,2026-03-30,107,final,A-Y,False,False,False
61300876525,VHSA,5,2026-05-04,4175.139767151015,4312.801617836196,6062.414144679212,7456.805835940546,7644.294085100776,lgbm,2026-03-30,107,final,A-Y,False,False,False
61300876525,VHSA,6,2026-05-11,4055.0300628548957,4162.1816249077365,6195.916853033226,7923.615067957123,8289.058273470382,lgbm,2026-03-30,107,final,A-Y,False,False,False
61300876525,VHSA,7,2026-05-18,4229.808777096817,4256.946723729744,6037.121333928179,7057.6175976250215,7594.8382852773675,lgbm,2026-03-30,107,final,A-Y,False,False,False
61300876525,VHSA,8,2026-05-25,3685.6159207170635,3735.873188539529,5651.710691053252,7486.252594685417,7927.294157500354,lgbm,2026-03-30,107,final,A-Y,False,False,False
61300876528,CMD2,1,2026-04-06,20761.110994749695,21043.11977912112,28221.912274550443,35571.08606898017,36999.582781124845,lgbm,2026-03-30,107,final,A-Y,False,False,False
61300876528,CMD2,2,2026-04-13,20334.521190786094,20928.630638698865,28608.817258221767,37727.613061910466,39816.90965533495,lgbm,2026-03-30,107,final,A-Y,False,False,False
61300876528,CMD2,3,2026-04-20,20143.539671069095,20617.825575068986,29130.619701073916,36807.63031190307,38055.865686545156,lgbm,2026-03-30,107,final,A-Y,False,False,False
61300876528,CMD2,4,2026-04-27,20093.047638420725,20856.3662444215,29286.191480142923,37108.23786551251,39580.963293658155,lgbm,2026-03-30,107,final,A-Y,False,False,False
61300876528,CMD2,5,2026-05-04,19424.236459183805,19557.193576118585,28998.7337595024,37045.33182813964,38355.63749845441,lgbm,2026-03-30,107,final,A-Y,False,False,False
61300876528,CMD2,6,2026-05-11,18930.669177053358,19367.169541139887,29384.096706216038,40682.32728957088,42142.25125157386,lgbm,2026-03-30,107,final,A-Y,False,False,False
61300876528,CMD2,7,2026-05-18,18806.54385313596,19167.360107485347,28522.370802566387,35070.53981599675,37681.870687067785,lgbm,2026-03-30,107,final,A-Y,False,False,False
61300876528,CMD2,8,2026-05-25,17667.089996589777,17985.343139771634,27657.08158160437,36028.95931845048,37617.527704133805,lgbm,2026-03-30,107,final,A-Y,False,False,False
61300876528,CMTY,1,2026-04-06,12525.16092017277,12725.037311791331,15490.59359085989,19361.109849661883,19526.69550717391,lgbm,2026-03-30,107,final,A-Y,False,False,False
61300876528,CMTY,2,2026-04-13,12347.00350982985,12798.961185916087,15594.931887680868,20214.756370512856,20440.63800869785,lgbm,2026-03-30,107,final,A-Y,False,False,False
61300876528,CMTY,3,2026-04-20,12366.722927564406,12444.5641739597,15734.048790761086,20252.772543006828,20662.753971613536,lgbm,2026-03-30,107,final,A-Y,False,False,False
61300876528,CMTY,4,2026-04-27,12141.459455037353,12774.004996334417,16165.403977627779,20745.1610198878,21025.18152809085,lgbm,2026-03-30,107,final,A-Y,False,False,False
61300876528,CMTY,5,2026-05-04,11768.731511530637,11834.112129770685,15882.571540444103,20936.47368456464,21420.8778105078,lgbm,2026-03-30,107,final,A-Y,False,False,False
61300876528,CMTY,6,2026-05-11,11393.919555748595,11675.807332213872,15805.31409890844,22251.10596555323,22690.139275789406,lgbm,2026-03-30,107,final,A-Y,False,False,False
61300876528,CMTY,7,2026-05-18,11610.430079200514,12039.21676459451,15819.68998849552,18862.72316828314,21300.202696354183,lgbm,2026-03-30,107,final,A-Y,False,False,False
61300876528,CMTY,8,2026-05-25,11402.097628255535,11522.124539287048,15370.719975739732,19257.527122563035,19280.220086787973,lgbm,2026-03-30,107,final,A-Y,False,False,False
61300876528,TLJ,1,2026-04-06,9241.170181001238,9263.90445758146,12096.398044596393,14807.198232705934,15260.623526001576,lgbm,2026-03-30,107,final,A-Y,False,False,False
61300876528,TLJ,2,2026-04-13,8831.628195141237,9228.412083691494,12202.091376283384,15657.809328907806,16098.507323331536,lgbm,2026-03-30,107,final,A-Y,False,False,False
61300876528,TLJ,3,2026-04-20,8802.193366468082,9267.982292945018,12294.049797440457,14998.60585579663,15550.550225083127,lgbm,2026-03-30,107,final,A-Y,False,False,False
61300876528,TLJ,4,2026-04-27,8822.942556419066,9185.40501178583,12416.43321920028,15565.527327345022,16252.331723154912,lgbm,2026-03-30,107,final,A-Y,False,False,False
61300876528,TLJ,5,2026-05-04,8449.825803563974,8628.33798185004,12360.78443888163,15502.63097129814,15963.779015433853,lgbm,2026-03-30,107,final,A-Y,False,False,False
61300876528,TLJ,6,2026-05-11,8373.477260327916,8531.507342134255,12593.792357890045,16881.05493203977,17765.34412552852,lgbm,2026-03-30,107,final,A-Y,False,False,False
61300876528,TLJ,7,2026-05-18,8435.060902335517,8564.47114328495,12273.693602459223,14683.770661220575,15660.294691471789,lgbm,2026-03-30,107,final,A-Y,False,False,False
61300876528,TLJ,8,2026-05-25,7871.915687991609,7987.194033638869,11950.534372324715,15074.556083648453,15994.877035244714,lgbm,2026-03-30,107,final,A-Y,False,False,False
539153751156,CMD2,1,2026-04-06,0.0,0.0,0.1045901993017311,6.812664270743931,14.61634519131449,lgbm,2026-03-30,107,final,A-Z,True,False,False
539153751156,CMD2,2,2026-04-13,0.0,0.0,0.10967515660775416,6.824389215353159,15.243110853656937,lgbm,2026-03-30,107,final,A-Z,True,False,False
539153751156,CMD2,3,2026-04-20,0.0,0.0,0.11009718957514651,6.870896231742214,22.977542188946067,lgbm,2026-03-30,107,final,A-Z,True,False,False
539153751156,CMD2,4,2026-04-27,0.0,0.0,0.10218005508982232,6.861896201535297,23.01946160680965,lgbm,2026-03-30,107,final,A-Z,True,False,False
539153751156,CMD2,5,2026-05-04,0.0,0.0,0.09742849661194664,9.600650415429836,22.98407185068738,lgbm,2026-03-30,107,final,A-Z,True,False,False
539153751156,CMD2,6,2026-05-11,0.0,0.0,0.12205287975146795,9.599003983657163,16.046958385212065,lgbm,2026-03-30,107,final,A-Z,True,False,False
539153751156,CMD2,7,2026-05-18,0.0,0.0,0.14856265235829302,9.58004028532562,24.679759606937893,lgbm,2026-03-30,107,final,A-Z,True,False,False
539153751156,CMD2,8,2026-05-25,0.0,0.0,0.44715491207872266,12.774140316363422,68.79007562056313,lgbm,2026-03-30,107,final,A-Z,True,False,False
750101135068,CCUL,1,2026-04-06,60.80824133658083,68.21275822845654,115.25386178228618,167.87062854942468,177.52034009841847,lgbm,2026-03-30,107,final,A-Z,False,False,False
750101135068,CCUL,2,2026-04-13,61.86855020744456,71.25514118741886,128.0180381215472,174.09676420069775,187.01105568218483,lgbm,2026-03-30,107,final,A-Z,False,False,False
750101135068,CCUL,3,2026-04-20,59.17167109410083,64.33131086543037,116.47294620303124,177.4159634260727,183.30081991203687,lgbm,2026-03-30,107,final,A-Z,False,False,False
750101135068,CCUL,4,2026-04-27,62.89737329511878,71.39994750876049,131.18416542264205,182.60825098702884,193.88424500429025,lgbm,2026-03-30,107,final,A-Z,False,False,False
750101135068,CCUL,5,2026-05-04,55.05628327163238,60.72837021056456,117.4148041062613,180.319864012172,186.42867335019258,lgbm,2026-03-30,107,final,A-Z,False,False,False
750101135068,CCUL,6,2026-05-11,55.545850206256496,65.32045200790773,130.17086940456875,188.89927149330066,201.16235813579308,lgbm,2026-03-30,107,final,A-Z,False,False,False
750101135068,CCUL,7,2026-05-18,55.64827370962298,66.27514194420748,119.68421205790406,174.4669864947984,189.57945077383218,lgbm,2026-03-30,107,final,A-Z,False,False,False
750101135068,CCUL,8,2026-05-25,54.55314277300093,66.16319575818605,123.62052120264174,183.45859290737837,200.8547632603338,lgbm,2026-03-30,107,final,A-Z,False,False,False
750101135068,CMD2,1,2026-04-06,733.2966494178615,782.685929712477,1067.6686498006645,1433.7566641653677,1510.0056608243265,lgbm,2026-03-30,107,final,A-Z,False,False,False
750101135068,CMD2,2,2026-04-13,741.3812856736563,749.5485541400328,1175.262716527248,1560.3890874242106,1610.6027559218603,lgbm,2026-03-30,107,final,A-Z,False,False,False
750101135068,CMD2,3,2026-04-20,707.2507305048114,761.2797890528266,1066.2573478709805,1472.809200589677,1556.693923235237,lgbm,2026-03-30,107,final,A-Z,False,False,False
750101135068,CMD2,4,2026-04-27,771.8162691652717,779.2040134571655,1194.9492150303813,1572.3045562130246,1601.7469532039152,lgbm,2026-03-30,107,final,A-Z,False,False,False
750101135068,CMD2,5,2026-05-04,709.0086400088328,758.1899795174776,1095.8630367450703,1468.0485844723562,1573.811176116761,lgbm,2026-03-30,107,final,A-Z,False,False,False
750101135068,CMD2,6,2026-05-11,678.8480944946194,698.1143722333992,1198.933254750754,1683.8673800304111,1698.842797607479,lgbm,2026-03-30,107,final,A-Z,False,False,False
750101135068,CMD2,7,2026-05-18,715.8094933168617,722.2255256538217,1145.34734000938,1531.1573493231263,1580.6807775472025,lgbm,2026-03-30,107,final,A-Z,False,False,False
750101135068,CMD2,8,2026-05-25,679.9212057783043,683.6678061947644,1120.1316881012797,1645.5952423385197,1671.4466367037603,lgbm,2026-03-30,107,final,A-Z,False,False,False
750101135068,CMTY,1,2026-04-06,122.22143325168544,127.14173554680198,195.43567936935264,254.01766261705362,256.5974405685517,lgbm,2026-03-30,107,final,A-Z,False,False,False
750101135068,CMTY,2,2026-04-13,111.41340211671421,116.56359809189416,186.86148077472956,266.7516488737706,273.7668962005691,lgbm,2026-03-30,107,final,A-Z,False,False,False
750101135068,CMTY,3,2026-04-20,116.01322022143535,124.1147624567551,186.93566303855715,258.5670156504048,266.75736901636645,lgbm,2026-03-30,107,final,A-Z,False,False,False
750101135068,CMTY,4,2026-04-27,121.64799089654406,127.12478808017215,207.8045823918775,270.20618731946286,274.4603383682089,lgbm,2026-03-30,107,final,A-Z,False,False,False
750101135068,CMTY,5,2026-05-04,115.33897227019732,120.15292137235454,203.02838519056445,262.6758865278497,269.00716717700595,lgbm,2026-03-30,107,final,A-Z,False,False,False
750101135068,CMTY,6,2026-05-11,108.57830899077186,113.67708555439867,212.2975988401682,279.6311423983322,288.7634683273478,lgbm,2026-03-30,107,final,A-Z,False,False,False
750101135068,CMTY,7,2026-05-18,112.63438495380785,119.68638053624642,203.1413178959736,257.3245391343564,273.69326370894856,lgbm,2026-03-30,107,final,A-Z,False,False,False
750101135068,CMTY,8,2026-05-25,106.49234349604217,118.16489015703156,197.38383862019194,267.484640355496,289.87894228769744,lgbm,2026-03-30,107,final,A-Z,False,False,False
750101135068,MXLI,1,2026-04-06,44.237287016271374,54.213381814973204,106.96209437003343,155.8019598426831,162.8135375308556,lgbm,2026-03-30,107,final,A-Z,False,False,False
750101135068,MXLI,2,2026-04-13,47.00373364108669,52.13325081764614,106.4745826466252,161.9736035515606,166.3775849792682,lgbm,2026-03-30,107,final,A-Z,False,False,False
750101135068,MXLI,3,2026-04-20,40.45736902640311,46.753574148087,102.2658394272723,161.38065083690623,165.02967997609176,lgbm,2026-03-30,107,final,A-Z,False,False,False
750101135068,MXLI,4,2026-04-27,45.56036068808881,51.993034722380486,107.95068827154779,162.05257041886642,166.15231364405412,lgbm,2026-03-30,107,final,A-Z,False,False,False
750101135068,MXLI,5,2026-05-04,41.0749774636131,46.73872394399702,102.18469754368316,159.77311618626882,164.66954802253696,lgbm,2026-03-30,107,final,A-Z,False,False,False
750101135068,MXLI,6,2026-05-11,44.75189696721404,49.153516516418115,106.52067312009983,164.39579304355357,169.7121882525156,lgbm,2026-03-30,107,final,A-Z,False,False,False
750101135068,MXLI,7,2026-05-18,39.0314990139407,44.011610571883516,101.74949890004952,162.52633710769626,166.79475906540688,lgbm,2026-03-30,107,final,A-Z,False,False,False
750101135068,MXLI,8,2026-05-25,39.89703962702395,43.298342038673105,99.71672116157609,165.7655298825018,168.279653544228,lgbm,2026-03-30,107,final,A-Z,False,False,False
750101135068,TLJ,1,2026-04-06,104.87579724609063,108.65984846261662,176.71546468565398,228.0858744994924,231.24631729343545,lgbm,2026-03-30,107,final,A-Z,False,False,False
750101135068,TLJ,2,2026-04-13,97.15944726949326,105.9834693666968,171.91403411101035,237.11089820710413,245.19946608637778,lgbm,2026-03-30,107,final,A-Z,False,False,False
750101135068,TLJ,3,2026-04-20,95.2602376759592,98.91301514963506,162.43688270922897,241.015108307307,242.46897626111735,lgbm,2026-03-30,107,final,A-Z,False,False,False
750101135068,TLJ,4,2026-04-27,103.48099711894415,107.96222753192104,186.08232002958658,251.6784120568884,251.69317120258006,lgbm,2026-03-30,107,final,A-Z,False,False,False
750101135068,TLJ,5,2026-05-04,97.96710811409798,98.82073774395006,172.4872258337608,246.32237768431978,246.45945227790781,lgbm,2026-03-30,107,final,A-Z,False,False,False
750101135068,TLJ,6,2026-05-11,92.79583911006472,93.96698525302854,184.69586586595037,262.16758188925434,262.6514694905947,lgbm,2026-03-30,107,final,A-Z,False,False,False
750101135068,TLJ,7,2026-05-18,95.90521980674576,96.47316771301524,178.3682308662108,245.63349031035773,247.8249318564853,lgbm,2026-03-30,107,final,A-Z,False,False,False
750101135068,TLJ,8,2026-05-25,90.62749956568994,95.4234396957189,175.44064935451536,253.95840119320508,261.55778522214786,lgbm,2026-03-30,107,final,A-Z,False,False,False
750101135069,CMD2,1,2026-04-06,472.513897376415,526.2340667778583,710.5499886120867,915.1531428756294,992.1853231660853,lgbm,2026-03-30,107,final,A-Z,False,False,False
750101135069,CMD2,2,2026-04-13,500.08431056528934,540.9720354087789,758.1269171504094,982.7186806632782,1029.1443293848906,lgbm,2026-03-30,107,final,A-Z,False,False,False
750101135069,CMD2,3,2026-04-20,471.94079074560625,499.28723063074256,734.4533754854197,988.1861502034235,1037.9676806686482,lgbm,2026-03-30,107,final,A-Z,False,False,False
750101135069,CMD2,4,2026-04-27,502.7467891762515,522.7471196218709,773.7511155174402,1054.986358098322,1077.954434205049,lgbm,2026-03-30,107,final,A-Z,False,False,False
750101135069,CMD2,5,2026-05-04,428.21759460036253,462.7099538939897,712.6829238844065,1016.060338000728,1038.2938386022108,lgbm,2026-03-30,107,final,A-Z,False,False,False
750101135069,CMD2,6,2026-05-11,428.5875788112255,467.62960945460367,770.5318995372942,1123.8707407520621,1162.625381874178,lgbm,2026-03-30,107,final,A-Z,False,False,False
750101135069,CMD2,7,2026-05-18,418.02214977888156,472.4598878791378,718.7959392229475,982.4501657538988,1055.9360233566845,lgbm,2026-03-30,107,final,A-Z,False,False,False
750101135069,CMD2,8,2026-05-25,425.7753073265635,469.5813672167492,740.975328868777,1065.1361106877919,1135.5957822410478,lgbm,2026-03-30,107,final,A-Z,False,False,False
750101135069,CMTY,1,2026-04-06,95.73507039497547,105.76162673043802,147.40356336653554,204.33901781468262,211.18824488516742,lgbm,2026-03-30,107,final,A-Z,False,False,False
750101135069,CMTY,2,2026-04-13,91.48914795068094,104.56272805306007,151.03324920496345,211.38065646614558,221.85848129240188,lgbm,2026-03-30,107,final,A-Z,False,False,False
750101135069,CMTY,3,2026-04-20,90.24501272845814,97.15987047708136,152.05153384258858,220.95237276059913,227.7879820182203,lgbm,2026-03-30,107,final,A-Z,False,False,False
750101135069,CMTY,4,2026-04-27,93.593361737923,101.81064163785607,160.93536439085554,228.30434959434183,235.85854439343657,lgbm,2026-03-30,107,final,A-Z,False,False,False
750101135069,CMTY,5,2026-05-04,85.41838229625839,93.47487578351263,155.38413643677484,225.46996357089915,231.89973142357962,lgbm,2026-03-30,107,final,A-Z,False,False,False
750101135069,CMTY,6,2026-05-11,78.8265936016413,90.54716138508705,162.30601636212032,245.1048811104912,254.01609680683026,lgbm,2026-03-30,107,final,A-Z,False,False,False
750101135069,CMTY,7,2026-05-18,77.89469215510547,90.90471961257981,156.28457880138458,227.03539799125176,245.53515411539018,lgbm,2026-03-30,107,final,A-Z,False,False,False
750101135069,CMTY,8,2026-05-25,75.58703496634769,89.90767316783439,152.3508782872153,236.15991859483256,254.61581254216952,lgbm,2026-03-30,107,final,A-Z,False,False,False
750101135069,MXLI,1,2026-04-06,18.442190864863864,28.319919321191744,60.90817983902134,89.5510327638824,100.50623996919329,lgbm,2026-03-30,107,final,A-Z,False,False,False
750101135069,MXLI,2,2026-04-13,20.56414947092552,26.712438668160686,61.20185891278553,92.29330644833287,102.16426461640845,lgbm,2026-03-30,107,final,A-Z,False,False,False
750101135069,MXLI,3,2026-04-20,17.696996264857315,23.285303958763045,60.50741905854734,92.00966834560712,102.43981745291602,lgbm,2026-03-30,107,final,A-Z,False,False,False
750101135069,MXLI,4,2026-04-27,20.18366408802768,24.61737883645286,61.45543894619391,93.64963038904179,103.45299592838178,lgbm,2026-03-30,107,final,A-Z,False,False,False
750101135069,MXLI,5,2026-05-04,16.40467190665992,22.190190352959682,59.75589984829306,91.53296260267811,101.01167599778813,lgbm,2026-03-30,107,final,A-Z,False,False,False
750101135069,MXLI,6,2026-05-11,17.092071229737986,22.917854473754517,61.73104081484335,96.35023044639406,107.3309780538572,lgbm,2026-03-30,107,final,A-Z,False,False,False
750101135069,MXLI,7,2026-05-18,16.660748934377903,21.831920673558194,60.02453239722627,92.24094803200481,101.64208816847284,lgbm,2026-03-30,107,final,A-Z,False,False,False
750101135069,MXLI,8,2026-05-25,15.709954457177705,22.81107904785389,57.87141151475128,94.17353863710412,106.8371180188399,lgbm,2026-03-30,107,final,A-Z,False,False,False
750101135069,TLJ,1,2026-04-06,74.93435016144213,89.29496367679184,137.2684754871344,195.7310414445269,211.64648121528126,lgbm,2026-03-30,107,final,A-Z,False,False,False
750101135069,TLJ,2,2026-04-13,69.53955641079827,84.00608031271946,139.18725037590272,202.84244980593974,218.74716156427803,lgbm,2026-03-30,107,final,A-Z,False,False,False
750101135069,TLJ,3,2026-04-20,71.85488812576347,81.28426584080995,134.13414404867223,202.46031712238312,212.28858494172252,lgbm,2026-03-30,107,final,A-Z,False,False,False
750101135069,TLJ,4,2026-04-27,78.14519424245378,86.2477933572619,149.62484333498776,206.12139175034088,218.21505491310208,lgbm,2026-03-30,107,final,A-Z,False,False,False
750101135069,TLJ,5,2026-05-04,70.64518267111417,77.16544497070345,143.7148878273447,207.71604593695668,217.5641310408064,lgbm,2026-03-30,107,final,A-Z,False,False,False
750101135069,TLJ,6,2026-05-11,64.66939613026773,76.865739292375,145.66432932602285,214.65833030994523,228.30948522026517,lgbm,2026-03-30,107,final,A-Z,False,False,False
750101135069,TLJ,7,2026-05-18,66.23133203549449,74.44814865986605,144.37846999523217,209.48597629312394,220.3887234272578,lgbm,2026-03-30,107,final,A-Z,False,False,False
750101135069,TLJ,8,2026-05-25,63.69402508550879,73.78080181005973,140.82573509371295,213.06998954722576,226.75016901142456,lgbm,2026-03-30,107,final,A-Z,False,False,False
750101135069,VHSA,1,2026-04-06,47.86680314342478,56.15316487233112,106.21672845485193,159.2775230878135,164.8113025824452,lgbm,2026-03-30,107,final,A-Z,False,False,False
750101135069,VHSA,2,2026-04-13,48.67023224717164,54.84364287771308,107.08611551096675,162.65555347954512,168.85137423188786,lgbm,2026-03-30,107,final,A-Z,False,False,False
750101135069,VHSA,3,2026-04-20,44.653371207096164,48.205105279506874,104.02757616244912,162.8416429747955,166.77937385873844,lgbm,2026-03-30,107,final,A-Z,False,False,False
750101135069,VHSA,4,2026-04-27,49.36332521325768,53.115576799194315,107.03462708954186,163.91412214793635,169.30402391787817,lgbm,2026-03-30,107,final,A-Z,False,False,False
750101135069,VHSA,5,2026-05-04,45.13494256575353,47.466835441605255,103.54020879056063,161.58550674319503,166.71313355571954,lgbm,2026-03-30,107,final,A-Z,False,False,False
750101135069,VHSA,6,2026-05-11,42.75331005363307,47.732189677342,107.571577620604,170.80182640927174,180.77694593510205,lgbm,2026-03-30,107,final,A-Z,False,False,False
750101135069,VHSA,7,2026-05-18,42.56960357785657,45.5857254711401,103.89691651695587,164.09042516901113,169.66216671576188,lgbm,2026-03-30,107,final,A-Z,False,False,False
750101135069,VHSA,8,2026-05-25,40.145104791865165,46.97725261627005,103.0514314875992,168.9595484154168,180.14849732304123,lgbm,2026-03-30,107,final,A-Z,False,False,False
750101135109,CCUL,1,2026-04-06,4544.923521322779,4588.642729586737,6375.97085593871,7353.780937082028,7387.039771160308,lgbm,2026-03-30,107,final,A-Y,False,False,False
750101135109,CCUL,2,2026-04-13,4645.707729426433,4834.84912576038,6070.418855663399,7537.505311282259,7649.306414762354,lgbm,2026-03-30,107,final,A-Y,False,False,False
750101135109,CCUL,3,2026-04-20,4272.748147151029,4422.799487276955,6246.7700731548575,7369.9712850087535,7418.197777152278,lgbm,2026-03-30,107,final,A-Y,False,False,False
750101135109,CCUL,4,2026-04-27,4493.585739784981,4666.867452861573,6263.031351357899,7681.628933484427,7794.505782129434,lgbm,2026-03-30,107,final,A-Y,False,False,False
750101135109,CCUL,5,2026-05-04,4312.212907206256,4381.2829011190815,6133.982210599397,7346.29276507933,7510.7283268809015,lgbm,2026-03-30,107,final,A-Y,False,False,False
750101135109,CCUL,6,2026-05-11,4279.786942945254,4484.593447916859,6080.295306100107,7712.256485307144,7833.092097615999,lgbm,2026-03-30,107,final,A-Y,False,False,False
750101135109,CCUL,7,2026-05-18,4244.246989338436,4384.625455299763,6091.90457354229,7328.158762190155,7424.491280862402,lgbm,2026-03-30,107,final,A-Y,False,False,False
750101135109,CCUL,8,2026-05-25,4087.008686776048,4294.241891291462,5816.614317219305,7744.147090328586,7811.7750384722585,lgbm,2026-03-30,107,final,A-Y,False,False,False
750101135109,CMD2,1,2026-04-06,9533.886774422503,9819.1317761913,11956.597444785371,13761.16610849119,14181.45667391286,lgbm,2026-03-30,107,final,A-Y,False,False,False
750101135109,CMD2,2,2026-04-13,9832.357682725888,10133.210728785964,11527.80770273574,14253.84940612689,14758.522047375596,lgbm,2026-03-30,107,final,A-Y,False,False,False
750101135109,CMD2,3,2026-04-20,9080.387613522184,9126.900183158905,11824.44305249593,13995.47998077716,14626.555151366705,lgbm,2026-03-30,107,final,A-Y,False,False,False
750101135109,CMD2,4,2026-04-27,9523.798379423504,9731.618368511461,12351.002052173164,14401.265623634055,15353.45169846627,lgbm,2026-03-30,107,final,A-Y,False,False,False
750101135109,CMD2,5,2026-05-04,9149.002948906938,9256.024347628863,12008.473658123938,13781.23693904061,14525.830865848837,lgbm,2026-03-30,107,final,A-Y,False,False,False
750101135109,CMD2,6,2026-05-11,9172.958568792928,9301.047820457068,12067.58713279199,14532.10703004473,14954.294536311822,lgbm,2026-03-30,107,final,A-Y,False,False,False
750101135109,CMD2,7,2026-05-18,8916.133825807396,8994.233414474686,12087.279193324444,13601.849818209204,14945.28258124135,lgbm,2026-03-30,107,final,A-Y,False,False,False
750101135109,CMD2,8,2026-05-25,8362.794703133062,8370.891429039617,11542.203144044654,14602.52087601197,15717.852757308025,lgbm,2026-03-30,107,final,A-Y,False,False,False
750101135109,CMTY,1,2026-04-06,7429.387706989605,7666.2196154969115,10061.604826580093,11262.561876840235,11425.60730816401,lgbm,2026-03-30,107,final,A-Y,False,False,False
750101135109,CMTY,2,2026-04-13,7590.940539361357,7877.407474520526,9587.117966094458,11885.072846171079,11893.10489395356,lgbm,2026-03-30,107,final,A-Y,False,False,False
750101135109,CMTY,3,2026-04-20,7164.622407592009,7209.601548006705,9881.094916149763,11482.96087112679,11791.686446479964,lgbm,2026-03-30,107,final,A-Y,False,False,False
750101135109,CMTY,4,2026-04-27,7468.517139977112,7573.172786114998,9868.089608877677,11825.329992218107,12296.246983769037,lgbm,2026-03-30,107,final,A-Y,False,False,False
750101135109,CMTY,5,2026-05-04,7133.625044419299,7219.2137535214,9725.753793369937,11341.041583843973,11790.311894499395,lgbm,2026-03-30,107,final,A-Y,False,False,False
750101135109,CMTY,6,2026-05-11,6966.635786361201,7315.526700148421,9667.428527025993,12135.222424070806,12241.739551361648,lgbm,2026-03-30,107,final,A-Y,False,False,False
750101135109,CMTY,7,2026-05-18,7097.5985924077395,7185.458337263023,9690.665360580058,11264.556664870724,11649.766857041961,lgbm,2026-03-30,107,final,A-Y,False,False,False
750101135109,CMTY,8,2026-05-25,6750.466390484089,6958.889345569402,9299.630127200848,12002.505866158937,12158.278954154239,lgbm,2026-03-30,107,final,A-Y,False,False,False
750101135109,MXLI,1,2026-04-06,947.5750389880682,959.0794055721321,1321.4862575657662,1574.566606616647,1629.1906127059804,lgbm,2026-03-30,107,final,A-Y,False,False,False
750101135109,MXLI,2,2026-04-13,1027.1793180379473,1030.8685035097421,1294.0509175229688,1610.0544714925602,1618.4216452427104,lgbm,2026-03-30,107,final,A-Y,False,False,False
750101135109,MXLI,3,2026-04-20,917.62752734043,952.6769166669078,1319.1055416518743,1602.097620049858,1637.8423052144224,lgbm,2026-03-30,107,final,A-Y,False,False,False
750101135109,MXLI,4,2026-04-27,966.4419908955065,995.0443568222277,1350.036124383817,1649.4271907365967,1679.6141285421327,lgbm,2026-03-30,107,final,A-Y,False,False,False
750101135109,MXLI,5,2026-05-04,973.2651069465725,986.16654280879,1335.672611880576,1585.498409050907,1623.045601728318,lgbm,2026-03-30,107,final,A-Y,False,False,False
750101135109,MXLI,6,2026-05-11,887.870963465986,954.8099523743801,1356.0288192985265,1688.6451095337027,1738.6327409889186,lgbm,2026-03-30,107,final,A-Y,False,False,False
750101135109,MXLI,7,2026-05-18,910.881684256569,958.7104551231328,1349.058019898581,1569.5204277515188,1604.7080151709065,lgbm,2026-03-30,107,final,A-Y,False,False,False
750101135109,MXLI,8,2026-05-25,966.9245139717482,974.8605349411405,1323.425775491574,1681.6440630770517,1705.9974178633597,lgbm,2026-03-30,107,final,A-Y,False,False,False
750101135109,TLJ,1,2026-04-06,4054.307428090271,4056.303102848394,5543.001434917069,6578.645162137058,6593.063626118528,lgbm,2026-03-30,107,final,A-Y,False,False,False
750101135109,TLJ,2,2026-04-13,4276.719025868511,4365.193822126463,5424.582918727243,6802.311845669952,6957.960298746411,lgbm,2026-03-30,107,final,A-Y,False,False,False
750101135109,TLJ,3,2026-04-20,3821.541225979369,4009.550846553259,5451.249158981035,6604.172649775206,6633.784117430545,lgbm,2026-03-30,107,final,A-Y,False,False,False
750101135109,TLJ,4,2026-04-27,4114.1681210162915,4181.880886372539,5593.936509782234,6847.640229934703,7001.455505921178,lgbm,2026-03-30,107,final,A-Y,False,False,False
750101135109,TLJ,5,2026-05-04,3802.7510598428908,3925.055143782075,5491.023282727708,6632.060680218897,6730.620533237896,lgbm,2026-03-30,107,final,A-Y,False,False,False
750101135109,TLJ,6,2026-05-11,3846.012012596247,4069.236424496515,5511.72758793209,7046.594958424254,7100.458753798326,lgbm,2026-03-30,107,final,A-Y,False,False,False
750101135109,TLJ,7,2026-05-18,3860.2310523586198,3967.860432190534,5495.694292660893,6581.650157570309,6722.70231076648,lgbm,2026-03-30,107,final,A-Y,False,False,False
750101135109,TLJ,8,2026-05-25,3683.645726350608,3888.6343664531423,5499.059953689023,7030.7270331238005,7047.001725039014,lgbm,2026-03-30,107,final,A-Y,False,False,False
750101135109,VHSA,1,2026-04-06,1794.0698400300105,1827.2537303744266,2322.855504941022,2659.5417218410357,2771.5252023035896,lgbm,2026-03-30,107,final,A-Y,False,False,False
750101135109,VHSA,2,2026-04-13,1812.5792389504913,1814.037963035906,2308.8813922569993,2835.6528198335,2910.190022742667,lgbm,2026-03-30,107,final,A-Y,False,False,False
750101135109,VHSA,3,2026-04-20,1756.6922904709784,1774.6837836026148,2321.846754145114,2701.9772550256916,2821.5617530637064,lgbm,2026-03-30,107,final,A-Y,False,False,False
750101135109,VHSA,4,2026-04-27,1805.2942109192998,1824.870244002366,2358.5110317817052,2805.3291776358274,2979.766564439821,lgbm,2026-03-30,107,final,A-Y,False,False,False
750101135109,VHSA,5,2026-05-04,1765.3064387137247,1768.0838165028326,2311.82158716643,2659.685034168772,2814.1660941105583,lgbm,2026-03-30,107,final,A-Y,False,False,False
750101135109,VHSA,6,2026-05-11,1863.953082124669,1872.8566670659245,2311.997718935929,2865.308378359192,2944.2262973349207,lgbm,2026-03-30,107,final,A-Y,False,False,False
750101135109,VHSA,7,2026-05-18,1738.6727558979508,1741.7566953886444,2301.821498199114,2704.4356331863164,2800.08992366489,lgbm,2026-03-30,107,final,A-Y,False,False,False
750101135109,VHSA,8,2026-05-25,1623.5493372151088,1694.2081254455388,2319.221963657586,2912.914534526995,2940.339967411811,lgbm,2026-03-30,107,final,A-Y,False,False,False
750101310014,CCUL,1,2026-04-06,217.87788141554654,331.46789192419465,1475.7069032964516,2891.171683615611,3234.806016382616,lgbm,2026-03-30,107,final,A-Z,False,False,False
750101310014,CCUL,2,2026-04-13,199.51081735171306,313.3069461633704,1546.2580762379735,2926.1574893097113,3317.5955966673996,lgbm,2026-03-30,107,final,A-Z,False,False,False
750101310014,CCUL,3,2026-04-20,0.0,258.6995819036173,1628.2163116633178,3033.0091809145188,4157.648113237223,lgbm,2026-03-30,107,final,A-Z,False,False,False
750101310014,CCUL,4,2026-04-27,0.0,237.8306282197858,1613.9206568760449,3129.337287185864,4057.0304172996334,lgbm,2026-03-30,107,final,A-Z,False,False,False
750101310014,CCUL,5,2026-05-04,0.0,134.02882550049333,1582.7280923713324,3155.8938715285217,4178.324187472475,lgbm,2026-03-30,107,final,A-Z,False,False,False
750101310014,CCUL,6,2026-05-11,0.0,99.92615437691006,1592.651385781889,3255.1110781236403,4363.798435147647,lgbm,2026-03-30,107,final,A-Z,False,False,False
750101310014,CCUL,7,2026-05-18,0.0,202.45110035818357,1569.576468277717,2968.14687055818,3986.1982531650237,lgbm,2026-03-30,107,final,A-Z,False,False,False
750101310014,CCUL,8,2026-05-25,0.0,202.38766746904105,1485.9051810118708,2965.597866246298,3941.077469851947,lgbm,2026-03-30,107,final,A-Z,False,False,False
750101310014,CMD2,1,2026-04-06,1820.5591816631422,2049.398456066976,4098.167888491578,6093.070763660541,6886.564950971551,lgbm,2026-03-30,107,final,A-Z,False,False,False
750101310014,CMD2,2,2026-04-13,1716.6640142383799,1996.532086868199,4026.640063218327,6266.452337056856,7073.157844340829,lgbm,2026-03-30,107,final,A-Z,False,False,False
750101310014,CMD2,3,2026-04-20,1550.5158580094717,1933.7741613874143,4281.191723532733,6523.019087818712,7632.417077019007,lgbm,2026-03-30,107,final,A-Z,False,False,False
750101310014,CMD2,4,2026-04-27,1531.3541336213584,1878.0490500424257,4365.158908706143,6838.110083054445,7847.648919999349,lgbm,2026-03-30,107,final,A-Z,False,False,False
750101310014,CMD2,5,2026-05-04,1283.270590092778,1647.0880078695272,4232.915308930532,6806.501064597916,7835.338560186065,lgbm,2026-03-30,107,final,A-Z,False,False,False
750101310014,CMD2,6,2026-05-11,1015.4317331169311,1516.2013641824806,4332.104551148743,7317.626159557956,8307.976186506261,lgbm,2026-03-30,107,final,A-Z,False,False,False
750101310014,CMD2,7,2026-05-18,1336.667697745444,1901.73388832294,4296.630134699201,6432.2010821411095,7548.394918804064,lgbm,2026-03-30,107,final,A-Z,False,False,False
750101310014,CMD2,8,2026-05-25,1129.4475369168515,1700.4198215061854,4017.335406629566,6554.037553635899,7635.707801676089,lgbm,2026-03-30,107,final,A-Z,False,False,False
750101310014,CMTY,1,2026-04-06,268.70736326388686,311.8482946999765,1011.6466598571922,1856.5778252426892,1933.9081001288228,lgbm,2026-03-30,107,final,A-Z,False,False,False
750101310014,CMTY,2,2026-04-13,249.44478067092285,295.08241924440296,1019.5247914022285,1896.1736041637464,1989.223153754586,lgbm,2026-03-30,107,final,A-Z,False,False,False
750101310014,CMTY,3,2026-04-20,57.97493968236779,283.70884232812693,1099.9824612792067,1935.4150289397535,2487.070775717546,lgbm,2026-03-30,107,final,A-Z,False,False,False
750101310014,CMTY,4,2026-04-27,18.9248211477194,293.3487199383079,1127.4533953777548,2041.4084167523024,2673.805671060998,lgbm,2026-03-30,107,final,A-Z,False,False,False
750101310014,CMTY,5,2026-05-04,0.0,180.48475903411872,1100.6923782580452,2069.0144109269268,2693.4705625036017,lgbm,2026-03-30,107,final,A-Z,False,False,False
750101310014,CMTY,6,2026-05-11,0.0,148.97118243600482,1112.1479807567052,2144.5940950149757,2723.196301620659,lgbm,2026-03-30,107,final,A-Z,False,False,False
750101310014,CMTY,7,2026-05-18,10.569760974537985,206.68479135661477,1117.5512199832772,1970.8469585929854,2560.4435850972304,lgbm,2026-03-30,107,final,A-Z,False,False,False
750101310014,CMTY,8,2026-05-25,0.0,177.23138005155454,1063.1440459348964,1997.2747457330715,2546.658898222873,lgbm,2026-03-30,107,final,A-Z,False,False,False
750101310014,MXLI,1,2026-04-06,125.7279821569818,125.87635371677226,731.867832754215,1426.5565380530118,1478.612977170365,lgbm,2026-03-30,107,final,A-Z,False,False,False
750101310014,MXLI,2,2026-04-13,97.9422307439882,121.83939381421015,710.106341178807,1429.3529053767952,1482.0155159678752,lgbm,2026-03-30,107,final,A-Z,False,False,False
750101310014,MXLI,3,2026-04-20,0.0,102.8775791794202,771.8617374055117,1489.5621904654167,1930.0458488193212,lgbm,2026-03-30,107,final,A-Z,False,False,False
750101310014,MXLI,4,2026-04-27,0.0,69.20868375565578,794.1454356229422,1554.0814815903932,1938.2520058262717,lgbm,2026-03-30,107,final,A-Z,False,False,False
750101310014,MXLI,5,2026-05-04,0.0,33.83202716347739,782.1420873053712,1576.4975601424442,2041.409071729172,lgbm,2026-03-30,107,final,A-Z,False,False,False
750101310014,MXLI,6,2026-05-11,0.0,13.135430921385648,768.9380289193979,1603.343344346346,1975.1358910073402,lgbm,2026-03-30,107,final,A-Z,False,False,False
750101310014,MXLI,7,2026-05-18,0.0,74.04232802171839,787.8234163916167,1474.9618904946142,1932.2870950931574,lgbm,2026-03-30,107,final,A-Z,False,False,False
750101310014,MXLI,8,2026-05-25,0.0,44.80695212822735,723.3286972727701,1471.567673789125,1843.5577417501445,lgbm,2026-03-30,107,final,A-Z,False,False,False
750101310014,TLJ,1,2026-04-06,407.8119776352937,473.02997530784114,1426.8226758231224,2612.574851200824,2880.6602277279176,lgbm,2026-03-30,107,final,A-Z,False,False,False
750101310014,TLJ,2,2026-04-13,395.1863419229179,460.90917852095174,1436.9501219794154,2665.5674110285754,2908.106584555061,lgbm,2026-03-30,107,final,A-Z,False,False,False
750101310014,TLJ,3,2026-04-20,84.11295207174567,455.20213679962944,1578.0780809107653,2720.9110337463912,3689.1507825489634,lgbm,2026-03-30,107,final,A-Z,False,False,False
750101310014,TLJ,4,2026-04-27,65.41951011937647,423.4237712590817,1625.210349322249,2878.5670638073666,3807.5121255894433,lgbm,2026-03-30,107,final,A-Z,False,False,False
750101310014,TLJ,5,2026-05-04,0.0,305.3266153250066,1541.8668424432278,2860.319699398861,3791.864828046697,lgbm,2026-03-30,107,final,A-Z,False,False,False
750101310014,TLJ,6,2026-05-11,0.0,280.8707398169953,1584.1877686221715,3010.4839615109245,4066.0342351626796,lgbm,2026-03-30,107,final,A-Z,False,False,False
750101310014,TLJ,7,2026-05-18,9.62890692135693,353.3063439460079,1563.4717247911635,2696.3958684812906,3646.5385051110625,lgbm,2026-03-30,107,final,A-Z,False,False,False
750101310014,TLJ,8,2026-05-25,0.0,349.3750011767072,1512.9093112832259,2728.4218897306346,3624.750105475651,lgbm,2026-03-30,107,final,A-Z,False,False,False
750101310014,VHSA,1,2026-04-06,294.23046696347774,410.1193612456475,1016.3005563641793,1681.3797778497042,1920.6354227834404,lgbm,2026-03-30,107,final,A-Z,False,False,False
750101310014,VHSA,2,2026-04-13,274.36603401534614,391.13247868806286,1018.8735193303763,1726.1244531554694,1985.6275545711637,lgbm,2026-03-30,107,final,A-Z,False,False,False
750101310014,VHSA,3,2026-04-20,202.30976310729602,370.3172164402326,1099.626861575652,1790.6510396951378,2129.447149056822,lgbm,2026-03-30,107,final,A-Z,False,False,False
750101310014,VHSA,4,2026-04-27,229.9422282815803,369.61955150047487,1125.1490963147526,1862.1415702273082,2101.6428256359977,lgbm,2026-03-30,107,final,A-Z,False,False,False
750101310014,VHSA,5,2026-05-04,192.97646757508028,264.88445798840684,1093.859355443065,1875.3146782275421,2126.629232076938,lgbm,2026-03-30,107,final,A-Z,False,False,False
750101310014,VHSA,6,2026-05-11,128.1588866992679,219.51718017400214,1116.8428528846132,2007.062053476381,2307.206749801107,lgbm,2026-03-30,107,final,A-Z,False,False,False
750101310014,VHSA,7,2026-05-18,188.77426211440184,310.13019360989585,1109.1029281191372,1799.549004894183,2121.9172063831415,lgbm,2026-03-30,107,final,A-Z,False,False,False
750101310014,VHSA,8,2026-05-25,208.7892622085384,268.3621398543558,1024.770171904468,1815.8052689901838,2014.9364987867848,lgbm,2026-03-30,107,final,A-Z,False,False,False
750101310054,CCUL,1,2026-04-06,2528.357855090404,2927.404704818363,4348.250085261812,6233.656097238949,7118.480914473151,lgbm,2026-03-30,107,final,A-Y,False,False,False
750101310054,CCUL,2,2026-04-13,2433.3795349866505,2917.649938513478,4577.083001862434,6915.451576749385,7729.801875927019,lgbm,2026-03-30,107,final,A-Y,False,False,False
750101310054,CCUL,3,2026-04-20,2098.655415830297,2247.0689849580367,4168.031405984577,6291.025027955345,7021.361689747655,lgbm,2026-03-30,107,final,A-Y,False,False,False
750101310054,CCUL,4,2026-04-27,2343.296294656541,2362.0331300445123,4375.109592558168,7023.263885312741,7462.321756170147,lgbm,2026-03-30,107,final,A-Y,False,False,False
750101310054,CCUL,5,2026-05-04,1856.8329116790512,2089.1745779517655,4093.860968010274,6320.445218263243,6958.949402772978,lgbm,2026-03-30,107,final,A-Y,False,False,False
750101310054,CCUL,6,2026-05-11,1966.5751940112582,2035.3469431531446,4307.120058612223,6723.785712839367,7296.572291796618,lgbm,2026-03-30,107,final,A-Y,False,False,False
750101310054,CCUL,7,2026-05-18,2007.0256518065316,2198.64702914926,4025.1868207425855,5850.029102892377,6366.78671711295,lgbm,2026-03-30,107,final,A-Y,False,False,False
750101310054,CCUL,8,2026-05-25,1885.1094006815279,1987.0627750302617,3964.289790663203,6248.589511651429,6598.274616871152,lgbm,2026-03-30,107,final,A-Y,False,False,False
750101310054,CMD2,1,2026-04-06,1488.2025954123444,1632.7756677463199,2745.84200857192,3790.6146908076753,4129.772789415073,lgbm,2026-03-30,107,final,A-Y,False,False,False
750101310054,CMD2,2,2026-04-13,1393.2357399695006,1509.4173197016044,2843.1477920419497,4523.570026670576,4597.836472406809,lgbm,2026-03-30,107,final,A-Y,False,False,False
750101310054,CMD2,3,2026-04-20,1229.5516480595384,1362.5974397264713,2630.6187052356568,3869.7012338556247,4055.874193797181,lgbm,2026-03-30,107,final,A-Y,False,False,False
750101310054,CMD2,4,2026-04-27,1315.4945606103545,1425.3706516631305,2679.1403894927766,4320.4630127758855,4414.113565149106,lgbm,2026-03-30,107,final,A-Y,False,False,False
750101310054,CMD2,5,2026-05-04,1151.04302521084,1263.4653271906363,2485.6351564683846,3879.0001228354727,4055.398853437251,lgbm,2026-03-30,107,final,A-Y,False,False,False
750101310054,CMD2,6,2026-05-11,1025.320084012429,1230.8710308238976,2504.1207305041366,4143.48330546338,4181.651345184074,lgbm,2026-03-30,107,final,A-Y,False,False,False
750101310054,CMD2,7,2026-05-18,1141.0530176227476,1244.5484726544994,2436.278888089488,3587.4936548449377,3776.1725736496264,lgbm,2026-03-30,107,final,A-Y,False,False,False
750101310054,CMD2,8,2026-05-25,958.052213359727,1000.7799424429242,2370.2946120613624,3778.8187096211864,3859.9408485281547,lgbm,2026-03-30,107,final,A-Y,False,False,False
750101310054,CMTY,1,2026-04-06,813.5974037763123,878.6163786155137,1262.7857986857919,1752.263283303751,1925.7534756911127,lgbm,2026-03-30,107,final,A-Y,False,False,False
750101310054,CMTY,2,2026-04-13,823.7240311948458,824.8029979834222,1322.1682324419778,1977.3333169922942,2122.45879277972,lgbm,2026-03-30,107,final,A-Y,False,False,False
750101310054,CMTY,3,2026-04-20,728.333009594262,750.467392088926,1192.6230606300207,1765.2069470065205,1927.5682702367503,lgbm,2026-03-30,107,final,A-Y,False,False,False
750101310054,CMTY,4,2026-04-27,767.1132392185161,769.8876587643967,1355.3691341541223,2080.5171986940286,2147.0637156054445,lgbm,2026-03-30,107,final,A-Y,False,False,False
750101310054,CMTY,5,2026-05-04,731.3639732596819,750.2739616243023,1195.007714384366,1819.9847303016695,1921.1946868149387,lgbm,2026-03-30,107,final,A-Y,False,False,False
750101310054,CMTY,6,2026-05-11,675.49416643575,709.0923485883598,1261.2086416318361,1970.1882595882448,2077.8005426729605,lgbm,2026-03-30,107,final,A-Y,False,False,False
750101310054,CMTY,7,2026-05-18,741.9553547663206,747.2418385357543,1255.5746633874926,1805.7057800540967,1901.4773295927052,lgbm,2026-03-30,107,final,A-Y,False,False,False
750101310054,CMTY,8,2026-05-25,688.4946822723346,706.4216183618765,1200.241097312189,1890.5043826452018,1951.5812820155854,lgbm,2026-03-30,107,final,A-Y,False,False,False
750101310054,MXLI,1,2026-04-06,279.35269743280264,335.17345625688097,579.8147498558011,873.1856395841787,988.9001562910288,lgbm,2026-03-30,107,final,A-Y,False,False,False
750101310054,MXLI,2,2026-04-13,296.17583429089814,333.46503040401257,608.906703979221,953.5070384302069,1051.7556172613495,lgbm,2026-03-30,107,final,A-Y,False,False,False
750101310054,MXLI,3,2026-04-20,258.47068774700716,262.1000138302329,557.3947499339722,896.4610032915803,991.1291847879259,lgbm,2026-03-30,107,final,A-Y,False,False,False
750101310054,MXLI,4,2026-04-27,197.11811258306747,197.41567820454227,566.1419718192709,980.5211071642435,1021.2086116260224,lgbm,2026-03-30,107,final,A-Y,False,False,False
750101310054,MXLI,5,2026-05-04,225.67572030776418,240.16828491452583,540.1177300544043,921.761338591467,991.4052487142989,lgbm,2026-03-30,107,final,A-Y,False,False,False
750101310054,MXLI,6,2026-05-11,200.27546582282764,215.0350305724281,566.0927459206713,961.0010240837563,1034.2258150354016,lgbm,2026-03-30,107,final,A-Y,False,False,False
750101310054,MXLI,7,2026-05-18,237.74354771536602,258.6611336219602,537.4979574300465,847.9852235562853,906.4173522670775,lgbm,2026-03-30,107,final,A-Y,False,False,False
750101310054,MXLI,8,2026-05-25,224.5883431052598,231.42608129846397,525.6187697665281,874.135031376579,934.4416066078862,lgbm,2026-03-30,107,final,A-Y,False,False,False
750101310054,TLJ,1,2026-04-06,807.112006277431,887.7271820045854,1441.1682432364837,1943.469373330628,2122.2689452468503,lgbm,2026-03-30,107,final,A-Y,False,False,False
750101310054,TLJ,2,2026-04-13,816.3978948827286,821.271039159454,1524.0012135465763,2398.9082256749407,2401.851996959344,lgbm,2026-03-30,107,final,A-Y,False,False,False
750101310054,TLJ,3,2026-04-20,725.4202597084982,735.6187639388476,1409.6063215300128,1998.3977753292618,2139.363970125904,lgbm,2026-03-30,107,final,A-Y,False,False,False
750101310054,TLJ,4,2026-04-27,717.8539598318667,774.5309679493921,1446.5982626527311,2226.8911338287503,2247.498353263746,lgbm,2026-03-30,107,final,A-Y,False,False,False
750101310054,TLJ,5,2026-05-04,682.5314332050236,701.8186606730167,1350.2596655659167,2020.3250973579748,2135.3949753464194,lgbm,2026-03-30,107,final,A-Y,False,False,False
750101310054,TLJ,6,2026-05-11,646.8056329271111,684.9492693056953,1387.1728480601907,2123.9673263089667,2207.717596665639,lgbm,2026-03-30,107,final,A-Y,False,False,False
750101310054,TLJ,7,2026-05-18,657.1352133938759,662.7456444767571,1331.088513905753,1849.9339589862716,1991.778828213331,lgbm,2026-03-30,107,final,A-Y,False,False,False
750101310054,TLJ,8,2026-05-25,626.8183381486149,627.5462289911,1303.0441592798798,1958.366317098965,2065.1528352594014,lgbm,2026-03-30,107,final,A-Y,False,False,False
750101310054,VHSA,1,2026-04-06,170.9592480700714,180.6404204552817,341.5579184652893,509.93473291735813,566.659054600463,lgbm,2026-03-30,107,final,A-Y,False,False,False
750101310054,VHSA,2,2026-04-13,168.78593747817308,173.71799010280924,354.21243852480865,585.3183238888398,591.3722250696995,lgbm,2026-03-30,107,final,A-Y,False,False,False
750101310054,VHSA,3,2026-04-20,140.2832064774422,156.63011077277758,332.01692809992636,526.6029103720462,561.5390732088462,lgbm,2026-03-30,107,final,A-Y,False,False,False
750101310054,VHSA,4,2026-04-27,0.0,138.13088460694286,332.12170614841943,568.2102741077039,1614.5244271735803,lgbm,2026-03-30,107,final,A-Y,False,False,False
750101310054,VHSA,5,2026-05-04,0.0,123.91822248434981,312.16556779198015,529.1304412329489,1593.6214606819763,lgbm,2026-03-30,107,final,A-Y,False,False,False
750101310054,VHSA,6,2026-05-11,0.0,111.60225810973417,307.74445012151875,548.9121378744093,1617.3892110455154,lgbm,2026-03-30,107,final,A-Y,False,False,False
750101310054,VHSA,7,2026-05-18,0.0,135.93762963919937,301.3960802386126,483.7026245159395,1547.1280811114168,lgbm,2026-03-30,107,final,A-Y,False,False,False
750101310054,VHSA,8,2026-05-25,0.0,130.30044441098465,290.88598144035996,497.09710600602114,1565.5665407565793,lgbm,2026-03-30,107,final,A-Y,False,False,False
750101310055,CCUL,1,2026-04-06,532.5407638955949,680.1756136305315,1770.5845065427998,3009.60869090944,3035.577769064199,lgbm,2026-03-30,106,final,A-Z,False,False,False
750101310055,CCUL,2,2026-04-13,482.73024576969635,615.4035466542954,1832.9594290365762,3224.114048618639,3236.614600751694,lgbm,2026-03-30,106,final,A-Z,False,False,False
750101310055,CCUL,3,2026-04-20,455.56640638887916,524.4880123546166,1709.6613046744824,3047.007678348038,3079.812441803249,lgbm,2026-03-30,106,final,A-Z,False,False,False
750101310055,CCUL,4,2026-04-27,414.30642102966215,466.87307985699226,1890.3028792029659,3360.942858039665,3412.1152350712346,lgbm,2026-03-30,106,final,A-Z,False,False,False
750101310055,CCUL,5,2026-05-04,342.062241647698,491.8396134996856,1680.9946912655814,3006.965123144104,3120.764507420141,lgbm,2026-03-30,106,final,A-Z,False,False,False
750101310055,CCUL,6,2026-05-11,351.0374729569306,454.81402942664,1730.35947997625,3073.7428168564184,3129.4712683732655,lgbm,2026-03-30,106,final,A-Z,False,False,False
750101310055,CCUL,7,2026-05-18,332.54745630338186,499.81916304649064,1638.530681019961,2869.5155371469655,3010.520882572627,lgbm,2026-03-30,106,final,A-Z,False,False,False
750101310055,CCUL,8,2026-05-25,312.7928261073632,422.48567119466634,1571.309235156597,2942.892949418224,3054.125032638795,lgbm,2026-03-30,106,final,A-Z,False,False,False
750101310055,CMD2,1,2026-04-06,1194.8808984513844,1739.9834665975698,4061.589089643753,5607.8619622893975,6275.076348477852,lgbm,2026-03-30,104,final,A-Z,False,False,False
750101310055,CMD2,2,2026-04-13,1057.310203489974,1554.3818006347715,4086.8209474004566,5820.787773071959,6377.233086903352,lgbm,2026-03-30,104,final,A-Z,False,False,False
750101310055,CMD2,3,2026-04-20,1080.2179857661097,1352.4152062972682,4002.1520133048457,5759.954388918403,6323.571369201645,lgbm,2026-03-30,104,final,A-Z,False,False,False
750101310055,CMD2,4,2026-04-27,1031.2436905650952,1324.4722489547305,4157.1108198600705,6089.35576719868,6668.911394889946,lgbm,2026-03-30,104,final,A-Z,False,False,False
750101310055,CMD2,5,2026-05-04,893.1122523890197,1175.1888903404538,3857.3181336944795,5807.233032614844,6403.127533864654,lgbm,2026-03-30,104,final,A-Z,False,False,False
750101310055,CMD2,6,2026-05-11,924.9548358572686,1127.1795761193823,3867.3610375383832,5900.538288959975,6347.242003747835,lgbm,2026-03-30,104,final,A-Z,False,False,False
750101310055,CMD2,7,2026-05-18,938.4662354609613,1216.992784692864,3739.8044423062315,5500.537670739455,6136.663755955091,lgbm,2026-03-30,104,final,A-Z,False,False,False
750101310055,CMD2,8,2026-05-25,847.7149096426886,1055.6276246739062,3542.201385768485,5632.988919081683,6240.987974393484,lgbm,2026-03-30,104,final,A-Z,False,False,False
750101310055,CMTY,1,2026-04-06,84.79021753978361,650.0183708469749,1916.798133880013,2642.5601650701274,3810.409870302053,lgbm,2026-03-30,106,final,A-Z,False,False,False
750101310055,CMTY,2,2026-04-13,57.65164721123483,626.6216205375486,1947.7333311756333,2741.3127744360722,4101.964754132541,lgbm,2026-03-30,106,final,A-Z,False,False,False
750101310055,CMTY,3,2026-04-20,26.0851079775598,450.95714416438784,1866.0477011592468,2750.7544549896547,3823.872550086505,lgbm,2026-03-30,106,final,A-Z,False,False,False
750101310055,CMTY,4,2026-04-27,4.919094769833009,417.93615851785944,1915.5723048032773,2944.677077029597,4060.3682246184676,lgbm,2026-03-30,106,final,A-Z,False,False,False
750101310055,CMTY,5,2026-05-04,0.0,359.01560500734104,1792.8839093659892,2829.3485263160824,3892.5529187653005,lgbm,2026-03-30,106,final,A-Z,False,False,False
750101310055,CMTY,6,2026-05-11,0.0,374.6811245268841,1810.160139501354,2847.1812059891035,3915.346681875298,lgbm,2026-03-30,106,final,A-Z,False,False,False
750101310055,CMTY,7,2026-05-18,0.0,0.0,1745.7760543631935,3818.2736305603157,4431.360597538581,lgbm,2026-03-30,106,final,A-Z,False,False,False
750101310055,CMTY,8,2026-05-25,0.0,0.0,1642.3067050034401,3844.2557264081242,4447.919214477734,lgbm,2026-03-30,106,final,A-Z,False,False,False
750101310055,MXLI,1,2026-04-06,0.0,0.0,544.8519460313574,1128.0409780042503,1708.5952899500164,lgbm,2026-03-30,105,final,A-Z,False,False,False
750101310055,MXLI,2,2026-04-13,0.0,0.0,560.7847706417799,1133.8237628756015,1771.5042950699035,lgbm,2026-03-30,105,final,A-Z,False,False,False
750101310055,MXLI,3,2026-04-20,0.0,0.0,535.5386177006059,1129.0549813806779,1678.0149109618396,lgbm,2026-03-30,105,final,A-Z,False,False,False
750101310055,MXLI,4,2026-04-27,0.0,0.0,553.7908635530825,1163.7031104503817,1711.9111088741145,lgbm,2026-03-30,105,final,A-Z,False,False,False
750101310055,MXLI,5,2026-05-04,0.0,0.0,519.88867057773,1148.2656763816165,1691.0085046333402,lgbm,2026-03-30,105,final,A-Z,False,False,False
750101310055,MXLI,6,2026-05-11,0.0,0.0,517.3105200518172,1097.2920170442703,1690.8901349307212,lgbm,2026-03-30,105,final,A-Z,False,False,False
750101310055,MXLI,7,2026-05-18,0.0,0.0,509.24630896306417,1571.9966546970063,1660.3024722007779,lgbm,2026-03-30,105,final,A-Z,False,False,False
750101310055,MXLI,8,2026-05-25,0.0,0.0,485.00304185104386,1607.1481817386734,1664.5546282671378,lgbm,2026-03-30,105,final,A-Z,False,False,False
750101310055,TLJ,1,2026-04-06,449.84466397327856,630.3402534611921,1545.3250781185036,2372.8566749271095,2636.229238624129,lgbm,2026-03-30,107,final,A-Z,False,False,False
750101310055,TLJ,2,2026-04-13,477.40439182240846,545.8332975965868,1666.9018347357023,2646.6761205529665,2731.1660997192307,lgbm,2026-03-30,107,final,A-Z,False,False,False
750101310055,TLJ,3,2026-04-20,406.6767672377182,459.2154285180517,1532.9537389088011,2453.825801683211,2680.6710465106858,lgbm,2026-03-30,107,final,A-Z,False,False,False
750101310055,TLJ,4,2026-04-27,390.01529092393264,482.5804241525791,1610.6684550594127,2523.412408461878,2800.1068334883685,lgbm,2026-03-30,107,final,A-Z,False,False,False
750101310055,TLJ,5,2026-05-04,309.5144878140916,425.2773759417573,1489.551728124259,2388.717345958495,2713.418496430986,lgbm,2026-03-30,107,final,A-Z,False,False,False
750101310055,TLJ,6,2026-05-11,320.40586481107573,403.3859368709319,1543.6825414072127,2428.770632083678,2685.0094226376577,lgbm,2026-03-30,107,final,A-Z,False,False,False
750101310055,TLJ,7,2026-05-18,274.1931999221813,403.2058697801997,1483.1924526261382,2354.8080936565957,2668.1226995964735,lgbm,2026-03-30,107,final,A-Z,False,False,False
750101310055,TLJ,8,2026-05-25,269.44152259700195,402.02552089040637,1421.7754620123137,2313.651171652382,2664.968567582952,lgbm,2026-03-30,107,final,A-Z,False,False,False
750101310055,VHSA,1,2026-04-06,98.18588450861353,216.05637229219653,637.1445463406429,975.7983843672481,1102.4128579629407,lgbm,2026-03-30,93,final,A-Z,False,False,False
750101310055,VHSA,2,2026-04-13,96.32369015883853,189.0751449314302,617.1648309871907,979.3967986468663,1076.5114608397917,lgbm,2026-03-30,93,final,A-Z,False,False,False
750101310055,VHSA,3,2026-04-20,81.97379748225853,156.27369691299424,609.3509579756002,981.1664648372212,1082.2203554568234,lgbm,2026-03-30,93,final,A-Z,False,False,False
750101310055,VHSA,4,2026-04-27,79.60544067079633,113.42889435034846,634.3661836402324,1091.130030841885,1123.1998073506297,lgbm,2026-03-30,93,final,A-Z,False,False,False
750101310055,VHSA,5,2026-05-04,56.3672019747936,92.54215391756082,572.1696118633067,1072.7562898461044,1090.508617251162,lgbm,2026-03-30,93,final,A-Z,False,False,False
750101310055,VHSA,6,2026-05-11,53.47303245742694,87.72644125785439,572.1088987862763,1082.862464505278,1097.2933889140763,lgbm,2026-03-30,93,final,A-Z,False,False,False
750101310055,VHSA,7,2026-05-18,40.682032410778675,115.78221265154212,584.0811050819319,985.5903312477367,1098.0975939327122,lgbm,2026-03-30,93,final,A-Z,False,False,False
750101310055,VHSA,8,2026-05-25,39.035996515240015,103.2287450362384,533.890811092133,998.0520014283148,1092.4172888158746,lgbm,2026-03-30,93,final,A-Z,False,False,False
750101310119,CMD2,1,2026-04-06,0.0,0.0,56.33261186677107,135.33866313672596,499.69769126981566,lgbm,2026-03-30,107,final,A-Z,False,False,False
750101310119,CMD2,2,2026-04-13,0.0,0.0,54.056808581360066,121.13627357676043,498.84598765565636,lgbm,2026-03-30,107,final,A-Z,False,False,False
750101310119,CMD2,3,2026-04-20,0.0,0.0,54.17299344275094,126.27401698994049,501.69907357370363,lgbm,2026-03-30,107,final,A-Z,False,False,False
750101310119,CMD2,4,2026-04-27,0.0,0.0,56.31018252472085,133.55219965223077,379.2946954632244,lgbm,2026-03-30,107,final,A-Z,False,False,False
750101310119,CMD2,5,2026-05-04,0.0,0.0,52.57481972881874,120.38269432166311,473.9419267184836,lgbm,2026-03-30,107,final,A-Z,False,False,False
750101310119,CMD2,6,2026-05-11,0.0,0.0,53.913531804609555,128.17326540904733,503.0157827014963,lgbm,2026-03-30,107,final,A-Z,False,False,False
750101310119,CMD2,7,2026-05-18,0.0,0.0,50.70173938160448,118.43194021049956,462.6657605061728,lgbm,2026-03-30,107,final,A-Z,False,False,False
750101310119,CMD2,8,2026-05-25,0.0,0.0,48.920166698063085,117.4995231591548,472.96871928856643,lgbm,2026-03-30,107,final,A-Z,False,False,False
750101310119,CMTY,1,2026-04-06,0.0,0.0,38.435140167781505,265.56377794747283,1871.7969312282635,lgbm,2026-03-30,107,final,A-Z,False,False,False
750101310119,CMTY,2,2026-04-13,0.0,0.0,163.09596578538887,277.4223723926177,1871.5781363398664,lgbm,2026-03-30,107,final,A-Z,False,False,False
750101310119,CMTY,3,2026-04-20,0.0,0.0,170.77676095702725,288.6974267532405,1871.0768215310525,lgbm,2026-03-30,107,final,A-Z,False,False,False
750101310119,CMTY,4,2026-04-27,0.0,0.0,172.14061357646483,287.9023975685416,1871.6466481131934,lgbm,2026-03-30,107,final,A-Z,False,False,False
750101310119,CMTY,5,2026-05-04,0.0,0.0,171.45699630700454,288.9770559885403,1872.0845836736398,lgbm,2026-03-30,107,final,A-Z,False,False,False
750101310119,CMTY,6,2026-05-11,0.0,0.0,162.1993386786469,280.20983784197324,1875.6911224410624,lgbm,2026-03-30,107,final,A-Z,False,False,False
750101310119,CMTY,7,2026-05-18,0.0,0.0,259.44604504440395,779.2136469296573,1869.6094154619832,lgbm,2026-03-30,107,final,A-Z,False,False,False
750101310119,CMTY,8,2026-05-25,0.0,0.0,274.1186725862997,783.7176223498908,1872.2532597014792,lgbm,2026-03-30,107,final,A-Z,False,False,False
750101310119,TLJ,1,2026-04-06,0.0,0.0,24.398879550626823,79.5436424670535,83.87925831101951,lgbm,2026-03-30,107,final,A-Z,True,False,False
750101310119,TLJ,2,2026-04-13,0.0,0.0,24.639720639578453,84.43071803384179,86.93182264486308,lgbm,2026-03-30,107,final,A-Z,True,False,False
750101310119,TLJ,3,2026-04-20,0.0,0.0,24.926867072845454,88.34862654862839,179.73069284964743,lgbm,2026-03-30,107,final,A-Z,True,False,False
750101310119,TLJ,4,2026-04-27,0.0,0.0,22.613538231197193,90.74953417847203,1519.4551842011542,lgbm,2026-03-30,107,final,A-Z,True,False,False
750101310119,TLJ,5,2026-05-04,0.0,0.0,23.365731725381572,89.47859420654606,1282.3531314640377,lgbm,2026-03-30,107,final,A-Z,True,False,False
750101310119,TLJ,6,2026-05-11,0.0,0.0,23.08378834120692,90.40264623142298,1494.6705572447056,lgbm,2026-03-30,107,final,A-Z,True,False,False
750101310119,TLJ,7,2026-05-18,0.0,0.0,93.59277924261843,418.350217421194,1682.9571252658852,lgbm,2026-03-30,107,final,A-Z,True,False,False
750101310119,TLJ,8,2026-05-25,0.0,0.0,97.59700460500997,418.5390295492481,1510.082082398516,lgbm,2026-03-30,107,final,A-Z,True,False,False
750101310276,VHSA,1,2026-04-06,161.10827641791747,230.76198131365584,358.41578374154847,429.7123541215629,517.398887850097,lgbm,2026-03-30,107,final,A-X,False,False,False
750101310276,VHSA,2,2026-04-13,148.8638392180752,221.98752180820202,360.6235226493969,429.6046892174273,512.5067311642449,lgbm,2026-03-30,107,final,A-X,False,False,False
750101310276,VHSA,3,2026-04-20,153.98509702532235,216.13141508360252,357.1230657092956,428.74276546111327,517.0497729045491,lgbm,2026-03-30,107,final,A-X,False,False,False
750101310276,VHSA,4,2026-04-27,154.54885807383394,211.59032294945152,340.39166636869106,438.0833622751404,516.608334290436,lgbm,2026-03-30,107,final,A-X,False,False,False
750101310276,VHSA,5,2026-05-04,149.74006113345274,208.34976610435388,336.85314961151045,435.8815853614508,509.16605658789507,lgbm,2026-03-30,107,final,A-X,False,False,False
750101310276,VHSA,6,2026-05-11,141.5705038213455,203.71142042510675,327.62388327554254,441.09006813620255,512.9895061298715,lgbm,2026-03-30,107,final,A-X,False,False,False
750101310276,VHSA,7,2026-05-18,146.75637883194034,206.21586842991445,331.7735881970069,421.3512523537716,505.36398002580165,lgbm,2026-03-30,107,final,A-X,False,False,False
750101310276,VHSA,8,2026-05-25,130.1176575107951,190.2662240579564,316.7648168318722,423.30264919280177,503.54974745247057,lgbm,2026-03-30,107,final,A-X,False,False,False
750101310278,CCUL,1,2026-04-06,1742.729356603481,1878.9516277718024,2677.732996664601,3405.7695679835633,3440.9164865770726,lgbm,2026-03-30,107,final,A-Z,False,False,False
750101310278,CCUL,2,2026-04-13,1656.7468579425595,1841.412245564593,2797.8244036124556,3559.893568864863,3601.9294985286356,lgbm,2026-03-30,107,final,A-Z,False,False,False
750101310278,CCUL,3,2026-04-20,1679.7961349819195,1747.5409994904683,2626.3058091903563,3389.147652934395,3395.894317136975,lgbm,2026-03-30,107,final,A-Z,False,False,False
750101310278,CCUL,4,2026-04-27,1554.4480039845753,1921.0543675273968,2962.4518099118413,3741.0452642980244,4175.608221639539,lgbm,2026-03-30,107,final,A-Z,False,False,False
750101310278,CCUL,5,2026-05-04,1376.5186355040125,1540.1025394034157,2706.774453831562,3818.6021824565914,3860.533445563967,lgbm,2026-03-30,107,final,A-Z,False,False,False
750101310278,CCUL,6,2026-05-11,1356.5459053125892,1617.595908782107,2938.0357209500726,4013.465395153216,4145.325889934349,lgbm,2026-03-30,107,final,A-Z,False,False,False
750101310278,CCUL,7,2026-05-18,1352.6727373201961,1497.6314134545933,2512.752757292717,3250.1257726903036,3335.2264977257996,lgbm,2026-03-30,107,final,A-Z,False,False,False
750101310278,CCUL,8,2026-05-25,1047.3953844960147,1208.2690762269713,1897.0288288199813,3104.531064056359,3289.760734498155,lgbm,2026-03-30,107,final,A-Z,False,False,False
750101310278,CMD2,1,2026-04-06,27274.966967417713,31834.993893090625,40518.13323385899,47844.98797904432,53449.783936197746,lgbm,2026-03-30,107,final,A-Z,False,False,False
750101310278,CMD2,2,2026-04-13,28025.345751796893,32127.7735503909,42577.364839080066,51040.02644853321,54906.6490642366,lgbm,2026-03-30,107,final,A-Z,False,False,False
750101310278,CMD2,3,2026-04-20,26808.732733203702,28677.88020734266,41194.98272952454,51114.68556040629,54610.29239374751,lgbm,2026-03-30,107,final,A-Z,False,False,False
750101310278,CMD2,4,2026-04-27,28221.92705793264,30921.219605188708,46130.259090809996,57682.30305371991,59402.37091487299,lgbm,2026-03-30,107,final,A-Z,False,False,False
750101310278,CMD2,5,2026-05-04,24028.138299777005,29993.36469214504,41743.70365910439,50321.75208095362,57166.90596828223,lgbm,2026-03-30,107,final,A-Z,False,False,False
750101310278,CMD2,6,2026-05-11,24109.473606898486,29986.985274992352,43804.23180371682,52643.9030749685,58884.175881221265,lgbm,2026-03-30,107,final,A-Z,False,False,False
750101310278,CMD2,7,2026-05-18,22653.7210254153,26940.1262514809,38228.98416768978,46859.852355147385,52598.18023120268,lgbm,2026-03-30,107,final,A-Z,False,False,False
750101310278,CMD2,8,2026-05-25,17690.491732127917,19682.319240663997,27390.28791320715,44520.595978630045,49038.92694669008,lgbm,2026-03-30,107,final,A-Z,False,False,False
750101310278,CMTY,1,2026-04-06,14020.690332595346,16016.62267670331,19166.24868780743,22874.493834857945,24352.25778015331,lgbm,2026-03-30,107,final,A-Z,False,False,False
750101310278,CMTY,2,2026-04-13,13452.31895529353,15903.884029169132,19968.438742036644,23965.638182156636,26173.468221814863,lgbm,2026-03-30,107,final,A-Z,False,False,False
750101310278,CMTY,3,2026-04-20,13699.842806918605,14975.43079559989,19332.23858987621,23457.309112343828,24687.623191752806,lgbm,2026-03-30,107,final,A-Z,False,False,False
750101310278,CMTY,4,2026-04-27,13399.056411421247,15315.699155983617,21985.90663992626,27662.28493137402,28822.17047023724,lgbm,2026-03-30,107,final,A-Z,False,False,False
750101310278,CMTY,5,2026-05-04,12290.91071941004,14616.362447303223,19957.48310486008,24628.03070795833,26760.51854083536,lgbm,2026-03-30,107,final,A-Z,False,False,False
750101310278,CMTY,6,2026-05-11,12874.591188901324,15854.59735844591,21745.885756406828,25421.613046805967,27781.5508861713,lgbm,2026-03-30,107,final,A-Z,False,False,False
750101310278,CMTY,7,2026-05-18,11958.64181021499,14181.683809085454,18558.756912854948,22612.204819523282,25403.83797522066,lgbm,2026-03-30,107,final,A-Z,False,False,False
750101310278,CMTY,8,2026-05-25,9854.665447542,11191.825254203315,15041.902535865474,21845.311272058378,23810.072752895536,lgbm,2026-03-30,107,final,A-Z,False,False,False
750101310278,MXLI,1,2026-04-06,1365.717512226026,1570.846828646043,2037.3557466365157,2458.1451803856753,2614.822953701751,lgbm,2026-03-30,107,final,A-Z,False,False,False
750101310278,MXLI,2,2026-04-13,1320.0104583434447,1590.1337585693414,2146.109737713605,2668.7516388335143,2832.7165640972357,lgbm,2026-03-30,107,final,A-Z,False,False,False
750101310278,MXLI,3,2026-04-20,1336.5177618707107,1504.262721323065,2064.189043381906,2551.3322010018323,2678.7705815469094,lgbm,2026-03-30,107,final,A-Z,False,False,False
750101310278,MXLI,4,2026-04-27,1276.1220393399146,1506.9465500581884,2345.464606872424,3012.2865308529636,3115.5940374083607,lgbm,2026-03-30,107,final,A-Z,False,False,False
750101310278,MXLI,5,2026-05-04,1181.9386562391837,1445.720259599882,2113.677163958602,2690.764856818749,2950.9613506185037,lgbm,2026-03-30,107,final,A-Z,False,False,False
750101310278,MXLI,6,2026-05-11,1203.9744005245213,1576.8060951090047,2251.5539978880934,2728.498763269482,3026.6595080261845,lgbm,2026-03-30,107,final,A-Z,False,False,False
750101310278,MXLI,7,2026-05-18,1152.0965333176155,1395.8986913935212,2009.840595520039,2412.2961769081357,2675.5650044374247,lgbm,2026-03-30,107,final,A-Z,False,False,False
750101310278,MXLI,8,2026-05-25,1050.0211559866414,1263.1786094253705,1535.049339141516,2216.4824352463993,2494.4925086056705,lgbm,2026-03-30,107,final,A-Z,False,False,False
750101310278,TLJ,1,2026-04-06,7300.346947450436,8581.47808663738,10913.714669465637,12845.338222339637,13964.445843853146,lgbm,2026-03-30,107,final,A-Z,False,False,False
750101310278,TLJ,2,2026-04-13,7183.974956610059,8552.364385958948,11390.195627283225,13760.178039987188,14561.106300916947,lgbm,2026-03-30,107,final,A-Z,False,False,False
750101310278,TLJ,3,2026-04-20,7141.240092517284,8085.54756151092,11139.756170092005,13596.053027033897,14443.106176189307,lgbm,2026-03-30,107,final,A-Z,False,False,False
750101310278,TLJ,4,2026-04-27,7456.2769824113,8809.727714174456,12338.362460247718,14939.332911611711,16099.767956517766,lgbm,2026-03-30,107,final,A-Z,False,False,False
750101310278,TLJ,5,2026-05-04,6712.5993851572475,8327.225715609024,11297.558841628794,13617.506282214843,14775.812066119888,lgbm,2026-03-30,107,final,A-Z,False,False,False
750101310278,TLJ,6,2026-05-11,6684.6927247135445,8313.520191592745,11909.762220807248,14406.285751450801,15469.847909883976,lgbm,2026-03-30,107,final,A-Z,False,False,False
750101310278,TLJ,7,2026-05-18,6160.217096282213,7362.2501630131355,10951.121870673753,13933.10142705325,14533.117790748433,lgbm,2026-03-30,107,final,A-Z,False,False,False
750101310278,TLJ,8,2026-05-25,5264.140404125472,6201.813097607598,8218.910586292644,11938.924926505695,13288.504724598879,lgbm,2026-03-30,107,final,A-Z,False,False,False
750101310278,VHSA,1,2026-04-06,3892.8135432909,4316.788486577386,6143.972929297558,7665.046332388575,7797.229296827636,lgbm,2026-03-30,107,final,A-Z,False,False,False
750101310278,VHSA,2,2026-04-13,3687.960911649465,4341.217404998299,6546.366678128539,8155.009285619714,8486.395548924012,lgbm,2026-03-30,107,final,A-Z,False,False,False
750101310278,VHSA,3,2026-04-20,3713.0437504754586,4168.481767983885,6130.129335885956,7803.748194750028,8184.381842495262,lgbm,2026-03-30,107,final,A-Z,False,False,False
750101310278,VHSA,4,2026-04-27,3442.2523899492517,4297.363898082942,7023.02017018436,8903.42896108126,9864.334432334621,lgbm,2026-03-30,107,final,A-Z,False,False,False
750101310278,VHSA,5,2026-05-04,3409.8838348660793,4044.6314306807317,6643.341006429453,8596.615049009584,8788.27979947677,lgbm,2026-03-30,107,final,A-Z,False,False,False
750101310278,VHSA,6,2026-05-11,3232.012827291336,4014.5338536462987,6939.704949833252,8921.170538676848,9207.720499722638,lgbm,2026-03-30,107,final,A-Z,False,False,False
750101310278,VHSA,7,2026-05-18,2980.857430055179,3571.6017276862112,5998.424026296338,7666.489544503949,8392.146583028694,lgbm,2026-03-30,107,final,A-Z,False,False,False
750101310278,VHSA,8,2026-05-25,2576.6013107916674,3155.134050181854,4341.158689070381,6808.7471373048875,7383.35662586463,lgbm,2026-03-30,107,final,A-Z,False,False,False
750101310280,CCUL,1,2026-04-06,311.48986766539474,340.12830159953376,438.1240869840241,553.6715880397567,569.7805972775099,lgbm,2026-03-30,107,final,A-X,False,False,False
750101310280,CCUL,2,2026-04-13,316.5403209411602,353.90231201945346,465.34134432779155,587.8368863521546,602.1822203242631,lgbm,2026-03-30,107,final,A-X,False,False,False
750101310280,CCUL,3,2026-04-20,303.45156675841105,333.56385061281173,428.98750652947814,538.0542953129145,552.8351879108981,lgbm,2026-03-30,107,final,A-X,False,False,False
750101310280,CCUL,4,2026-04-27,308.38182998573006,340.85558336311385,459.12992325304145,578.6256789670596,612.4737589973486,lgbm,2026-03-30,107,final,A-X,False,False,False
750101310280,CCUL,5,2026-05-04,305.4097491774556,331.2344327658236,423.8048316598441,534.512394216494,550.2940666592322,lgbm,2026-03-30,107,final,A-X,False,False,False
750101310280,CCUL,6,2026-05-11,309.12179327796264,336.9303861951578,435.3270236923107,540.5244754567555,561.7081753329088,lgbm,2026-03-30,107,final,A-X,False,False,False
750101310280,CCUL,7,2026-05-18,303.6797361386826,329.7628039483235,409.20657371811484,508.2462495328009,526.0122042418138,lgbm,2026-03-30,107,final,A-X,False,False,False
750101310280,CCUL,8,2026-05-25,305.07232842864266,330.71490748931797,389.27347941098907,516.2797330606384,541.5960484538111,lgbm,2026-03-30,107,final,A-X,False,False,False
750101310280,MXLI,1,2026-04-06,313.86770192659674,363.5927013839094,451.9927330842657,561.4966138834644,574.7898001972308,lgbm,2026-03-30,107,final,A-X,False,False,False
750101310280,MXLI,2,2026-04-13,315.60588699569706,373.81482944388426,476.9695903955919,613.9902711613835,633.5204762538116,lgbm,2026-03-30,107,final,A-X,False,False,False
750101310280,MXLI,3,2026-04-20,296.06737079868145,343.57747611183834,435.6099093847024,554.6047505966252,570.7309499905682,lgbm,2026-03-30,107,final,A-X,False,False,False
750101310280,MXLI,4,2026-04-27,307.97242092249184,356.03690280431636,465.1595335139212,592.3356257417829,616.3452756506633,lgbm,2026-03-30,107,final,A-X,False,False,False
750101310280,MXLI,5,2026-05-04,304.336234543244,345.54533281928803,424.5374257526618,557.1228269947429,570.743910497047,lgbm,2026-03-30,107,final,A-X,False,False,False
750101310280,MXLI,6,2026-05-11,303.97688176232083,346.9520576820382,439.06520357901553,560.8291797656996,594.7239891920735,lgbm,2026-03-30,107,final,A-X,False,False,False
750101310280,MXLI,7,2026-05-18,302.5486872840817,343.8673515443429,422.82755301323033,532.6069439760367,549.1312285657953,lgbm,2026-03-30,107,final,A-X,False,False,False
750101310280,MXLI,8,2026-05-25,303.7199646732551,352.49256253573475,441.8700802807754,564.6818218641669,578.0944881068581,lgbm,2026-03-30,107,final,A-X,False,False,False
750101310283,CCUL,1,2026-04-06,563.8892469982801,708.3537247220683,959.0329730471284,1210.8661985908727,1339.1620625714927,lgbm,2026-03-30,107,final,A-Z,False,False,False
750101310283,CCUL,2,2026-04-13,557.2347655855725,692.7971641597175,963.9212981063815,1259.9867191412966,1364.9260638615908,lgbm,2026-03-30,107,final,A-Z,False,False,False
750101310283,CCUL,3,2026-04-20,540.0246558490411,647.5089623554327,968.0768740506207,1287.7762692582876,1475.2667997927065,lgbm,2026-03-30,107,final,A-Z,False,False,False
750101310283,CCUL,4,2026-04-27,548.8226784594817,642.8564756640914,1038.157040973937,1433.9727747160014,1553.2956526133032,lgbm,2026-03-30,107,final,A-Z,False,False,False
750101310283,CCUL,5,2026-05-04,414.46101629784675,566.9638872795299,1039.190349265876,1395.5824507181178,1597.798342580153,lgbm,2026-03-30,107,final,A-Z,False,False,False
750101310283,CCUL,6,2026-05-11,0.0,522.8446718667644,1091.01142152979,1534.725971391531,5851.978559542853,lgbm,2026-03-30,107,final,A-Z,False,False,False
750101310283,CCUL,7,2026-05-18,0.0,606.5391731017611,1056.212975134351,1279.704707662464,5661.452132997125,lgbm,2026-03-30,107,final,A-Z,False,False,False
750101310283,CCUL,8,2026-05-25,0.0,608.4998510207978,1064.0099157162524,1368.3855477815057,5793.4329213234805,lgbm,2026-03-30,107,final,A-Z,False,False,False
750101310283,CMD2,1,2026-04-06,6740.648545606487,8805.662053679109,10230.101021935405,12215.999948499695,14797.438717460213,lgbm,2026-03-30,107,final,A-Z,False,False,False
750101310283,CMD2,2,2026-04-13,6659.275503457395,9118.584545784734,10349.421328287739,12510.030918456203,15884.735369923264,lgbm,2026-03-30,107,final,A-Z,False,False,False
750101310283,CMD2,3,2026-04-20,0.0,7746.298791042114,10714.131741548797,14770.11641123405,60957.81144671602,lgbm,2026-03-30,107,final,A-Z,False,False,False
750101310283,CMD2,4,2026-04-27,0.0,7365.864365953545,11704.24223907095,17038.11566679693,62233.5409881322,lgbm,2026-03-30,107,final,A-Z,False,False,False
750101310283,CMD2,5,2026-05-04,0.0,6485.434914653387,10713.33937958374,16016.168346889113,62511.39661856809,lgbm,2026-03-30,107,final,A-Z,False,False,False
750101310283,CMD2,6,2026-05-11,0.0,5921.215406806257,11795.72369824645,17568.92126946844,63931.36618216493,lgbm,2026-03-30,107,final,A-Z,False,False,False
750101310283,CMD2,7,2026-05-18,0.0,6921.819717927372,10906.906891236653,14276.85027191574,61596.379257839144,lgbm,2026-03-30,107,final,A-Z,False,False,False
750101310283,CMD2,8,2026-05-25,0.0,7203.272575972086,10422.502008430984,14689.237362788837,62683.21780389242,lgbm,2026-03-30,107,final,A-Z,False,False,False
750101310283,CMTY,1,2026-04-06,3136.9906124271624,4222.371631571603,4999.2313305690905,6066.984377309756,7298.261662376826,lgbm,2026-03-30,107,final,A-Z,False,False,False
750101310283,CMTY,2,2026-04-13,2924.5699816059623,4199.337581137671,4991.95102264479,6209.070439537058,7494.390238803737,lgbm,2026-03-30,107,final,A-Z,False,False,False
750101310283,CMTY,3,2026-04-20,0.0,4034.4636995518777,5231.099976151576,6881.648432799967,30365.81955680032,lgbm,2026-03-30,107,final,A-Z,False,False,False
750101310283,CMTY,4,2026-04-27,0.0,3718.1163763755085,5842.468136701105,8262.8322434529,31215.435036542694,lgbm,2026-03-30,107,final,A-Z,False,False,False
750101310283,CMTY,5,2026-05-04,0.0,3137.3621789003387,5710.456961014327,8288.042270941713,31631.201552142596,lgbm,2026-03-30,107,final,A-Z,False,False,False
750101310283,CMTY,6,2026-05-11,0.0,2895.7203234072867,5976.567276502475,8921.25250750066,32374.80927072709,lgbm,2026-03-30,107,final,A-Z,False,False,False
750101310283,CMTY,7,2026-05-18,0.0,3251.320520316588,5828.627472770325,7752.712640386009,31383.889815726157,lgbm,2026-03-30,107,final,A-Z,False,False,False
750101310283,CMTY,8,2026-05-25,0.0,3265.0258579925594,5413.931019697773,7999.107382766944,31874.002134623443,lgbm,2026-03-30,107,final,A-Z,False,False,False
750101310283,MXLI,1,2026-04-06,749.9317965680941,976.3116735847145,1317.212744848728,1599.4095861692872,1846.9814389768742,lgbm,2026-03-30,107,final,A-Z,False,False,False
750101310283,MXLI,2,2026-04-13,712.8795014268949,980.88665817825,1319.1543541160752,1655.4670592766995,1975.919441387763,lgbm,2026-03-30,107,final,A-Z,False,False,False
750101310283,MXLI,3,2026-04-20,0.0,906.9053238306042,1368.8883829510155,1866.0466571559282,7659.026606727191,lgbm,2026-03-30,107,final,A-Z,False,False,False
750101310283,MXLI,4,2026-04-27,0.0,855.6394647798687,1505.8085352284515,2095.6025892315674,7836.996077670348,lgbm,2026-03-30,107,final,A-Z,False,False,False
750101310283,MXLI,5,2026-05-04,0.0,760.5023241228043,1412.1491907265035,2000.3849580127946,7840.752597622952,lgbm,2026-03-30,107,final,A-Z,False,False,False
750101310283,MXLI,6,2026-05-11,0.0,722.0542247404723,1469.0817181425975,2159.1445984741695,7888.245114698166,lgbm,2026-03-30,107,final,A-Z,False,False,False
750101310283,MXLI,7,2026-05-18,0.0,758.4020451960812,1493.362759445424,1904.554986764947,7847.395894529622,lgbm,2026-03-30,107,final,A-Z,False,False,False
750101310283,MXLI,8,2026-05-25,0.0,820.9138878275967,1375.5494039688695,1908.1594964095877,7847.154374947663,lgbm,2026-03-30,107,final,A-Z,False,False,False
750101310283,TLJ,1,2026-04-06,1291.051202452068,1726.4870480209042,2198.248562585294,2646.587185372946,3086.3714969498624,lgbm,2026-03-30,107,final,A-Z,False,False,False
750101310283,TLJ,2,2026-04-13,1260.5166655979585,1689.6590130239972,2181.631629735552,2826.008584274387,3245.64966035649,lgbm,2026-03-30,107,final,A-Z,False,False,False
750101310283,TLJ,3,2026-04-20,0.0,1521.6040786845208,2289.425804496161,3293.7404591454315,13199.792444391805,lgbm,2026-03-30,107,final,A-Z,False,False,False
750101310283,TLJ,4,2026-04-27,0.0,1462.8741153666306,2588.023244928018,3736.7691944812273,13567.59847231142,lgbm,2026-03-30,107,final,A-Z,False,False,False
750101310283,TLJ,5,2026-05-04,0.0,1389.2029940788711,2367.349450328508,3304.235364198831,13484.456341455885,lgbm,2026-03-30,107,final,A-Z,False,False,False
750101310283,TLJ,6,2026-05-11,903.2715455606196,1265.4622678223086,2393.235850710538,3466.8962821203118,3823.7847604039703,lgbm,2026-03-30,107,final,A-Z,False,False,False
750101310283,TLJ,7,2026-05-18,0.0,1471.6302535813916,2402.116187517764,2976.565842446551,13137.061874069863,lgbm,2026-03-30,107,final,A-Z,False,False,False
750101310283,TLJ,8,2026-05-25,0.0,1450.508469478295,2273.234580959459,3108.9286130528326,13287.361826401424,lgbm,2026-03-30,107,final,A-Z,False,False,False
750101310283,VHSA,1,2026-04-06,897.4653239992373,1193.1982512066138,1487.9292530676107,1910.3982188358782,2261.1649651101566,lgbm,2026-03-30,107,final,A-Z,False,False,False
750101310283,VHSA,2,2026-04-13,883.9274508929352,1179.2137462315234,1486.5459934417172,2013.3411634200256,2319.1186677820842,lgbm,2026-03-30,107,final,A-Z,False,False,False
750101310283,VHSA,3,2026-04-20,0.0,1119.6331025160782,1557.4612673147963,2138.608574878173,9119.082771953752,lgbm,2026-03-30,107,final,A-Z,False,False,False
750101310283,VHSA,4,2026-04-27,0.0,1096.704554065002,1666.41413501308,2404.496989577675,9274.709564115721,lgbm,2026-03-30,107,final,A-Z,False,False,False
750101310283,VHSA,5,2026-05-04,0.0,862.9724419424397,1632.1239529950142,2496.339663105742,9360.130453629341,lgbm,2026-03-30,107,final,A-Z,False,False,False
750101310283,VHSA,6,2026-05-11,0.0,869.8451993018751,1708.9888333533247,2650.165847857799,9506.445384572877,lgbm,2026-03-30,107,final,A-Z,False,False,False
750101310283,VHSA,7,2026-05-18,0.0,912.7470720084912,1781.9333914362237,2383.345416845619,9363.76059713724,lgbm,2026-03-30,107,final,A-Z,False,False,False
750101310283,VHSA,8,2026-05-25,0.0,890.0713271796376,1698.8634900300906,2467.812099894929,9492.644098901124,lgbm,2026-03-30,107,final,A-Z,False,False,False
750101310312,CCUL,1,2026-04-06,18347.97458758331,18797.63786276511,22056.726799468102,28891.919528826078,30769.411018518345,lgbm,2026-03-30,107,final,A-Y,False,False,False
750101310312,CCUL,2,2026-04-13,19486.5184091165,19512.592310827065,23723.64571432368,29803.096879203025,31188.824889451847,lgbm,2026-03-30,107,final,A-Y,False,False,False
750101310312,CCUL,3,2026-04-20,19285.55145479354,19506.227789174165,24702.433506919442,29626.585305451372,31426.043458737386,lgbm,2026-03-30,107,final,A-Y,False,False,False
750101310312,CCUL,4,2026-04-27,17903.402920612392,17944.729787631837,22177.322361551705,31299.581798480573,32463.365212878987,lgbm,2026-03-30,107,final,A-Y,False,False,False
750101310312,CCUL,5,2026-05-04,12281.64225627941,13586.331983028287,17542.069535277955,27861.939038886,29884.450537445413,lgbm,2026-03-30,107,final,A-Y,False,False,False
750101310312,CCUL,6,2026-05-11,11721.454918193365,12059.404772281956,16895.7985502293,29522.25966716297,30238.967518701214,lgbm,2026-03-30,107,final,A-Y,False,False,False
750101310312,CCUL,7,2026-05-18,12152.275102385785,14639.598144223923,16920.915221348932,21590.49810376878,26497.533477857975,lgbm,2026-03-30,107,final,A-Y,False,False,False
750101310312,CCUL,8,2026-05-25,11270.921325881949,12085.76193144458,16638.71668296555,22808.31144701789,26860.965290072516,lgbm,2026-03-30,107,final,A-Y,False,False,False
750101310312,CMD2,1,2026-04-06,40633.227870669856,40765.83583376125,52113.60239037851,64910.29519652144,66380.02275963243,lgbm,2026-03-30,107,final,A-Y,False,False,False
750101310312,CMD2,2,2026-04-13,40803.379181700235,42438.85552706753,54100.70582741594,66171.94602527634,68414.80533972921,lgbm,2026-03-30,107,final,A-Y,False,False,False
750101310312,CMD2,3,2026-04-20,40035.648901378205,41560.759131251165,57807.705871952065,68982.28767078627,69668.02555932128,lgbm,2026-03-30,107,final,A-Y,False,False,False
750101310312,CMD2,4,2026-04-27,39674.57017554968,41365.73325668511,56452.770498301674,73118.498451149,73521.79403283489,lgbm,2026-03-30,107,final,A-Y,False,False,False
750101310312,CMD2,5,2026-05-04,26260.518001377462,27035.69342123292,37401.223000504455,65934.37871453723,65951.13446862956,lgbm,2026-03-30,107,final,A-Y,False,False,False
750101310312,CMD2,6,2026-05-11,22702.41645676129,25841.747580894786,36711.96524240235,66847.84712340734,67178.54471225291,lgbm,2026-03-30,107,final,A-Y,False,False,False
750101310312,CMD2,7,2026-05-18,28777.389565814778,31370.29607691765,36282.57144914568,46995.993037446,54523.94438148492,lgbm,2026-03-30,107,final,A-Y,False,False,False
750101310312,CMD2,8,2026-05-25,27191.52948046355,27329.04771300442,36680.46290672876,49066.61743961803,54797.14085360527,lgbm,2026-03-30,107,final,A-Y,False,False,False
750101310312,CMTY,1,2026-04-06,28025.269983019432,28961.261063496113,36072.76440049436,48503.16039712774,50884.53517776132,lgbm,2026-03-30,107,final,A-Y,False,False,False
750101310312,CMTY,2,2026-04-13,21839.657671534595,29374.427258050968,34620.925154987584,48391.75660032494,73398.94943249458,lgbm,2026-03-30,107,final,A-Y,False,False,False
750101310312,CMTY,3,2026-04-20,22197.86700017921,28351.718042446635,38193.917842046045,52487.42086786708,74340.85011602391,lgbm,2026-03-30,107,final,A-Y,False,False,False
750101310312,CMTY,4,2026-04-27,22825.141479291204,29181.807550149897,36224.04640274598,53014.415501967356,76342.96025909482,lgbm,2026-03-30,107,final,A-Y,False,False,False
750101310312,CMTY,5,2026-05-04,19330.172519823096,20375.845527419202,28357.87104554423,50285.64244928621,50728.94402725271,lgbm,2026-03-30,107,final,A-Y,False,False,False
750101310312,CMTY,6,2026-05-11,18736.21893984878,19806.303579971805,27925.420875753534,50774.190405591144,51930.04569350324,lgbm,2026-03-30,107,final,A-Y,False,False,False
750101310312,CMTY,7,2026-05-18,20904.46063041049,22298.80309887377,27873.980098435994,36222.38700198627,41713.09083706964,lgbm,2026-03-30,107,final,A-Y,False,False,False
750101310312,CMTY,8,2026-05-25,16938.043878540117,21977.53181719629,28098.688304438467,36470.40075596968,43033.3286250685,lgbm,2026-03-30,107,final,A-Y,False,False,False
750101310312,MXLI,1,2026-04-06,5799.101063911909,5839.236947559476,7989.4103434919,9305.415719314971,9515.383556697112,lgbm,2026-03-30,107,final,A-Y,False,False,False
750101310312,MXLI,2,2026-04-13,5630.7600458782035,5884.498729216555,7660.797983484438,9526.61562915351,9620.814341154944,lgbm,2026-03-30,107,final,A-Y,False,False,False
750101310312,MXLI,3,2026-04-20,5649.628976355079,5810.549553995652,8018.517626753051,9809.33484511888,10018.221066816663,lgbm,2026-03-30,107,final,A-Y,False,False,False
750101310312,MXLI,4,2026-04-27,5422.213208262268,5565.547082261186,7931.810645532057,10334.30659970949,10463.223235940715,lgbm,2026-03-30,107,final,A-Y,False,False,False
750101310312,MXLI,5,2026-05-04,3747.662145988118,4213.808779850356,5542.036588610878,9142.805915740295,9569.211805445098,lgbm,2026-03-30,107,final,A-Y,False,False,False
750101310312,MXLI,6,2026-05-11,3505.6751194005396,3862.245403484323,5387.767544174977,9327.166547383717,9775.001934239497,lgbm,2026-03-30,107,final,A-Y,False,False,False
750101310312,MXLI,7,2026-05-18,3971.767833585329,4823.670132831801,5594.458915868718,6934.517783472144,8107.904602036644,lgbm,2026-03-30,107,final,A-Y,False,False,False
750101310312,MXLI,8,2026-05-25,3843.749796181679,4696.9780931110445,5370.908096628198,6735.83995403118,7969.688359174859,lgbm,2026-03-30,107,final,A-Y,False,False,False
750101310312,TLJ,1,2026-04-06,46385.174149079554,47209.81390224676,56377.850303624175,77023.53053715735,78025.42046343097,lgbm,2026-03-30,107,final,A-Y,False,False,False
750101310312,TLJ,2,2026-04-13,36824.19139534739,46732.26590528453,55838.38819153673,78874.35189086123,113464.84877884679,lgbm,2026-03-30,107,final,A-Y,False,False,False
750101310312,TLJ,3,2026-04-20,37065.575513181226,45849.05292590652,61386.62288099513,84767.85401729931,117294.66161581042,lgbm,2026-03-30,107,final,A-Y,False,False,False
750101310312,TLJ,4,2026-04-27,37784.06327971093,44260.76181911483,57530.50607143279,86163.7047013068,118753.18035422661,lgbm,2026-03-30,107,final,A-Y,False,False,False
750101310312,TLJ,5,2026-05-04,29483.03528991842,32965.74640925273,45599.70949481821,80652.54671638916,81859.97084604195,lgbm,2026-03-30,107,final,A-Y,False,False,False
750101310312,TLJ,6,2026-05-11,28972.682541326154,30755.114177359585,44907.044276652625,82023.56844019878,82072.50161380602,lgbm,2026-03-30,107,final,A-Y,False,False,False
750101310312,TLJ,7,2026-05-18,34564.89309987531,34748.3540786218,44669.380052957575,59957.649160138215,66741.35802822547,lgbm,2026-03-30,107,final,A-Y,False,False,False
750101310312,TLJ,8,2026-05-25,30901.797765572606,34766.1764742086,44901.557682311504,59903.040847262535,67502.3428225652,lgbm,2026-03-30,107,final,A-Y,False,False,False
750101310312,VHSA,1,2026-04-06,15005.765665113891,16167.777760987476,20171.94237225679,27180.84285803268,28699.374763229407,lgbm,2026-03-30,107,final,A-Y,False,False,False
750101310312,VHSA,2,2026-04-13,11738.62524872141,16093.630965082546,19794.298092688558,28148.307791339117,41250.71591581455,lgbm,2026-03-30,107,final,A-Y,False,False,False
750101310312,VHSA,3,2026-04-20,12771.807779337358,15718.572096820451,23398.827574960782,29692.21479060995,41830.792426538675,lgbm,2026-03-30,107,final,A-Y,False,False,False
750101310312,VHSA,4,2026-04-27,12717.947604001904,14946.42158067193,23096.96310920609,31628.67887308494,43173.36598039854,lgbm,2026-03-30,107,final,A-Y,False,False,False
750101310312,VHSA,5,2026-05-04,10998.704226336156,12527.27205574578,16707.590510419377,27694.167408178495,28453.17614836361,lgbm,2026-03-30,107,final,A-Y,False,False,False
750101310312,VHSA,6,2026-05-11,10667.383148874174,11483.660165543,16239.146579339038,28672.502802484854,29175.44781893977,lgbm,2026-03-30,107,final,A-Y,False,False,False
750101310312,VHSA,7,2026-05-18,11494.649642694794,14219.75860600808,16165.248084272516,19697.328162372403,23516.758636013674,lgbm,2026-03-30,107,final,A-Y,False,False,False
750101310312,VHSA,8,2026-05-25,11635.779019473912,11943.842167937259,16109.270779170813,20824.904475464464,23644.762056904685,lgbm,2026-03-30,107,final,A-Y,False,False,False
750101310314,CCUL,1,2026-04-06,14779.02397457176,15426.267601321639,17866.316952106583,23046.943245553983,24018.721113787375,lgbm,2026-03-30,107,final,A-Y,False,False,False
750101310314,CCUL,2,2026-04-13,15373.406867534097,15795.891461418014,19066.182977253884,24104.62392383243,24830.76905916971,lgbm,2026-03-30,107,final,A-Y,False,False,False
750101310314,CCUL,3,2026-04-20,15470.483880772681,15829.416200834687,19515.750686811272,23778.010101501353,24652.907717298065,lgbm,2026-03-30,107,final,A-Y,False,False,False
750101310314,CCUL,4,2026-04-27,15121.937161165844,15230.601257281378,17982.846135742107,25239.899362827597,25242.48124112275,lgbm,2026-03-30,107,final,A-Y,False,False,False
750101310314,CCUL,5,2026-05-04,10568.223072438708,10777.28881544314,14793.868657968229,22477.75355610581,22501.120212662147,lgbm,2026-03-30,107,final,A-Y,False,False,False
750101310314,CCUL,6,2026-05-11,9128.230324444825,10474.603988269999,14407.348162338803,22918.20574932375,24258.142092378403,lgbm,2026-03-30,107,final,A-Y,False,False,False
750101310314,CCUL,7,2026-05-18,9769.434841220645,11001.79742398695,14346.222234272405,17942.06877530527,20395.768375624466,lgbm,2026-03-30,107,final,A-Y,False,False,False
750101310314,CCUL,8,2026-05-25,8940.126667609158,9020.033437295057,14130.951172407036,18995.068765941556,20883.820830770434,lgbm,2026-03-30,107,final,A-Y,False,False,False
750101310314,CMD2,1,2026-04-06,37066.77948667446,37669.01153336668,50324.14203275464,60472.68378604636,61283.8200890012,lgbm,2026-03-30,107,final,A-Y,False,False,False
750101310314,CMD2,2,2026-04-13,36225.55134305509,37303.06477728585,49055.46791601273,63275.95949467059,63901.87245380246,lgbm,2026-03-30,107,final,A-Y,False,False,False
750101310314,CMD2,3,2026-04-20,36077.94779364224,36954.2892870951,50709.02818980564,63517.32904368556,65751.85576738043,lgbm,2026-03-30,107,final,A-Y,False,False,False
750101310314,CMD2,4,2026-04-27,36075.57241271138,36702.14694631867,50318.162928419806,67434.51951995445,68921.67097911185,lgbm,2026-03-30,107,final,A-Y,False,False,False
750101310314,CMD2,5,2026-05-04,23365.414881131208,23491.50849761351,33724.08724626874,60319.581836333324,62422.97593532658,lgbm,2026-03-30,107,final,A-Y,False,False,False
750101310314,CMD2,6,2026-05-11,20451.41877757496,22565.947106683336,33398.2265719419,62290.91445639168,62931.66912690186,lgbm,2026-03-30,107,final,A-Y,False,False,False
750101310314,CMD2,7,2026-05-18,23965.16982815177,25123.373194070035,32794.86249399182,44837.21664112498,50304.39427748043,lgbm,2026-03-30,107,final,A-Y,False,False,False
750101310314,CMD2,8,2026-05-25,20275.28310972582,22523.69139636404,33371.62485574646,46155.88728102545,52001.04297417701,lgbm,2026-03-30,107,final,A-Y,False,False,False
750101310314,CMTY,1,2026-04-06,24018.665517296384,24799.46889478986,32153.119736290624,41702.24147021788,43383.42982730747,lgbm,2026-03-30,107,final,A-Y,False,False,False
750101310314,CMTY,2,2026-04-13,18297.47517165253,25770.46593668202,30343.837777564735,41520.03357927234,63741.17511185313,lgbm,2026-03-30,107,final,A-Y,False,False,False
750101310314,CMTY,3,2026-04-20,19916.596318038086,26301.42182750295,34788.44219289898,43503.0916439599,64152.92245106182,lgbm,2026-03-30,107,final,A-Y,False,False,False
750101310314,CMTY,4,2026-04-27,19145.028550564097,25354.49107670719,32198.217476849393,45533.719607004845,65417.231076099386,lgbm,2026-03-30,107,final,A-Y,False,False,False
750101310314,CMTY,5,2026-05-04,17178.574756970007,17345.204379764793,24620.80879056558,41511.00355828386,42215.76021898832,lgbm,2026-03-30,107,final,A-Y,False,False,False
750101310314,CMTY,6,2026-05-11,15939.48001195772,16924.008863777854,23584.16692073542,42610.514501764235,42879.32493066521,lgbm,2026-03-30,107,final,A-Y,False,False,False
750101310314,CMTY,7,2026-05-18,16864.93837476861,18095.034846431896,23462.460757532113,30480.556636592653,35326.52666529746,lgbm,2026-03-30,107,final,A-Y,False,False,False
750101310314,CMTY,8,2026-05-25,13637.466904464785,18254.007495241123,23768.80393215402,30669.227911091835,36565.72368438883,lgbm,2026-03-30,107,final,A-Y,False,False,False
750101310314,MXLI,1,2026-04-06,4660.312657237445,4755.543107930787,6745.66663525948,8581.741294338457,8729.077126150403,lgbm,2026-03-30,107,final,A-Y,False,False,False
750101310314,MXLI,2,2026-04-13,3397.0707335136512,4506.471212861592,5937.583065844162,8867.732532787999,12521.227536105509,lgbm,2026-03-30,107,final,A-Y,False,False,False
750101310314,MXLI,3,2026-04-20,3743.7468490607916,4516.746966768106,6826.399512147809,9082.683785936879,12598.133994601942,lgbm,2026-03-30,107,final,A-Y,False,False,False
750101310314,MXLI,4,2026-04-27,3677.2139472239223,4391.522585628191,6783.481383791875,9633.35441573384,13059.501639165004,lgbm,2026-03-30,107,final,A-Y,False,False,False
750101310314,MXLI,5,2026-05-04,3366.466722176003,3460.6937843266965,4992.597150716325,8407.384931365139,8687.401692341948,lgbm,2026-03-30,107,final,A-Y,False,False,False
750101310314,MXLI,6,2026-05-11,2483.2298463218517,3158.3530804658903,4737.989417790486,8840.399119379388,12330.91738447915,lgbm,2026-03-30,107,final,A-Y,False,False,False
750101310314,MXLI,7,2026-05-18,3533.4137843050266,3982.2722214051832,4697.550704283881,6501.097883060875,7400.825202870225,lgbm,2026-03-30,107,final,A-Y,False,False,False
750101310314,MXLI,8,2026-05-25,3294.000690051784,3433.4171485017832,4675.793316603976,6536.267912795136,7143.234311269479,lgbm,2026-03-30,107,final,A-Y,False,False,False
750101310314,TLJ,1,2026-04-06,34541.404978861996,35241.003488615745,44928.942443694534,64096.54272308358,65892.04086835613,lgbm,2026-03-30,107,final,A-Y,False,False,False
750101310314,TLJ,2,2026-04-13,27201.936183111684,35501.26520871153,44345.82032539651,65931.57873789544,94793.94696791132,lgbm,2026-03-30,107,final,A-Y,False,False,False
750101310314,TLJ,3,2026-04-20,27625.72319228619,35466.654509925866,48680.184332595476,68317.70753173258,96966.97962968564,lgbm,2026-03-30,107,final,A-Y,False,False,False
750101310314,TLJ,4,2026-04-27,29074.163974359715,35816.54798598787,45395.95510151565,69977.50985166902,97837.49775983271,lgbm,2026-03-30,107,final,A-Y,False,False,False
750101310314,TLJ,5,2026-05-04,22508.66718344007,25298.000877529666,34701.05014102207,64360.5576880891,65035.02504964354,lgbm,2026-03-30,107,final,A-Y,False,False,False
750101310314,TLJ,6,2026-05-11,22499.242642890713,23416.723427828703,34517.13836872669,65439.169190868946,66073.56237125685,lgbm,2026-03-30,107,final,A-Y,False,False,False
750101310314,TLJ,7,2026-05-18,25403.95202257939,26898.684527762198,34059.390584796136,48147.54569256131,54176.065553337015,lgbm,2026-03-30,107,final,A-Y,False,False,False
750101310314,TLJ,8,2026-05-25,22647.879721012083,25832.241353311554,34517.00149975923,48710.98512866217,54925.68845158367,lgbm,2026-03-30,107,final,A-Y,False,False,False
750101310314,VHSA,1,2026-04-06,13660.39427348924,14244.880343454026,16822.6348858545,23097.068103713213,24161.734726648232,lgbm,2026-03-30,107,final,A-Y,False,False,False
750101310314,VHSA,2,2026-04-13,13399.352407600327,13612.066637198714,17124.73691296288,24258.464538253706,25286.092762505683,lgbm,2026-03-30,107,final,A-Y,False,False,False
750101310314,VHSA,3,2026-04-20,14582.75992591974,14708.178956125405,19729.4832406573,24133.24261334629,25507.508741950784,lgbm,2026-03-30,107,final,A-Y,False,False,False
750101310314,VHSA,4,2026-04-27,13986.434361904401,14051.475529995796,19558.40371542006,26000.437857643163,26930.84881767052,lgbm,2026-03-30,107,final,A-Y,False,False,False
750101310314,VHSA,5,2026-05-04,9472.16575298427,9621.916465909155,13483.54573445479,22981.27598464703,24193.483555634517,lgbm,2026-03-30,107,final,A-Y,False,False,False
750101310314,VHSA,6,2026-05-11,8530.310064612986,9176.44343641304,13285.227343364284,23847.95467392528,24586.502760524952,lgbm,2026-03-30,107,final,A-Y,False,False,False
750101310314,VHSA,7,2026-05-18,9333.776009676192,10815.021974022804,13107.6114577903,16678.47589428975,19501.661182514596,lgbm,2026-03-30,107,final,A-Y,False,False,False
750101310314,VHSA,8,2026-05-25,9033.395290990598,9777.933099359592,13118.46051274313,17310.960491989543,19913.465233529747,lgbm,2026-03-30,107,final,A-Y,False,False,False
750101310315,CCUL,1,2026-04-06,5780.179736416455,6309.978620824956,7590.585474594895,9995.89979766871,10532.305281146717,lgbm,2026-03-30,107,final,A-Y,False,False,False
750101310315,CCUL,2,2026-04-13,6210.531286758384,6333.427432946726,8568.8819100376,10560.333134333776,10634.36882613942,lgbm,2026-03-30,107,final,A-Y,False,False,False
750101310315,CCUL,3,2026-04-20,6037.3899268776295,6214.428521841836,8738.20453708747,10684.006379413742,10917.9611307081,lgbm,2026-03-30,107,final,A-Y,False,False,False
750101310315,CCUL,4,2026-04-27,6010.582690927537,6065.100250032986,8205.15336005332,11657.604903934749,11696.27786928429,lgbm,2026-03-30,107,final,A-Y,False,False,False
750101310315,CCUL,5,2026-05-04,4257.724642517197,4823.176123673577,6496.776264502823,10014.048488016233,10645.523776609807,lgbm,2026-03-30,107,final,A-Y,False,False,False
750101310315,CCUL,6,2026-05-11,3981.9210157963953,4458.766102423353,6450.376444925018,10324.777959315357,10916.999299394898,lgbm,2026-03-30,107,final,A-Y,False,False,False
750101310315,CCUL,7,2026-05-18,4441.679665682276,5269.108170029606,6086.798952362344,7445.258335330965,8938.038119395369,lgbm,2026-03-30,107,final,A-Y,False,False,False
750101310315,CCUL,8,2026-05-25,4086.6913939599976,5113.87175680979,5975.533959659469,7610.368458956755,9278.293857399018,lgbm,2026-03-30,107,final,A-Y,False,False,False
750101310315,CMD2,1,2026-04-06,21729.774423068655,21851.922775794315,30715.393942736544,36081.57269373435,36495.73594689692,lgbm,2026-03-30,107,final,A-Y,False,False,False
750101310315,CMD2,2,2026-04-13,21217.60913404553,21337.264078509037,29842.732843240967,37424.0171733201,37922.24312477728,lgbm,2026-03-30,107,final,A-Y,False,False,False
750101310315,CMD2,3,2026-04-20,21284.981678696087,21659.47204648198,30903.001808654994,36715.078157755765,38955.740611210145,lgbm,2026-03-30,107,final,A-Y,False,False,False
750101310315,CMD2,4,2026-04-27,21023.278298167574,21428.177555786344,30036.06738407262,41346.39526684637,41984.32122906489,lgbm,2026-03-30,107,final,A-Y,False,False,False
750101310315,CMD2,5,2026-05-04,14551.663103137314,15444.93185984932,20937.556241594943,35285.64043715398,37605.28672281744,lgbm,2026-03-30,107,final,A-Y,False,False,False
750101310315,CMD2,6,2026-05-11,13509.992838418042,14147.9457975664,20927.543248273767,36293.55311908317,38741.62681750304,lgbm,2026-03-30,107,final,A-Y,False,False,False
750101310315,CMD2,7,2026-05-18,15404.999261919864,17896.845027577005,20243.3154431126,26331.05450237783,31715.88782289562,lgbm,2026-03-30,107,final,A-Y,False,False,False
750101310315,CMD2,8,2026-05-25,14635.568516575382,16128.965188720002,20831.50791758741,27976.326132883427,34600.41229610526,lgbm,2026-03-30,107,final,A-Y,False,False,False
750101310315,CMTY,1,2026-04-06,13569.306619766074,14792.895667256687,20205.839723314548,25556.875776122186,27889.492879736204,lgbm,2026-03-30,107,final,A-Y,False,False,False
750101310315,CMTY,2,2026-04-13,9916.520994652914,14925.06665590958,19380.56457060756,26133.163546181015,40258.67761252285,lgbm,2026-03-30,107,final,A-Y,False,False,False
750101310315,CMTY,3,2026-04-20,11386.161494572862,15305.25156224788,22515.91558642379,26860.63875039307,41076.44620241962,lgbm,2026-03-30,107,final,A-Y,False,False,False
750101310315,CMTY,4,2026-04-27,10812.573561946549,14573.226170073322,20818.52393356292,28924.22483361612,42272.995944347174,lgbm,2026-03-30,107,final,A-Y,False,False,False
750101310315,CMTY,5,2026-05-04,10246.758291697024,10740.180141104105,16553.849508036867,27096.71318723398,28829.209254617836,lgbm,2026-03-30,107,final,A-Y,False,False,False
750101310315,CMTY,6,2026-05-11,9944.693432091253,10158.824641689527,15816.303494737902,27728.889648684257,29364.723893773174,lgbm,2026-03-30,107,final,A-Y,False,False,False
750101310315,CMTY,7,2026-05-18,11528.8002941367,13222.2294618646,14931.415828500945,19290.360361904768,23243.940047181313,lgbm,2026-03-30,107,final,A-Y,False,False,False
750101310315,CMTY,8,2026-05-25,10596.460635820047,11414.214611902264,14870.394200068413,19891.58467325721,24126.28294433826,lgbm,2026-03-30,107,final,A-Y,False,False,False
750101310315,MXLI,1,2026-04-06,3018.680606002603,3081.81574714339,4482.94266075658,5792.6808011683515,5906.017325661329,lgbm,2026-03-30,107,final,A-Y,False,False,False
750101310315,MXLI,2,2026-04-13,2202.943175846288,2913.2574252517443,4212.815905765487,6019.614590720558,8453.707738080184,lgbm,2026-03-30,107,final,A-Y,False,False,False
750101310315,MXLI,3,2026-04-20,2341.406155254345,2974.970693322264,4657.686621851062,6086.683393651306,8675.355826499806,lgbm,2026-03-30,107,final,A-Y,False,False,False
750101310315,MXLI,4,2026-04-27,2278.255168743265,2846.771591618983,4533.035019607464,6589.166442321448,9080.373799378034,lgbm,2026-03-30,107,final,A-Y,False,False,False
750101310315,MXLI,5,2026-05-04,1530.2692954169731,2298.9473830811726,3731.634057566311,6003.440812713325,8551.329156608597,lgbm,2026-03-30,107,final,A-Y,False,False,False
750101310315,MXLI,6,2026-05-11,1507.154217280746,2078.000158615257,3749.491286039993,6355.096607403537,8618.898502656597,lgbm,2026-03-30,107,final,A-Y,False,False,False
750101310315,MXLI,7,2026-05-18,1710.3732650918503,2567.1981125017965,3586.1218205880236,4928.319444957338,7857.808488040364,lgbm,2026-03-30,107,final,A-Y,False,False,False
750101310315,MXLI,8,2026-05-25,2233.420306365625,2547.413272592643,3325.2812937511485,4837.637915412108,5412.6115277100525,lgbm,2026-03-30,107,final,A-Y,False,False,False
750101310315,TLJ,1,2026-04-06,9956.370635909872,11326.492447811666,14859.244507040783,18304.757909178545,20499.548033490468,lgbm,2026-03-30,107,final,A-Y,False,False,False
750101310315,TLJ,2,2026-04-13,7629.410441720535,11451.94698596297,14480.695694690052,18799.660176714464,29378.2266513036,lgbm,2026-03-30,107,final,A-Y,False,False,False
750101310315,TLJ,3,2026-04-20,8482.399894672435,12044.30693456418,16039.531228353235,19063.076289403463,29952.84179617008,lgbm,2026-03-30,107,final,A-Y,False,False,False
750101310315,TLJ,4,2026-04-27,8147.555484885976,11335.713188720429,15191.523171916862,20792.416753468766,30714.225374036854,lgbm,2026-03-30,107,final,A-Y,False,False,False
750101310315,TLJ,5,2026-05-04,7469.951744720121,8182.730731313635,12210.289119196988,19539.777652178254,21645.893853479167,lgbm,2026-03-30,107,final,A-Y,False,False,False
750101310315,TLJ,6,2026-05-11,7258.209466305605,7680.970229540913,11552.384403788938,20233.390753169493,22307.124600162148,lgbm,2026-03-30,107,final,A-Y,False,False,False
750101310315,TLJ,7,2026-05-18,8557.562466567444,9811.800459764801,11047.37350245428,13868.366765873894,17130.96990707135,lgbm,2026-03-30,107,final,A-Y,False,False,False
750101310315,TLJ,8,2026-05-25,8025.966424265875,8506.765920571568,11003.506160979641,14424.495060818777,17586.45116205155,lgbm,2026-03-30,107,final,A-Y,False,False,False
750101310315,VHSA,1,2026-04-06,9491.102673821708,10500.244750016802,13211.14273496295,16822.655376879742,18373.92116194628,lgbm,2026-03-30,107,final,A-Y,False,False,False
750101310315,VHSA,2,2026-04-13,7615.731006091696,10765.85381719052,12895.571172796865,17452.162426760886,26119.089131654197,lgbm,2026-03-30,107,final,A-Y,False,False,False
750101310315,VHSA,3,2026-04-20,8189.309345803243,10575.72436286987,14810.985782887903,17674.484273097853,26786.74897532954,lgbm,2026-03-30,107,final,A-Y,False,False,False
750101310315,VHSA,4,2026-04-27,7935.297395788005,9917.629602219693,14542.639655711058,19784.323108834265,28242.650367815786,lgbm,2026-03-30,107,final,A-Y,False,False,False
750101310315,VHSA,5,2026-05-04,5246.9824136990865,8442.763705682706,11102.790533610874,17161.457579352955,26309.399672742904,lgbm,2026-03-30,107,final,A-Y,False,False,False
750101310315,VHSA,6,2026-05-11,5059.694156262306,8194.78007048435,10633.825983676008,17231.545815523103,26676.278769029253,lgbm,2026-03-30,107,final,A-Y,False,False,False
750101310315,VHSA,7,2026-05-18,8089.662649493394,9266.88338165798,10631.33998526438,12612.49446213325,15125.454006039672,lgbm,2026-03-30,107,final,A-Y,False,False,False
750101310315,VHSA,8,2026-05-25,7559.094308113459,8123.069962621592,10519.780929792332,13314.473493950209,16223.223561733703,lgbm,2026-03-30,107,final,A-Y,False,False,False
750101310326,CCUL,1,2026-04-06,1452.5179612833647,1654.6122270949984,2026.037969156938,2556.8966534578663,2677.3552328935475,lgbm,2026-03-30,107,final,A-Y,False,False,False
750101310326,CCUL,2,2026-04-13,1437.5753294578708,1608.2125491315242,2077.5257780081993,2749.8196850693753,2834.646330102644,lgbm,2026-03-30,107,final,A-Y,False,False,False
750101310326,CCUL,3,2026-04-20,1432.0453082178738,1602.1146871857268,2090.669433042473,2704.777102350936,2983.906939492529,lgbm,2026-03-30,107,final,A-Y,False,False,False
750101310326,CCUL,4,2026-04-27,0.0,1600.0913278176404,2262.336342994941,2979.577977919912,11135.99525928422,lgbm,2026-03-30,107,final,A-Y,False,False,False
750101310326,CCUL,5,2026-05-04,1202.8155675599012,1321.5926532415465,2163.061495028942,2923.315096508689,3170.1281427318177,lgbm,2026-03-30,107,final,A-Y,False,False,False
750101310326,CCUL,6,2026-05-11,0.0,1206.572961692938,2271.933599428484,3339.724556180212,11352.805044971745,lgbm,2026-03-30,107,final,A-Y,False,False,False
750101310326,CCUL,7,2026-05-18,0.0,1338.8202914439223,2238.1812709194655,2984.021253035886,11183.407597852984,lgbm,2026-03-30,107,final,A-Y,False,False,False
750101310326,CCUL,8,2026-05-25,0.0,1284.2868760547822,2258.413845862242,3154.682259401872,11349.34489642739,lgbm,2026-03-30,107,final,A-Y,False,False,False
750101310326,CMD2,1,2026-04-06,6234.91558603934,7310.438451392791,8283.133110667908,9950.381517100795,11122.032362712958,lgbm,2026-03-30,107,final,A-Y,False,False,False
750101310326,CMD2,2,2026-04-13,6246.859725375341,7188.004066284006,8672.58654587701,10806.437424574942,11740.585320780845,lgbm,2026-03-30,107,final,A-Y,False,False,False
750101310326,CMD2,3,2026-04-20,0.0,6667.926257253312,8677.716967759965,11950.37077204879,44734.920157737666,lgbm,2026-03-30,107,final,A-Y,False,False,False
750101310326,CMD2,4,2026-04-27,0.0,6426.606267877834,9485.640054458509,13385.399483382731,45315.045543354005,lgbm,2026-03-30,107,final,A-Y,False,False,False
750101310326,CMD2,5,2026-05-04,0.0,5456.593359900706,9121.412607233486,13345.22896452732,45848.75985833307,lgbm,2026-03-30,107,final,A-Y,False,False,False
750101310326,CMD2,6,2026-05-11,0.0,4783.665992044212,9603.175206882717,14913.682408231969,47107.306181512344,lgbm,2026-03-30,107,final,A-Y,False,False,False
750101310326,CMD2,7,2026-05-18,0.0,5637.581940535105,9291.609857556321,12341.89975507727,45558.54711673172,lgbm,2026-03-30,107,final,A-Y,False,False,False
750101310326,CMD2,8,2026-05-25,0.0,5395.523395320839,8866.044315155472,12919.511967428534,46216.01731415315,lgbm,2026-03-30,107,final,A-Y,False,False,False
750101310326,CMTY,1,2026-04-06,2368.2202603626106,2846.138714862676,3419.0207393680157,4243.992401574604,4519.559234271666,lgbm,2026-03-30,107,final,A-Y,False,False,False
750101310326,CMTY,2,2026-04-13,2415.589769064044,2791.412508083955,3532.6695614073797,4477.476855953444,4791.029104834897,lgbm,2026-03-30,107,final,A-Y,False,False,False
750101310326,CMTY,3,2026-04-20,0.0,2746.5231926488814,3506.8302841303444,4837.162097135564,18733.20445794623,lgbm,2026-03-30,107,final,A-Y,False,False,False
750101310326,CMTY,4,2026-04-27,0.0,2645.107718294702,3740.239491904794,5334.846965289413,19133.350945674447,lgbm,2026-03-30,107,final,A-Y,False,False,False
750101310326,CMTY,5,2026-05-04,0.0,2184.5554279431876,3608.5285643955954,5756.38314018567,19385.12937402056,lgbm,2026-03-30,107,final,A-Y,False,False,False
750101310326,CMTY,6,2026-05-11,0.0,1861.6595306762822,3964.317326269254,6503.239438383701,19957.409841898443,lgbm,2026-03-30,107,final,A-Y,False,False,False
750101310326,CMTY,7,2026-05-18,0.0,2263.8252807238327,3679.675308985592,5370.500888625193,19283.410370356018,lgbm,2026-03-30,107,final,A-Y,False,False,False
750101310326,CMTY,8,2026-05-25,0.0,2091.5171339596213,3664.9174230741023,5748.934250944584,19649.423882169143,lgbm,2026-03-30,107,final,A-Y,False,False,False
750101310326,MXLI,1,2026-04-06,1067.4159269917543,1312.977737797866,1755.523464056772,2129.391743818366,2329.5310767059304,lgbm,2026-03-30,107,final,A-Y,False,False,False
750101310326,MXLI,2,2026-04-13,1026.6483102338057,1334.2370518436892,1820.741006734545,2258.742636557035,2617.3533891037205,lgbm,2026-03-30,107,final,A-Y,False,False,False
750101310326,MXLI,3,2026-04-20,0.0,1208.1232397444026,1868.9721669031962,2526.8911224705707,8916.81650076178,lgbm,2026-03-30,107,final,A-Y,False,False,False
750101310326,MXLI,4,2026-04-27,0.0,1229.3040531688566,1916.4544935807787,2618.050799697992,8986.009320000061,lgbm,2026-03-30,107,final,A-Y,False,False,False
750101310326,MXLI,5,2026-05-04,0.0,1003.7859739381549,1929.9168337616434,2703.519126419947,9083.610653987034,lgbm,2026-03-30,107,final,A-Y,False,False,False
750101310326,MXLI,6,2026-05-11,0.0,899.2569151964839,2028.1874762542745,3020.4987616315057,9277.827684270529,lgbm,2026-03-30,107,final,A-Y,False,False,False
750101310326,MXLI,7,2026-05-18,0.0,1015.8438501801979,1957.1148917452997,2554.205379201488,9058.776038763179,lgbm,2026-03-30,107,final,A-Y,False,False,False
750101310326,MXLI,8,2026-05-25,0.0,971.1097316185219,1865.127417832586,2666.62859102918,9173.34581893982,lgbm,2026-03-30,107,final,A-Y,False,False,False
750101310326,TLJ,1,2026-04-06,2343.375966226841,2726.2704076685204,3126.0290560826716,4027.94716213729,4147.130176094889,lgbm,2026-03-30,107,final,A-Y,False,False,False
750101310326,TLJ,2,2026-04-13,2379.306234656062,2604.8781692868056,3363.9995295396357,4493.57688878933,4555.98459141079,lgbm,2026-03-30,107,final,A-Y,False,False,False
750101310326,TLJ,3,2026-04-20,0.0,2445.9290773074713,3389.5440092321023,4950.003664098656,17725.20946789608,lgbm,2026-03-30,107,final,A-Y,False,False,False
750101310326,TLJ,4,2026-04-27,0.0,2410.650568178834,3669.0929783113343,5385.299086208172,18126.698422691108,lgbm,2026-03-30,107,final,A-Y,False,False,False
750101310326,TLJ,5,2026-05-04,1894.271209373509,2018.2211984218702,3458.157361233837,4931.772023345437,4951.341373349925,lgbm,2026-03-30,107,final,A-Y,False,False,False
750101310326,TLJ,6,2026-05-11,1723.6226400949395,1755.95513317416,3656.5512383845316,5605.54985169715,5739.899808703472,lgbm,2026-03-30,107,final,A-Y,False,False,False
750101310326,TLJ,7,2026-05-18,0.0,2234.261369146809,3606.1251795293965,4546.580821069577,17802.57273101715,lgbm,2026-03-30,107,final,A-Y,False,False,False
750101310326,TLJ,8,2026-05-25,0.0,2000.8942904126257,3510.4360317878895,5048.733601909156,18183.146669084166,lgbm,2026-03-30,107,final,A-Y,False,False,False
750101310326,VHSA,1,2026-04-06,1736.0058360427363,1984.4893047731148,2565.5353604216443,3195.8040371040506,3427.842277067395,lgbm,2026-03-30,107,final,A-Y,False,False,False
750101310326,VHSA,2,2026-04-13,1677.827578535969,1879.9919832033652,2616.1974242093756,3493.5149894544525,3719.9344735266,lgbm,2026-03-30,107,final,A-Y,False,False,False
750101310326,VHSA,3,2026-04-20,0.0,1833.2164640220058,2639.988199039933,3626.813461749357,13416.794015028137,lgbm,2026-03-30,107,final,A-Y,False,False,False
750101310326,VHSA,4,2026-04-27,0.0,1735.2799665440693,2865.562612334374,3956.182884150876,13550.240236435151,lgbm,2026-03-30,107,final,A-Y,False,False,False
750101310326,VHSA,5,2026-05-04,0.0,1469.812015427999,2934.6817162340067,3995.8090506619783,13690.923506243704,lgbm,2026-03-30,107,final,A-Y,False,False,False
750101310326,VHSA,6,2026-05-11,0.0,1365.136778015877,3001.477313521697,4441.748860417137,13996.797124879433,lgbm,2026-03-30,107,final,A-Y,False,False,False
750101310326,VHSA,7,2026-05-18,0.0,1496.0734130932465,2808.169020002444,3815.618724646671,13610.732178253387,lgbm,2026-03-30,107,final,A-Y,False,False,False
750101310326,VHSA,8,2026-05-25,0.0,1469.5541534078232,2811.6041241212843,4088.332926521215,13844.933230537215,lgbm,2026-03-30,107,final,A-Y,False,False,False
750101310327,CCUL,1,2026-04-06,1340.1320842122618,1645.2097142409134,2074.409385485113,2425.043325524074,2750.841990504766,lgbm,2026-03-30,107,final,A-Y,False,False,False
750101310327,CCUL,2,2026-04-13,1366.7754573544546,1604.7763656667614,2128.944245438298,2615.7611846493946,2876.530614550459,lgbm,2026-03-30,107,final,A-Y,False,False,False
750101310327,CCUL,3,2026-04-20,1327.8064478258066,1536.9813963410254,2106.4925282708446,2687.381995667854,2947.751417490675,lgbm,2026-03-30,107,final,A-Y,False,False,False
750101310327,CCUL,4,2026-04-27,1438.7040333985076,1554.011059044699,2335.991048993288,2913.691871527053,3034.4803992789666,lgbm,2026-03-30,107,final,A-Y,False,False,False
750101310327,CCUL,5,2026-05-04,0.0,1335.2098335646872,2258.6597717348295,2925.7514542753943,10950.145964811203,lgbm,2026-03-30,107,final,A-Y,False,False,False
750101310327,CCUL,6,2026-05-11,0.0,1103.7321228091246,2352.079156053732,3475.0738046066467,11294.117559621465,lgbm,2026-03-30,107,final,A-Y,False,False,False
750101310327,CCUL,7,2026-05-18,0.0,1336.2654116147253,2336.100813561364,2941.8588122773117,11014.197643314286,lgbm,2026-03-30,107,final,A-Y,False,False,False
750101310327,CCUL,8,2026-05-25,0.0,1317.8741290417768,2281.4592301605185,3042.212442098648,11150.653378384279,lgbm,2026-03-30,107,final,A-Y,False,False,False
750101310327,CMD2,1,2026-04-06,6586.93035741225,8337.674101878072,8909.269236511112,10155.52539761938,12470.016151121461,lgbm,2026-03-30,107,final,A-Y,False,False,False
750101310327,CMD2,2,2026-04-13,6726.23783107835,8086.733986699267,9333.810269902819,11101.954043793394,13005.654513779546,lgbm,2026-03-30,107,final,A-Y,False,False,False
750101310327,CMD2,3,2026-04-20,0.0,7546.688262849911,9442.316244109377,12396.079896976174,49416.625861228065,lgbm,2026-03-30,107,final,A-Y,False,False,False
750101310327,CMD2,4,2026-04-27,0.0,7164.153397903215,10321.874398735332,14049.96497319176,50166.48937680131,lgbm,2026-03-30,107,final,A-Y,False,False,False
750101310327,CMD2,5,2026-05-04,0.0,6088.012947625017,9626.440944674667,14194.934827538103,50554.3231869589,lgbm,2026-03-30,107,final,A-Y,False,False,False
750101310327,CMD2,6,2026-05-11,0.0,5136.196188428796,10508.721857974133,16240.946539363995,52538.08600763373,lgbm,2026-03-30,107,final,A-Y,False,False,False
750101310327,CMD2,7,2026-05-18,0.0,6261.641804126604,10221.509163008353,13453.250662333156,50472.852548543255,lgbm,2026-03-30,107,final,A-Y,False,False,False
750101310327,CMD2,8,2026-05-25,0.0,6222.848685179238,9526.85665786981,13535.238234273515,50751.85666944778,lgbm,2026-03-30,107,final,A-Y,False,False,False
750101310327,CMTY,1,2026-04-06,2720.673698196897,3281.3578466245435,4117.217186901317,4784.344393716257,5489.309187195854,lgbm,2026-03-30,107,final,A-Y,False,False,False
750101310327,CMTY,2,2026-04-13,2657.687755099074,3205.0587121534772,4140.970906783707,4921.73142462356,5524.943098578619,lgbm,2026-03-30,107,final,A-Y,False,False,False
750101310327,CMTY,3,2026-04-20,0.0,3142.809276415648,4221.656715119424,5548.84898239665,21604.30685396139,lgbm,2026-03-30,107,final,A-Y,False,False,False
750101310327,CMTY,4,2026-04-27,0.0,2949.9809777726023,4514.2052079630075,6244.348014353846,21901.89514896171,lgbm,2026-03-30,107,final,A-Y,False,False,False
750101310327,CMTY,5,2026-05-04,0.0,2524.641473209577,4354.348257641807,6318.421029389119,22201.007864963758,lgbm,2026-03-30,107,final,A-Y,False,False,False
750101310327,CMTY,6,2026-05-11,0.0,2153.439658709735,4683.064646798479,7312.727123383353,23008.185525746318,lgbm,2026-03-30,107,final,A-Y,False,False,False
750101310327,CMTY,7,2026-05-18,0.0,2569.937244704519,4387.551201615499,6133.480567196322,22030.833546328722,lgbm,2026-03-30,107,final,A-Y,False,False,False
750101310327,CMTY,8,2026-05-25,0.0,2418.3720042859686,4021.6194632009415,6492.856177075541,22457.886621743415,lgbm,2026-03-30,107,final,A-Y,False,False,False
750101310327,MXLI,1,2026-04-06,1086.8806166694621,1252.6235221008744,1773.1034421476375,2199.2104966045968,2338.6117879574413,lgbm,2026-03-30,107,final,A-Y,False,False,False
750101310327,MXLI,2,2026-04-13,1082.7134126262706,1206.059382960363,1777.4888295280373,2273.846136343912,2384.498806164412,lgbm,2026-03-30,107,final,A-Y,False,False,False
750101310327,MXLI,3,2026-04-20,0.0,1152.8529432881746,1835.491609009172,2449.85999436813,8402.745459036838,lgbm,2026-03-30,107,final,A-Y,False,False,False
750101310327,MXLI,4,2026-04-27,0.0,1096.7071693720172,1947.5820179682191,2637.91579881201,8428.790496772606,lgbm,2026-03-30,107,final,A-Y,False,False,False
750101310327,MXLI,5,2026-05-04,0.0,984.8318475184187,1952.7818347694645,2583.054705628932,8544.888703846314,lgbm,2026-03-30,107,final,A-Y,False,False,False
750101310327,MXLI,6,2026-05-11,0.0,825.1205280505623,2006.4450647034826,2885.2556911079114,8776.438068690008,lgbm,2026-03-30,107,final,A-Y,False,False,False
750101310327,MXLI,7,2026-05-18,0.0,1027.2009263445802,1988.3215357798315,2427.1305663100884,8489.718713928829,lgbm,2026-03-30,107,final,A-Y,False,False,False
750101310327,MXLI,8,2026-05-25,0.0,955.2656327826392,1863.9938014397815,2484.4936190038416,8476.515413258927,lgbm,2026-03-30,107,final,A-Y,False,False,False
750101310327,TLJ,1,2026-04-06,2063.5335355101556,2599.073809521502,3118.11185747638,3816.678679396503,4368.281369230678,lgbm,2026-03-30,107,final,A-Y,False,False,False
750101310327,TLJ,2,2026-04-13,2053.622746728606,2535.042460056181,3163.1593463004083,4133.250342402673,4692.014602285515,lgbm,2026-03-30,107,final,A-Y,False,False,False
750101310327,TLJ,3,2026-04-20,0.0,2334.4150591419466,3232.701582267382,4758.701564257916,17334.26153165372,lgbm,2026-03-30,107,final,A-Y,False,False,False
750101310327,TLJ,4,2026-04-27,0.0,2380.735787825586,3465.3952950826283,4963.227895765071,17565.159622900625,lgbm,2026-03-30,107,final,A-Y,False,False,False
750101310327,TLJ,5,2026-05-04,1703.4373051310733,2034.9560677678364,3261.478791195372,4695.683460443201,4928.025527664804,lgbm,2026-03-30,107,final,A-Y,False,False,False
750101310327,TLJ,6,2026-05-11,1596.2615891830496,1833.884838757558,3385.4632438274125,5232.801214961635,5345.0104504006895,lgbm,2026-03-30,107,final,A-Y,False,False,False
750101310327,TLJ,7,2026-05-18,0.0,2019.1411171568298,3605.1868223589636,4996.202746656297,17703.313633424055,lgbm,2026-03-30,107,final,A-Y,False,False,False
750101310327,TLJ,8,2026-05-25,0.0,1872.2688026687615,3329.633047470965,5271.6453688346355,17983.177561997938,lgbm,2026-03-30,107,final,A-Y,False,False,False
750101310327,VHSA,1,2026-04-06,1762.6854573498779,2117.724283876082,2438.414298738667,3027.1992891262576,3300.3756585418496,lgbm,2026-03-30,107,final,A-Y,False,False,False
750101310327,VHSA,2,2026-04-13,1676.8562173127882,1982.0052857777803,2619.050513803524,3283.8017609736007,3545.062063803446,lgbm,2026-03-30,107,final,A-Y,False,False,False
750101310327,VHSA,3,2026-04-20,0.0,1922.3405264407122,2755.3270575371903,3700.0689199046446,13616.09774400927,lgbm,2026-03-30,107,final,A-Y,False,False,False
750101310327,VHSA,4,2026-04-27,0.0,1852.099437877108,2923.813101423625,3867.461819770126,13677.317874634142,lgbm,2026-03-30,107,final,A-Y,False,False,False
750101310327,VHSA,5,2026-05-04,0.0,1599.154113135904,3021.596306426292,4088.5607903775294,13921.91254583573,lgbm,2026-03-30,107,final,A-Y,False,False,False
750101310327,VHSA,6,2026-05-11,0.0,1439.6617933012435,2945.198182699675,4197.97380731929,13997.995634835605,lgbm,2026-03-30,107,final,A-Y,False,False,False
750101310327,VHSA,7,2026-05-18,0.0,1631.9442159391083,3082.051698343503,3896.3057492194657,13788.095746720484,lgbm,2026-03-30,107,final,A-Y,False,False,False
750101310327,VHSA,8,2026-05-25,0.0,1554.2992125336918,2900.7884902176947,4034.22569745156,13978.471340632968,lgbm,2026-03-30,107,final,A-Y,False,False,False
750101310340,CCUL,1,2026-04-06,2872.5834267162736,3187.0076160830235,7572.235183737044,11789.94201367007,12742.430393982497,lgbm,2026-03-30,107,final,A-Z,False,False,False
750101310340,CCUL,2,2026-04-13,771.9616881905167,3423.812431882335,7366.978456370414,12013.411614594352,18012.30215926688,lgbm,2026-03-30,107,final,A-Z,False,False,False
750101310340,CCUL,3,2026-04-20,774.2379821760769,2789.7592162385567,7723.386225795234,12781.583012536761,18553.0366705757,lgbm,2026-03-30,107,final,A-Z,False,False,False
750101310340,CCUL,4,2026-04-27,778.1232945003976,2798.3579050512735,8050.591882734143,14088.50335349045,19957.23606865683,lgbm,2026-03-30,107,final,A-Z,False,False,False
750101310340,CCUL,5,2026-05-04,139.86965281769244,2139.6677051384236,7600.201074272892,14161.477625777037,19682.94117085054,lgbm,2026-03-30,107,final,A-Z,False,False,False
750101310340,CCUL,6,2026-05-11,110.18030159904629,2056.1245941359675,7018.407188474712,14388.355013369637,19411.189464057567,lgbm,2026-03-30,107,final,A-Z,False,False,False
750101310340,CCUL,7,2026-05-18,2577.522458465433,3448.6146680734914,6427.81357098548,9834.865989301188,10729.00495885053,lgbm,2026-03-30,107,final,A-Z,False,False,False
750101310340,CCUL,8,2026-05-25,2418.3317698103397,3328.525157721273,5718.4611409326635,9859.545959483165,10880.69850537153,lgbm,2026-03-30,107,final,A-Z,False,False,False
750101310340,CMTY,1,2026-04-06,6317.731250355034,9981.354974871629,16905.789199134782,25726.961857483926,28894.774656928,lgbm,2026-03-30,107,final,A-Z,False,False,False
750101310340,CMTY,2,2026-04-13,1638.7828687427154,10363.634787134104,16600.387898830017,25511.41192493477,40919.96265594021,lgbm,2026-03-30,107,final,A-Z,False,False,False
750101310340,CMTY,3,2026-04-20,0.0,8071.57886944477,18359.73826381296,30315.646791139217,53547.38452198919,lgbm,2026-03-30,107,final,A-Z,False,False,False
750101310340,CMTY,4,2026-04-27,0.0,8036.891783025179,19548.086043300616,32242.24227796262,56256.85729668232,lgbm,2026-03-30,107,final,A-Z,False,False,False
750101310340,CMTY,5,2026-05-04,0.0,6367.875434109174,17532.904918192362,32437.614304378047,55953.079664605386,lgbm,2026-03-30,107,final,A-Z,False,False,False
750101310340,CMTY,6,2026-05-11,0.0,7136.979385316373,15805.591549311011,30578.96567912779,52122.91952808671,lgbm,2026-03-30,107,final,A-Z,False,False,False
750101310340,CMTY,7,2026-05-18,2636.792660404997,10034.861056330443,13599.915163891088,21669.503060334333,35028.65085264792,lgbm,2026-03-30,107,final,A-Z,False,False,False
750101310340,CMTY,8,2026-05-25,2426.7289660175975,8215.357019759442,13088.379500387451,22331.36665160833,34494.504162522004,lgbm,2026-03-30,107,final,A-Z,False,False,False
750101310340,MXLI,1,2026-04-06,862.0479986403038,1247.4078559703516,2668.0045587692593,4175.93230648674,4756.717838070437,lgbm,2026-03-30,107,final,A-Z,False,False,False
750101310340,MXLI,2,2026-04-13,180.09778045705912,1186.4639418865374,2643.131882733358,4330.729485673253,6539.345751295314,lgbm,2026-03-30,107,final,A-Z,False,False,False
750101310340,MXLI,3,2026-04-20,259.5403361318836,964.4026041050613,2793.6894075092696,4729.264792889257,6780.37319681543,lgbm,2026-03-30,107,final,A-Z,False,False,False
750101310340,MXLI,4,2026-04-27,177.0184527840986,939.5963874347365,2928.609261452915,5081.935359180634,7294.207714725755,lgbm,2026-03-30,107,final,A-Z,False,False,False
750101310340,MXLI,5,2026-05-04,10.026843482088907,702.9513036677704,2744.09954763756,5261.390773644218,7219.326889124605,lgbm,2026-03-30,107,final,A-Z,False,False,False
750101310340,MXLI,6,2026-05-11,0.0,636.606902067821,2575.6323174014647,5366.103637791115,7258.204025121619,lgbm,2026-03-30,107,final,A-Z,False,False,False
750101310340,MXLI,7,2026-05-18,213.76829417017325,999.5661693298371,2417.4826401134187,4161.162698567333,6141.678762132699,lgbm,2026-03-30,107,final,A-Z,False,False,False
750101310340,MXLI,8,2026-05-25,920.4403502647933,1096.2757263501994,2121.072952003354,3731.2505217119988,4045.240375889671,lgbm,2026-03-30,107,final,A-Z,False,False,False
750101310340,TLJ,1,2026-04-06,2873.895289939335,3422.327552401194,7422.374898478177,11014.767828935688,11278.244281156916,lgbm,2026-03-30,107,final,A-Z,False,False,False
750101310340,TLJ,2,2026-04-13,935.3765401745641,3494.6994193228447,7314.268127280165,11085.928578459,16345.151445216034,lgbm,2026-03-30,107,final,A-Z,False,False,False
750101310340,TLJ,3,2026-04-20,379.9455017491464,2950.3251403983472,7585.717564754239,12526.58095781698,18129.042397164227,lgbm,2026-03-30,107,final,A-Z,False,False,False
750101310340,TLJ,4,2026-04-27,551.0716086431748,2452.7025350211234,8233.719983703048,14166.273161221075,19720.597120095576,lgbm,2026-03-30,107,final,A-Z,False,False,False
750101310340,TLJ,5,2026-05-04,0.0,1872.4529779428144,7605.206961922959,14401.864742743384,19590.9679694835,lgbm,2026-03-30,107,final,A-Z,False,False,False
750101310340,TLJ,6,2026-05-11,0.0,1721.908275719561,7035.468329210712,14775.970553023655,19575.069736968086,lgbm,2026-03-30,107,final,A-Z,False,False,False
750101310340,TLJ,7,2026-05-18,2708.403436801896,3263.491144029881,6257.996108532772,10043.444004568242,10581.789058965522,lgbm,2026-03-30,107,final,A-Z,False,False,False
750101310340,TLJ,8,2026-05-25,2579.810108255106,3015.103451273305,5548.114736061324,10042.046108110766,10610.615706699557,lgbm,2026-03-30,107,final,A-Z,False,False,False
750101310340,VHSA,1,2026-04-06,3724.7504782041424,4187.856752516885,9315.836006508944,14894.460399909402,15290.096654673624,lgbm,2026-03-30,107,final,A-Z,False,False,False
750101310340,VHSA,2,2026-04-13,1136.6102297638863,4428.321208920135,9308.755401696595,15321.124436880487,22377.169755136983,lgbm,2026-03-30,107,final,A-Z,False,False,False
750101310340,VHSA,3,2026-04-20,875.1951650838646,3578.529547163251,9881.105271830815,16694.109662529758,23973.01683065782,lgbm,2026-03-30,107,final,A-Z,False,False,False
750101310340,VHSA,4,2026-04-27,668.286463766065,3406.6216480306175,10232.6692856343,18498.279190667858,25830.97720805161,lgbm,2026-03-30,107,final,A-Z,False,False,False
750101310340,VHSA,5,2026-05-04,149.25868499955413,2717.4325150844834,9676.969341096537,18543.46699012418,25448.71271479669,lgbm,2026-03-30,107,final,A-Z,False,False,False
750101310340,VHSA,6,2026-05-11,622.6935716357293,2402.0460980033777,8873.830264708426,18550.911666005206,23312.024777812978,lgbm,2026-03-30,107,final,A-Z,False,False,False
750101310340,VHSA,7,2026-05-18,3635.5744408839673,4175.027370062234,7950.489501730346,13033.280834238547,13626.025309036668,lgbm,2026-03-30,107,final,A-Z,False,False,False
750101310340,VHSA,8,2026-05-25,3383.516478641528,4093.6972678287793,6981.554310493958,13122.287942563675,13788.973034031282,lgbm,2026-03-30,107,final,A-Z,False,False,False
750101310341,CCUL,1,2026-04-06,1229.953605908921,2208.6708322627837,3471.0573547731015,4491.633067788022,5141.23741718895,lgbm,2026-03-30,107,final,A-Z,False,False,False
750101310341,CCUL,2,2026-04-13,1207.0170725291512,2240.176113488639,3446.6705127062132,4540.5465939991345,5262.546132838405,lgbm,2026-03-30,107,final,A-Z,False,False,False
750101310341,CCUL,3,2026-04-20,1135.925724494914,2044.5541380169038,3536.0737691074164,4690.152603480086,5321.506852865716,lgbm,2026-03-30,107,final,A-Z,False,False,False
750101310341,CCUL,4,2026-04-27,1047.8953888480614,1866.7258391944415,3652.31622375088,5166.344548814661,5873.975641437633,lgbm,2026-03-30,107,final,A-Z,False,False,False
750101310341,CCUL,5,2026-05-04,934.2306723336928,1570.3960118700825,3461.4053284428046,5111.324625412887,5765.830062200721,lgbm,2026-03-30,107,final,A-Z,False,False,False
750101310341,CCUL,6,2026-05-11,999.0088167284946,1648.2650601296832,3416.097310761831,5088.419861038756,5656.763972099624,lgbm,2026-03-30,107,final,A-Z,False,False,False
750101310341,CCUL,7,2026-05-18,1288.6173780780969,1859.6355908175547,3344.646576750483,4280.664315934959,4857.352531377188,lgbm,2026-03-30,107,final,A-Z,False,False,False
750101310341,CCUL,8,2026-05-25,1294.1193859679715,1864.5562853552426,3043.733912082615,4332.327529773542,4869.833359549997,lgbm,2026-03-30,107,final,A-Z,False,False,False
750101310341,CMTY,1,2026-04-06,7762.539767640051,11920.969967058816,20214.83148212642,27332.52185289506,30561.04861428244,lgbm,2026-03-30,107,final,A-Z,False,False,False
750101310341,CMTY,2,2026-04-13,7692.065632723373,12417.411539302346,20143.43944291617,27163.369154860313,30626.53672333494,lgbm,2026-03-30,107,final,A-Z,False,False,False
750101310341,CMTY,3,2026-04-20,7469.156962793087,11241.65209044407,20656.527185893035,28714.6654037969,31598.46782554105,lgbm,2026-03-30,107,final,A-Z,False,False,False
750101310341,CMTY,4,2026-04-27,7800.753146846589,11831.360220983297,21429.545259778162,29369.453017652635,33119.13274264459,lgbm,2026-03-30,107,final,A-Z,False,False,False
750101310341,CMTY,5,2026-05-04,6477.88159974937,9009.182144822254,18949.81514255562,29950.294774803162,32859.2290489361,lgbm,2026-03-30,107,final,A-Z,False,False,False
750101310341,CMTY,6,2026-05-11,6389.07459311697,8828.376582754769,19253.52490399063,30155.22712688954,33096.621260391934,lgbm,2026-03-30,107,final,A-Z,False,False,False
750101310341,CMTY,7,2026-05-18,7858.817517126487,10961.55430344845,18316.10727134062,24413.141131291508,27877.506986324857,lgbm,2026-03-30,107,final,A-Z,False,False,False
750101310341,CMTY,8,2026-05-25,7853.17445075525,11311.08385898364,16448.222596270127,24102.955634645,27683.34571682974,lgbm,2026-03-30,107,final,A-Z,False,False,False
750101310341,MXLI,1,2026-04-06,0.0,0.0,155.60182629185005,331.8035814871752,1242.094667577636,lgbm,2026-03-30,107,final,A-Z,False,False,False
750101310341,MXLI,2,2026-04-13,0.0,0.0,155.2204287308704,332.72880367648924,1237.2620584912816,lgbm,2026-03-30,107,final,A-Z,False,False,False
750101310341,MXLI,3,2026-04-20,0.0,0.0,152.52069715437307,333.79383719958577,1236.1459602739596,lgbm,2026-03-30,107,final,A-Z,False,False,False
750101310341,MXLI,4,2026-04-27,0.0,0.0,151.16234373300142,342.6009228387795,1241.9913658354608,lgbm,2026-03-30,107,final,A-Z,False,False,False
750101310341,MXLI,5,2026-05-04,0.0,0.0,142.80032678820652,337.51536663617674,1230.8781632554942,lgbm,2026-03-30,107,final,A-Z,False,False,False
750101310341,MXLI,6,2026-05-11,0.0,0.0,132.49220121194654,341.977393810732,1234.9082630229248,lgbm,2026-03-30,107,final,A-Z,False,False,False
750101310341,MXLI,7,2026-05-18,0.0,0.0,132.32066488534537,326.63114284121656,1221.1427743022716,lgbm,2026-03-30,107,final,A-Z,False,False,False
750101310341,MXLI,8,2026-05-25,0.0,0.0,122.26653607473794,325.1565327853318,1219.5609645145037,lgbm,2026-03-30,107,final,A-Z,False,False,False
750101310341,TLJ,1,2026-04-06,1887.1599722616136,3158.3487491685078,5955.202531223674,8334.67248593534,9426.509848059874,lgbm,2026-03-30,107,final,A-Z,False,False,False
750101310341,TLJ,2,2026-04-13,1838.7875793352314,3314.3397879335216,5952.25449375577,8360.1408629659,9498.514360658148,lgbm,2026-03-30,107,final,A-Z,False,False,False
750101310341,TLJ,3,2026-04-20,1825.8414277925717,2973.015686994044,6040.068544982222,8814.422116808262,9680.79688790554,lgbm,2026-03-30,107,final,A-Z,False,False,False
750101310341,TLJ,4,2026-04-27,418.31215805304964,3006.2311419963735,6162.727239759149,9603.917548195408,14324.759750974132,lgbm,2026-03-30,107,final,A-Z,False,False,False
750101310341,TLJ,5,2026-05-04,286.0226712404815,2175.9787366374317,5910.035626112859,9608.747450712965,13852.267204637927,lgbm,2026-03-30,107,final,A-Z,False,False,False
750101310341,TLJ,6,2026-05-11,1657.9733098326747,2092.4064356971176,5718.0869516085995,9442.212869678773,10175.356644595977,lgbm,2026-03-30,107,final,A-Z,False,False,False
750101310341,TLJ,7,2026-05-18,2136.039681784676,2823.4459368773005,5635.3452125632275,7678.576183174714,8623.776728206067,lgbm,2026-03-30,107,final,A-Z,False,False,False
750101310341,TLJ,8,2026-05-25,2048.826473537265,2853.7184125182184,5213.040014602759,7634.106796432143,8749.752314101235,lgbm,2026-03-30,107,final,A-Z,False,False,False
750101310341,VHSA,1,2026-04-06,1670.5698613775394,3080.9754884816475,5309.7451450310455,6917.384494315752,7920.751069330516,lgbm,2026-03-30,107,final,A-Z,False,False,False
750101310341,VHSA,2,2026-04-13,1585.8448211623493,3082.0153248548527,5262.653201894161,7001.741779712447,8130.574967969489,lgbm,2026-03-30,107,final,A-Z,False,False,False
750101310341,VHSA,3,2026-04-20,1526.1608838426257,2702.7287957751,5437.051152196376,7425.977648424424,8341.522114020212,lgbm,2026-03-30,107,final,A-Z,False,False,False
750101310341,VHSA,4,2026-04-27,1489.0984781798222,2757.9256745543844,5538.49577359628,7666.752487263953,8962.79075213383,lgbm,2026-03-30,107,final,A-Z,False,False,False
750101310341,VHSA,5,2026-05-04,1353.3634896916512,2274.0860206573057,5194.102878964378,7780.45576118538,8827.37035497082,lgbm,2026-03-30,107,final,A-Z,False,False,False
750101310341,VHSA,6,2026-05-11,1462.2242207444451,2404.701314934623,5095.306487374199,7623.044975511437,8544.020690131001,lgbm,2026-03-30,107,final,A-Z,False,False,False
750101310341,VHSA,7,2026-05-18,1914.9450898466514,2851.6929604660913,5022.847722708715,6327.101091162108,7425.93320914212,lgbm,2026-03-30,107,final,A-Z,False,False,False
750101310341,VHSA,8,2026-05-25,1848.0216265728648,2814.4750928462454,4552.159823780772,6314.33769843996,7481.5477450980925,lgbm,2026-03-30,107,final,A-Z,False,False,False
750101310342,CCUL,1,2026-04-06,2500.6773277209463,3604.6599673875853,6418.841163876081,9901.105887111731,11180.736060598454,lgbm,2026-03-30,107,final,A-Z,False,False,False
750101310342,CCUL,2,2026-04-13,2200.8714143182156,3498.5465252521835,6356.705225753717,10315.938912159632,11894.205517006212,lgbm,2026-03-30,107,final,A-Z,False,False,False
750101310342,CCUL,3,2026-04-20,2033.6066100761886,3099.496587166493,6537.477903623068,10812.271027181438,12369.741525969064,lgbm,2026-03-30,107,final,A-Z,False,False,False
750101310342,CCUL,4,2026-04-27,1984.6688640804487,2967.5716841933813,6913.268523173899,12080.61729538416,13877.150559522812,lgbm,2026-03-30,107,final,A-Z,False,False,False
750101310342,CCUL,5,2026-05-04,1733.3870442305993,2385.614453315773,6473.146422134897,12092.32308650499,13281.288782338323,lgbm,2026-03-30,107,final,A-Z,False,False,False
750101310342,CCUL,6,2026-05-11,1607.8099933951999,2351.2917820821012,6149.151558132383,12448.531238111655,13280.154231666995,lgbm,2026-03-30,107,final,A-Z,False,False,False
750101310342,CCUL,7,2026-05-18,2127.7145548644503,3182.365746927003,5744.37652509183,8357.193261747612,9677.33608691749,lgbm,2026-03-30,107,final,A-Z,False,False,False
750101310342,CCUL,8,2026-05-25,1982.6520763576991,3066.357229075469,5341.6422118971595,8465.997620492315,9819.313574845311,lgbm,2026-03-30,107,final,A-Z,False,False,False
750101310342,CMTY,1,2026-04-06,5956.623951399668,8682.056188131113,15928.879668882737,23798.416999885605,26809.085491590697,lgbm,2026-03-30,107,final,A-Z,False,False,False
750101310342,CMTY,2,2026-04-13,1321.0032986361548,8903.049028356152,15721.324673524154,24293.658951488527,38964.18679357426,lgbm,2026-03-30,107,final,A-Z,False,False,False
750101310342,CMTY,3,2026-04-20,0.0,7123.39636523169,16240.716973379738,28125.81931382372,50356.65316937776,lgbm,2026-03-30,107,final,A-Z,False,False,False
750101310342,CMTY,4,2026-04-27,0.0,7039.234012367776,17489.09283566562,30964.21445192487,54301.12674237501,lgbm,2026-03-30,107,final,A-Z,False,False,False
750101310342,CMTY,5,2026-05-04,0.0,4669.424245361477,15699.116407656476,31938.318984212994,53454.0815698757,lgbm,2026-03-30,107,final,A-Z,False,False,False
750101310342,CMTY,6,2026-05-11,0.0,5771.451685668244,14876.417018261442,29153.78891956484,47743.369827979,lgbm,2026-03-30,107,final,A-Z,False,False,False
750101310342,CMTY,7,2026-05-18,2055.2155492258917,8282.54747275283,13564.149628337,21754.49057179137,33288.56989764717,lgbm,2026-03-30,107,final,A-Z,False,False,False
750101310342,CMTY,8,2026-05-25,1951.233625850864,8013.941775608582,12071.779837336153,21897.067139792864,33129.07630264633,lgbm,2026-03-30,107,final,A-Z,False,False,False
750101310342,MXLI,1,2026-04-06,413.37767140773997,800.8724109440576,1847.0640860032372,3156.0541600152924,3586.2488853251784,lgbm,2026-03-30,107,final,A-Z,False,False,False
750101310342,MXLI,2,2026-04-13,0.0,804.04350507796,1838.4425380990963,3233.6856042728796,5009.284919505937,lgbm,2026-03-30,107,final,A-Z,False,False,False
750101310342,MXLI,3,2026-04-20,0.0,609.2076409236112,2034.1778593058912,3611.683630881301,6080.827750029927,lgbm,2026-03-30,107,final,A-Z,False,False,False
750101310342,MXLI,4,2026-04-27,0.0,643.7900770632963,2133.5948313540066,3761.181440371543,6410.248936441792,lgbm,2026-03-30,107,final,A-Z,False,False,False
750101310342,MXLI,5,2026-05-04,0.0,459.84103341793616,1984.8359525742417,3851.234056760094,6383.171798674513,lgbm,2026-03-30,107,final,A-Z,False,False,False
750101310342,MXLI,6,2026-05-11,0.0,387.9550071207127,1876.9429980015436,3903.186854290885,6352.366228026183,lgbm,2026-03-30,107,final,A-Z,False,False,False
750101310342,MXLI,7,2026-05-18,0.0,789.7202178089889,1891.6328418775938,2861.167472319314,4323.817303643851,lgbm,2026-03-30,107,final,A-Z,False,False,False
750101310342,MXLI,8,2026-05-25,0.0,703.6460398818242,1767.5826568314897,2960.6984249536404,5806.571799203699,lgbm,2026-03-30,107,final,A-Z,False,False,False
750101310342,TLJ,1,2026-04-06,2685.2513900117674,3570.032672856275,7169.333634286057,10436.055943088819,11079.686809504357,lgbm,2026-03-30,107,final,A-Z,False,False,False
750101310342,TLJ,2,2026-04-13,799.4943680827901,3535.3115980443117,7122.723274070205,10767.013579928895,16059.94828129856,lgbm,2026-03-30,107,final,A-Z,False,False,False
750101310342,TLJ,3,2026-04-20,389.6039565539204,3102.051849998573,7268.691224269039,11903.122897015342,17415.096290271395,lgbm,2026-03-30,107,final,A-Z,False,False,False
750101310342,TLJ,4,2026-04-27,384.9114636171453,2632.241865444089,7722.815646476018,13660.988853678478,19377.825112377406,lgbm,2026-03-30,107,final,A-Z,False,False,False
750101310342,TLJ,5,2026-05-04,45.51995102093497,1849.76889480635,7130.316454899898,13915.161951151113,19032.833079078915,lgbm,2026-03-30,107,final,A-Z,False,False,False
750101310342,TLJ,6,2026-05-11,253.8045914248214,2193.824458601545,6717.2427196189155,13523.563481551022,18202.024673385527,lgbm,2026-03-30,107,final,A-Z,False,False,False
750101310342,TLJ,7,2026-05-18,2407.6580626307887,3239.9201008573914,6338.522675996678,9821.719025136566,10783.527207748164,lgbm,2026-03-30,107,final,A-Z,False,False,False
750101310342,TLJ,8,2026-05-25,2324.5810251696407,3108.01257925105,5675.602086985279,9853.291881246398,10774.57381772981,lgbm,2026-03-30,107,final,A-Z,False,False,False
750101310342,VHSA,1,2026-04-06,2586.5635863267057,3577.9730954271763,7387.899215446015,11556.987058693081,12707.96240048962,lgbm,2026-03-30,107,final,A-Z,False,False,False
750101310342,VHSA,2,2026-04-13,395.8068603909742,3526.1869369112887,7334.364750767004,11972.322519990405,18406.050160594168,lgbm,2026-03-30,107,final,A-Z,False,False,False
750101310342,VHSA,3,2026-04-20,480.34805105903797,2689.6216235472584,7530.181840937055,13368.45735093202,19013.378734346214,lgbm,2026-03-30,107,final,A-Z,False,False,False
750101310342,VHSA,4,2026-04-27,282.95942444877164,2592.3565717590727,7749.062246413279,14339.894803836773,20503.489589540197,lgbm,2026-03-30,107,final,A-Z,False,False,False
750101310342,VHSA,5,2026-05-04,1.9299778520980908,1896.4030763174069,7343.661723667292,14317.52682714882,19950.272861724377,lgbm,2026-03-30,107,final,A-Z,False,False,False
750101310342,VHSA,6,2026-05-11,362.0360339647159,2466.466181457592,7098.341356953923,12946.793069353022,18292.340840453722,lgbm,2026-03-30,107,final,A-Z,False,False,False
750101310342,VHSA,7,2026-05-18,2477.9307699929836,3440.6350713157262,6699.469925338579,10088.578206589853,11641.802224022646,lgbm,2026-03-30,107,final,A-Z,False,False,False
750101310342,VHSA,8,2026-05-25,2260.8654491107886,3286.286555057939,6047.0981059012,10151.74935220679,11857.140250989676,lgbm,2026-03-30,107,final,A-Z,False,False,False
750101310406,CCUL,1,2026-04-06,4529.017764638614,4950.391538544743,6857.801978143739,8261.156058401546,8660.461119963202,lgbm,2026-03-30,107,final,A-Y,False,False,False
750101310406,CCUL,2,2026-04-13,4535.863971424474,5044.425387408822,7246.145274895349,8655.18320471449,9001.637470575562,lgbm,2026-03-30,107,final,A-Y,False,False,False
750101310406,CCUL,3,2026-04-20,4387.402388716024,4768.102751951063,6739.6178718175315,8365.779305031223,8822.541027662548,lgbm,2026-03-30,107,final,A-Y,False,False,False
750101310406,CCUL,4,2026-04-27,4451.663418473075,4687.640531369565,7386.046248271588,10025.674484544297,10088.908674633134,lgbm,2026-03-30,107,final,A-Y,False,False,False
750101310406,CCUL,5,2026-05-04,4303.352212904249,4406.04977449611,6953.626377296342,9249.939200753324,9413.069002601816,lgbm,2026-03-30,107,final,A-Y,False,False,False
750101310406,CCUL,6,2026-05-11,4053.67936929014,4482.120906296295,7402.408788991031,9810.758608864644,10211.721957238806,lgbm,2026-03-30,107,final,A-Y,False,False,False
750101310406,CCUL,7,2026-05-18,3666.8618678347975,4105.22981306106,6304.978618817768,8120.1825362765585,8686.333864922615,lgbm,2026-03-30,107,final,A-Y,False,False,False
750101310406,CCUL,8,2026-05-25,2997.95208391136,3122.3205896857144,4397.375494285295,7534.268474998576,7937.825245179295,lgbm,2026-03-30,107,final,A-Y,False,False,False
750101310406,CMD2,1,2026-04-06,26216.484216636985,27933.388513286358,37110.458431820574,42715.66557872078,43897.87759798067,lgbm,2026-03-30,107,final,A-Y,False,False,False
750101310406,CMD2,2,2026-04-13,26710.133260214126,28457.034573813948,38240.491890425044,44519.86830109745,45811.066274244404,lgbm,2026-03-30,107,final,A-Y,False,False,False
750101310406,CMD2,3,2026-04-20,25322.37175532395,25898.701970702274,37051.256338082654,43846.42662425065,45020.95179754496,lgbm,2026-03-30,107,final,A-Y,False,False,False
750101310406,CMD2,4,2026-04-27,26762.791532337993,27144.967105340198,39500.508962430635,49583.58671829245,50353.47538087322,lgbm,2026-03-30,107,final,A-Y,False,False,False
750101310406,CMD2,5,2026-05-04,24092.83749471145,26179.33207901237,35980.74876464976,44353.112140999045,46823.496832325014,lgbm,2026-03-30,107,final,A-Y,False,False,False
750101310406,CMD2,6,2026-05-11,23242.609144671405,26229.819095974115,38024.16387887759,46264.242672955465,50897.9113352927,lgbm,2026-03-30,107,final,A-Y,False,False,False
750101310406,CMD2,7,2026-05-18,22603.862983278188,23746.159844844937,33536.24459776321,42159.24886585261,43044.915050480835,lgbm,2026-03-30,107,final,A-Y,False,False,False
750101310406,CMD2,8,2026-05-25,16282.301779345333,16771.50442324508,23183.26667054288,39011.58014825284,41168.15776595273,lgbm,2026-03-30,107,final,A-Y,False,False,False
750101310406,CMTY,1,2026-04-06,10285.509877617194,11387.89931217665,13778.825356900876,16086.59496441722,16580.04963780437,lgbm,2026-03-30,107,final,A-Y,False,False,False
750101310406,CMTY,2,2026-04-13,10208.416329151969,11039.616897621676,14521.193267770754,17156.622317149555,17192.970450094996,lgbm,2026-03-30,107,final,A-Y,False,False,False
750101310406,CMTY,3,2026-04-20,10082.210739997457,10711.20215417442,13830.953407831286,16460.665321770142,16750.189272022923,lgbm,2026-03-30,107,final,A-Y,False,False,False
750101310406,CMTY,4,2026-04-27,10077.511258174185,10608.810460211427,15168.962063813917,18834.25391364903,19084.390841009856,lgbm,2026-03-30,107,final,A-Y,False,False,False
750101310406,CMTY,5,2026-05-04,9483.51849932573,10195.984485432711,13983.640489435014,17237.61552096885,17477.05328558029,lgbm,2026-03-30,107,final,A-Y,False,False,False
750101310406,CMTY,6,2026-05-11,9847.25703853099,10791.470774860138,15138.92296753953,18222.92705829107,18678.853008811875,lgbm,2026-03-30,107,final,A-Y,False,False,False
750101310406,CMTY,7,2026-05-18,9517.520901411282,10110.52310444856,13434.890205830663,16561.984692967864,16660.26870090258,lgbm,2026-03-30,107,final,A-Y,False,False,False
750101310406,CMTY,8,2026-05-25,7785.573315845708,8085.931098560263,10222.61229358247,14704.561951655089,15341.471579439476,lgbm,2026-03-30,107,final,A-Y,False,False,False
750101310406,MXLI,1,2026-04-06,1946.8403230175559,2081.467138159624,2862.725203723283,3526.7417024855245,3584.6202814143744,lgbm,2026-03-30,107,final,A-Y,False,False,False
750101310406,MXLI,2,2026-04-13,1904.3857754067083,2110.2286366106327,3028.6443312105166,3735.5141984540924,3747.660713021168,lgbm,2026-03-30,107,final,A-Y,False,False,False
750101310406,MXLI,3,2026-04-20,1891.9858152184115,2030.4000919372593,2849.9830187334346,3606.412043695148,3632.6222682614293,lgbm,2026-03-30,107,final,A-Y,False,False,False
750101310406,MXLI,4,2026-04-27,1887.9222387333937,2020.3783535058474,3138.38463231334,4025.1570806645104,4132.940520829189,lgbm,2026-03-30,107,final,A-Y,False,False,False
750101310406,MXLI,5,2026-05-04,1719.237867293311,1866.4718499662513,2858.7000968910893,3742.1424324081568,3875.256904224998,lgbm,2026-03-30,107,final,A-Y,False,False,False
750101310406,MXLI,6,2026-05-11,1624.3536410159106,1831.0548954999936,3027.654136361296,4004.872688714623,4248.649850076294,lgbm,2026-03-30,107,final,A-Y,False,False,False
750101310406,MXLI,7,2026-05-18,1598.685102714637,1696.0635602507898,2602.4224090406365,3378.4342686818536,3379.8831072327966,lgbm,2026-03-30,107,final,A-Y,False,False,False
750101310406,MXLI,8,2026-05-25,1282.0418602610764,1403.3583500284776,1920.9281396172962,3206.91489219931,3302.0794385927124,lgbm,2026-03-30,107,final,A-Y,False,False,False
750101310406,TLJ,1,2026-04-06,12293.33645001123,13481.960790813564,17814.552880852425,20504.50817614931,21049.634086088477,lgbm,2026-03-30,107,final,A-Y,False,False,False
750101310406,TLJ,2,2026-04-13,12180.068273941317,13659.555556657404,18520.878672732648,21659.826723162216,22228.72226375221,lgbm,2026-03-30,107,final,A-Y,False,False,False
750101310406,TLJ,3,2026-04-20,12011.393558412596,12854.04988479358,17898.744500394805,21298.892348175323,21827.443167278336,lgbm,2026-03-30,107,final,A-Y,False,False,False
750101310406,TLJ,4,2026-04-27,12933.676211571394,13637.732008424146,19087.485616107697,23688.72138845709,24017.569801952966,lgbm,2026-03-30,107,final,A-Y,False,False,False
750101310406,TLJ,5,2026-05-04,11657.133887700704,13141.189951970631,17694.40335046065,21545.569911781902,22481.238878544325,lgbm,2026-03-30,107,final,A-Y,False,False,False
750101310406,TLJ,6,2026-05-11,11456.888991986303,13015.267040727544,18796.151078185972,22860.314226152917,24534.277726089636,lgbm,2026-03-30,107,final,A-Y,False,False,False
750101310406,TLJ,7,2026-05-18,10989.830459145474,11883.466291461627,16966.07822567187,21151.702789520074,21318.9991885197,lgbm,2026-03-30,107,final,A-Y,False,False,False
750101310406,TLJ,8,2026-05-25,8806.914407544513,8946.681709507731,12202.305229925332,18378.18651908468,19912.287213304546,lgbm,2026-03-30,107,final,A-Y,False,False,False
750101310406,VHSA,1,2026-04-06,6349.577485770888,7044.626731709204,9295.851571641897,11110.030287794812,11607.897536496488,lgbm,2026-03-30,107,final,A-Y,False,False,False
750101310406,VHSA,2,2026-04-13,5995.453154185233,6949.500820451362,9593.494230482129,11622.993348561715,12386.083527841029,lgbm,2026-03-30,107,final,A-Y,False,False,False
750101310406,VHSA,3,2026-04-20,5924.877725179891,6795.0127533898485,9373.156907655208,11338.404504580114,12263.727933330008,lgbm,2026-03-30,107,final,A-Y,False,False,False
750101310406,VHSA,4,2026-04-27,6177.575546635953,6676.879939826039,10253.07169693367,13609.680022894503,13690.203916378328,lgbm,2026-03-30,107,final,A-Y,False,False,False
750101310406,VHSA,5,2026-05-04,5872.423696688328,6159.251568786649,9422.636367774176,12641.312879601208,12690.55891981436,lgbm,2026-03-30,107,final,A-Y,False,False,False
750101310406,VHSA,6,2026-05-11,5638.680693225254,6113.190909140603,9957.72833532525,13279.82536242413,13740.45497985985,lgbm,2026-03-30,107,final,A-Y,False,False,False
750101310406,VHSA,7,2026-05-18,5311.878339685876,5945.470739758251,9103.057659731383,11553.132966092078,12101.260918695989,lgbm,2026-03-30,107,final,A-Y,False,False,False
750101310406,VHSA,8,2026-05-25,4127.100919262179,4148.340204928671,6100.260288675624,10270.09069157451,11005.491915994084,lgbm,2026-03-30,107,final,A-Y,False,False,False
750101310407,CCUL,1,2026-04-06,4592.2438541753645,4872.769916216853,6404.810708145229,7875.223335056803,7950.287553159813,lgbm,2026-03-30,107,final,A-Y,False,False,False
750101310407,CCUL,2,2026-04-13,4563.0136593685,5024.317658553416,6634.503977659441,8126.541127543841,8338.950058575952,lgbm,2026-03-30,107,final,A-Y,False,False,False
750101310407,CCUL,3,2026-04-20,4452.971000544095,4651.302885645507,6399.432091597934,8025.996172872382,8057.525493801331,lgbm,2026-03-30,107,final,A-Y,False,False,False
750101310407,CCUL,4,2026-04-27,4471.905187550901,5065.158973880858,7139.11683481228,8783.3727361889,9788.220018904853,lgbm,2026-03-30,107,final,A-Y,False,False,False
750101310407,CCUL,5,2026-05-04,4413.5648272821245,4582.738371865915,6760.531996713714,8532.177108365688,8675.93008135283,lgbm,2026-03-30,107,final,A-Y,False,False,False
750101310407,CCUL,6,2026-05-11,4365.774235362249,4678.327419340061,7112.254121934551,8958.694517495378,8976.823368670815,lgbm,2026-03-30,107,final,A-Y,False,False,False
750101310407,CCUL,7,2026-05-18,3756.678845722373,4103.1069388221695,6151.54515808853,7917.363473520041,8029.028319198076,lgbm,2026-03-30,107,final,A-Y,False,False,False
750101310407,CCUL,8,2026-05-25,3177.9770260320042,3256.193482233678,4486.896461993457,7372.830134742981,7486.449562870889,lgbm,2026-03-30,107,final,A-Y,False,False,False
750101310407,CMD2,1,2026-04-06,21803.373300066894,23752.99094632742,28723.76025091322,34146.148416000324,35291.020137956846,lgbm,2026-03-30,107,final,A-Y,False,False,False
750101310407,CMD2,2,2026-04-13,22593.347330413693,24813.680058820108,30148.382987098175,34659.04332056385,36109.36873362906,lgbm,2026-03-30,107,final,A-Y,False,False,False
750101310407,CMD2,3,2026-04-20,21172.619282458996,22749.470497203536,29200.55894504895,34734.54052151549,35580.37054680336,lgbm,2026-03-30,107,final,A-Y,False,False,False
750101310407,CMD2,4,2026-04-27,22381.545846633027,24261.542891568075,32557.302397207895,37211.95914126694,39115.5785230624,lgbm,2026-03-30,107,final,A-Y,False,False,False
750101310407,CMD2,5,2026-05-04,21314.44844688877,22291.97597315908,29969.9802567619,34874.17953649757,35737.65940863535,lgbm,2026-03-30,107,final,A-Y,False,False,False
750101310407,CMD2,6,2026-05-11,21151.834714709035,22583.085300663264,31597.332602309867,36500.26766282438,37173.341668167326,lgbm,2026-03-30,107,final,A-Y,False,False,False
750101310407,CMD2,7,2026-05-18,19566.234852976784,19952.11186313517,28721.128756696857,35658.692778217155,35838.77984650365,lgbm,2026-03-30,107,final,A-Y,False,False,False
750101310407,CMD2,8,2026-05-25,16095.292153081878,16504.192195411368,21312.230373941242,31363.8326800945,33158.14606558175,lgbm,2026-03-30,107,final,A-Y,False,False,False
750101310407,CMTY,1,2026-04-06,10219.704924558722,11070.214483329988,12528.361990370455,14996.74241434851,15472.067991585178,lgbm,2026-03-30,107,final,A-Y,False,False,False
750101310407,CMTY,2,2026-04-13,10174.245857026614,11079.253306009172,13196.928371959644,15675.178789498006,16501.129063988996,lgbm,2026-03-30,107,final,A-Y,False,False,False
750101310407,CMTY,3,2026-04-20,10212.86243786577,10485.864790763291,12695.896335348953,15502.594281403643,15640.173953231639,lgbm,2026-03-30,107,final,A-Y,False,False,False
750101310407,CMTY,4,2026-04-27,10124.626225373535,11030.311817330314,14285.359477960857,17024.193998827242,17846.558188715306,lgbm,2026-03-30,107,final,A-Y,False,False,False
750101310407,CMTY,5,2026-05-04,9559.436932729159,9972.097119590095,13030.917983295036,16216.704271361896,16444.67141332575,lgbm,2026-03-30,107,final,A-Y,False,False,False
750101310407,CMTY,6,2026-05-11,10123.175741667097,10728.409177253105,14017.286213803784,16872.37264154257,17125.6265660187,lgbm,2026-03-30,107,final,A-Y,False,False,False
750101310407,CMTY,7,2026-05-18,9551.197940330132,10041.928191196015,12422.10728634812,14717.63443095072,15492.35034446694,lgbm,2026-03-30,107,final,A-Y,False,False,False
750101310407,CMTY,8,2026-05-25,8163.611078561035,9179.696427450312,10364.817732465015,13298.420166626602,14641.442231121182,lgbm,2026-03-30,107,final,A-Y,False,False,False
750101310407,MXLI,1,2026-04-06,2104.7968272693993,2218.2181141017277,2829.8746559010756,3503.11489631751,3550.7073745513353,lgbm,2026-03-30,107,final,A-Y,False,False,False
750101310407,MXLI,2,2026-04-13,2120.206640608111,2309.6341189640793,2986.107315979182,3669.9847526557983,3716.2371467176076,lgbm,2026-03-30,107,final,A-Y,False,False,False
750101310407,MXLI,3,2026-04-20,2108.648822082511,2220.280352797783,2860.8785132758894,3609.375500865865,3610.5408529084284,lgbm,2026-03-30,107,final,A-Y,False,False,False
750101310407,MXLI,4,2026-04-27,2041.184020432282,2269.6905924844573,3217.903205421592,3948.0630235453677,4211.084513224063,lgbm,2026-03-30,107,final,A-Y,False,False,False
750101310407,MXLI,5,2026-05-04,1975.6849100356685,2068.8715126908514,2966.56048960543,3763.0273329334977,3824.4282185549164,lgbm,2026-03-30,107,final,A-Y,False,False,False
750101310407,MXLI,6,2026-05-11,2070.9408665468613,2308.847923193633,3109.2875233992363,3896.5039302795717,3934.1235618893306,lgbm,2026-03-30,107,final,A-Y,False,False,False
750101310407,MXLI,7,2026-05-18,1784.2969781823385,1989.1881155359442,2662.392536333798,3245.976874861879,3325.809265621152,lgbm,2026-03-30,107,final,A-Y,False,False,False
750101310407,MXLI,8,2026-05-25,1596.407484178469,1756.0611602872955,2175.449702384908,3130.5430171700027,3287.3949946468642,lgbm,2026-03-30,107,final,A-Y,False,False,False
750101310407,TLJ,1,2026-04-06,11708.825529815478,12561.034364512267,15978.703121791972,19336.82522855939,19555.191256473456,lgbm,2026-03-30,107,final,A-Y,False,False,False
750101310407,TLJ,2,2026-04-13,12088.46105869006,13631.611499055789,16616.586912676634,19692.870893139716,20173.809737355918,lgbm,2026-03-30,107,final,A-Y,False,False,False
750101310407,TLJ,3,2026-04-20,11524.537335669816,12151.093908901106,16318.619520810167,19812.188456557415,19845.77771465703,lgbm,2026-03-30,107,final,A-Y,False,False,False
750101310407,TLJ,4,2026-04-27,12452.202959516777,13861.791672755591,17895.742298764028,20563.959510251698,22193.34164248955,lgbm,2026-03-30,107,final,A-Y,False,False,False
750101310407,TLJ,5,2026-05-04,11791.091843096901,12480.497197872446,16516.697238879136,19794.51078057849,19914.016610721257,lgbm,2026-03-30,107,final,A-Y,False,False,False
750101310407,TLJ,6,2026-05-11,11767.03508132503,12586.709003813152,17295.86104971871,20959.94127777198,20977.239236969035,lgbm,2026-03-30,107,final,A-Y,False,False,False
750101310407,TLJ,7,2026-05-18,10674.70237051596,11112.050702800221,15956.083488224529,19804.86045199459,20210.641891323052,lgbm,2026-03-30,107,final,A-Y,False,False,False
750101310407,TLJ,8,2026-05-25,8824.408714242845,8914.481127442656,11944.892935126512,17605.2341676362,18728.485123039696,lgbm,2026-03-30,107,final,A-Y,False,False,False
750101310407,VHSA,1,2026-04-06,5985.840521007914,6261.91943501122,8079.377813149153,10080.791710024476,10267.319018565639,lgbm,2026-03-30,107,final,A-Y,False,False,False
750101310407,VHSA,2,2026-04-13,6099.055711853434,6832.4861370006965,8363.3943464981,10370.83059056235,10532.627894307081,lgbm,2026-03-30,107,final,A-Y,False,False,False
750101310407,VHSA,3,2026-04-20,5906.092449652586,6236.439481138182,8198.165309580723,10279.107790830158,10398.342308443267,lgbm,2026-03-30,107,final,A-Y,False,False,False
750101310407,VHSA,4,2026-04-27,5854.301287072705,6624.643044510216,9192.184209426518,10957.64358740342,12431.157652683329,lgbm,2026-03-30,107,final,A-Y,False,False,False
750101310407,VHSA,5,2026-05-04,5737.484113814646,6071.071340254881,8550.136454792688,10632.900718160521,11022.210066283931,lgbm,2026-03-30,107,final,A-Y,False,False,False
750101310407,VHSA,6,2026-05-11,5687.660602032107,6159.8085451910765,8948.077618941974,11245.909589321946,11691.086817184803,lgbm,2026-03-30,107,final,A-Y,False,False,False
750101310407,VHSA,7,2026-05-18,5452.680609685524,5848.527776271226,8155.179793634032,10363.510977470203,10529.068085002278,lgbm,2026-03-30,107,final,A-Y,False,False,False
750101310407,VHSA,8,2026-05-25,4470.293230001238,4869.022965758713,6372.245739917673,9197.297681848413,9521.175502733977,lgbm,2026-03-30,107,final,A-Y,False,False,False
750101310409,CCUL,1,2026-04-06,951.5366323036267,1055.2006294708833,1346.3631395347838,1475.4322453604725,1649.644134680599,lgbm,2026-03-30,107,final,A-X,False,False,False
750101310409,CCUL,2,2026-04-13,936.9206597418106,1037.2193757276616,1406.318989003237,1637.281055188263,1788.7050456981751,lgbm,2026-03-30,107,final,A-X,False,False,False
750101310409,CCUL,3,2026-04-20,910.6934806517891,1013.3934249033208,1323.5620887194661,1470.1006529138613,1648.9361551510585,lgbm,2026-03-30,107,final,A-X,False,False,False
750101310409,CCUL,4,2026-04-27,926.9781841064563,1022.1110587929456,1363.87435276044,1609.339678379546,1796.5772540574862,lgbm,2026-03-30,107,final,A-X,False,False,False
750101310409,CCUL,5,2026-05-04,881.2690278242236,982.6856573417463,1289.4704337590722,1444.858999427529,1635.3034326494935,lgbm,2026-03-30,107,final,A-X,False,False,False
750101310409,CCUL,6,2026-05-11,886.4969361963061,970.3551249335895,1306.6602267839305,1532.7527724374786,1677.2937427131062,lgbm,2026-03-30,107,final,A-X,False,False,False
750101310409,CCUL,7,2026-05-18,857.2312482439003,960.7340688386496,1212.6529376295273,1359.1840426183069,1593.653443395448,lgbm,2026-03-30,107,final,A-X,False,False,False
750101310409,CCUL,8,2026-05-25,849.4517017939379,937.3540922601454,1132.2044677727674,1429.3709679057924,1643.3931075305463,lgbm,2026-03-30,107,final,A-X,False,False,False
750101310409,MXLI,1,2026-04-06,456.7217682354942,485.3649581490031,603.2465953418683,710.9587089503764,764.9366978204666,lgbm,2026-03-30,107,final,A-X,False,False,False
750101310409,MXLI,2,2026-04-13,457.6418352825069,486.25986859003507,625.7048927046584,761.9726960908604,817.067073814937,lgbm,2026-03-30,107,final,A-X,False,False,False
750101310409,MXLI,3,2026-04-20,466.6834107205404,490.87167988068256,615.5399071033519,719.1221934444014,793.0884866027931,lgbm,2026-03-30,107,final,A-X,False,False,False
750101310409,MXLI,4,2026-04-27,455.9050153136802,479.35060222497464,629.8140486063699,757.2630559022559,783.0845628778445,lgbm,2026-03-30,107,final,A-X,False,False,False
750101310409,MXLI,5,2026-05-04,438.33977221410896,472.72827909296535,608.7825378867867,712.4855809267559,760.5994221779097,lgbm,2026-03-30,107,final,A-X,False,False,False
750101310409,MXLI,6,2026-05-11,430.8033155295344,458.9643066687554,631.1452953808899,746.0881431775058,803.1133962843136,lgbm,2026-03-30,107,final,A-X,False,False,False
750101310409,MXLI,7,2026-05-18,442.0072182047132,473.3627162044106,606.7445839854109,634.0856299598319,714.2897460706114,lgbm,2026-03-30,107,final,A-X,False,False,False
750101310409,MXLI,8,2026-05-25,425.0805895820512,474.6314204382907,626.9152560153955,676.4505969176447,765.710149497858,lgbm,2026-03-30,107,final,A-X,False,False,False
750101310445,CCUL,1,2026-04-06,67.858656980667,82.23464047308707,148.48438372686996,208.70088399622108,230.89993475928972,lgbm,2026-03-30,107,final,A-Z,False,False,False
750101310445,CCUL,2,2026-04-13,57.32614169271465,67.70747499928837,152.70220998092478,216.78311177125545,230.63913364897107,lgbm,2026-03-30,107,final,A-Z,False,False,False
750101310445,CCUL,3,2026-04-20,60.588724034116794,75.1503315155964,147.17983728217135,211.57648727285505,234.99599895300932,lgbm,2026-03-30,107,final,A-Z,False,False,False
750101310445,CCUL,4,2026-04-27,67.87688857099192,70.78186129734473,154.9728920487875,219.2636929580396,232.27339224399495,lgbm,2026-03-30,107,final,A-Z,False,False,False
750101310445,CCUL,5,2026-05-04,67.3490201902184,75.28069593758002,147.6061906892062,214.14200978315364,233.16803919750907,lgbm,2026-03-30,107,final,A-Z,False,False,False
750101310445,CCUL,6,2026-05-11,66.6845984845254,68.94768177517034,151.88938978167965,224.78989200788425,235.37809334353435,lgbm,2026-03-30,107,final,A-Z,False,False,False
750101310445,CCUL,7,2026-05-18,54.87149241579801,64.75724170979817,145.82088706847614,209.41556630571046,221.44187063711848,lgbm,2026-03-30,107,final,A-Z,False,False,False
750101310445,CCUL,8,2026-05-25,56.917866505720035,65.92391095880359,148.67249896721788,211.52937266722645,223.7177575999006,lgbm,2026-03-30,107,final,A-Z,False,False,False
750101310445,CMD2,1,2026-04-06,981.2078291453506,1170.5715481848856,1793.6428545571518,2316.195266721996,2430.3038319346315,lgbm,2026-03-30,107,final,A-Z,False,False,False
750101310445,CMD2,2,2026-04-13,1081.5264561253935,1214.8772039408295,1824.6805045151125,2395.6789697051963,2506.6198754908287,lgbm,2026-03-30,107,final,A-Z,False,False,False
750101310445,CMD2,3,2026-04-20,1065.0457438656076,1195.7046324167645,1770.3082544417932,2345.4614760445825,2484.559906268433,lgbm,2026-03-30,107,final,A-Z,False,False,False
750101310445,CMD2,4,2026-04-27,1152.4576010130463,1254.0377026389422,1846.6210338079668,2397.8710040442984,2518.217231896959,lgbm,2026-03-30,107,final,A-Z,False,False,False
750101310445,CMD2,5,2026-05-04,1046.5799596782276,1170.6328677290803,1776.1284915385859,2372.7834120867515,2495.3196734008015,lgbm,2026-03-30,107,final,A-Z,False,False,False
750101310445,CMD2,6,2026-05-11,1053.4990965697948,1150.6104288290649,1814.358096763421,2455.932450581804,2565.757999629287,lgbm,2026-03-30,107,final,A-Z,False,False,False
750101310445,CMD2,7,2026-05-18,1107.4294754727348,1191.8374359169304,1779.219080672305,2280.196600846034,2371.4315224623706,lgbm,2026-03-30,107,final,A-Z,False,False,False
750101310445,CMD2,8,2026-05-25,1090.580425582587,1151.3214653844125,1759.7433087815346,2336.9797585301294,2412.56343863396,lgbm,2026-03-30,107,final,A-Z,False,False,False
750101310445,CMTY,1,2026-04-06,120.46713200445996,143.52876254347825,234.0928407182429,312.3456048470799,336.09756435338795,lgbm,2026-03-30,107,final,A-Z,False,False,False
750101310445,CMTY,2,2026-04-13,121.95483026859418,138.5729856322203,239.5291494763931,319.62893017967514,340.1883417236858,lgbm,2026-03-30,107,final,A-Z,False,False,False
750101310445,CMTY,3,2026-04-20,110.85449634520506,128.36960342391419,232.23503343297318,314.8583180908117,331.55213647711645,lgbm,2026-03-30,107,final,A-Z,False,False,False
750101310445,CMTY,4,2026-04-27,142.54540512530698,144.81561685142734,245.31200170728457,322.49318885835453,335.64927260824675,lgbm,2026-03-30,107,final,A-Z,False,False,False
750101310445,CMTY,5,2026-05-04,130.74978007019885,142.9606025809593,233.8790471746464,315.5533394116468,335.6841912536798,lgbm,2026-03-30,107,final,A-Z,False,False,False
750101310445,CMTY,6,2026-05-11,123.3445951285085,132.64300576637478,239.8142655602834,325.3928625473946,343.66353537528556,lgbm,2026-03-30,107,final,A-Z,False,False,False
750101310445,CMTY,7,2026-05-18,131.38571069913542,143.16548144256026,234.85406635623244,304.18828099484074,323.0512849510146,lgbm,2026-03-30,107,final,A-Z,False,False,False
750101310445,CMTY,8,2026-05-25,131.7682314426147,150.53456236839426,236.42591450411422,305.62415672029215,329.6425332791891,lgbm,2026-03-30,107,final,A-Z,False,False,False
750101310445,MXLI,1,2026-04-06,49.08693003890602,62.5436408784697,116.70015515826637,172.13853472666852,191.42076668122363,lgbm,2026-03-30,107,final,A-Z,False,False,False
750101310445,MXLI,2,2026-04-13,52.222362380858755,60.46559545156897,119.50649789800481,174.62885483408377,188.53461672380973,lgbm,2026-03-30,107,final,A-Z,False,False,False
750101310445,MXLI,3,2026-04-20,47.893683163563225,55.8640066584479,116.10921743558413,175.30001619139662,193.28107563869355,lgbm,2026-03-30,107,final,A-Z,False,False,False
750101310445,MXLI,4,2026-04-27,58.83715472116097,63.722014313035814,123.13797430303795,175.24102094221166,186.07615308549583,lgbm,2026-03-30,107,final,A-Z,False,False,False
750101310445,MXLI,5,2026-05-04,46.451565188484494,54.21556379159409,117.85277281279666,177.84914676492605,194.68265502481518,lgbm,2026-03-30,107,final,A-Z,False,False,False
750101310445,MXLI,6,2026-05-11,44.70641624398021,53.465708591753824,121.04704826198896,181.04823894849062,195.5005295895101,lgbm,2026-03-30,107,final,A-Z,False,False,False
750101310445,MXLI,7,2026-05-18,48.87012567441995,55.60871105480748,116.21094118694789,171.79997736493112,185.6887210300364,lgbm,2026-03-30,107,final,A-Z,False,False,False
750101310445,MXLI,8,2026-05-25,50.82766392577629,58.1943385373927,121.08098197262363,172.53795227158537,183.28263415803104,lgbm,2026-03-30,107,final,A-Z,False,False,False
750101310445,TLJ,1,2026-04-06,142.8097188696545,178.64756800599164,304.52502810086673,421.26925951055955,467.13301639898634,lgbm,2026-03-30,107,final,A-Z,False,False,False
750101310445,TLJ,2,2026-04-13,116.0924582828643,142.92290869558116,308.738904109645,438.74318103944034,473.88908006401675,lgbm,2026-03-30,107,final,A-Z,False,False,False
750101310445,TLJ,3,2026-04-20,136.22868045514696,163.16660943191863,300.3797304490551,427.03144520852186,472.36681959273534,lgbm,2026-03-30,107,final,A-Z,False,False,False
750101310445,TLJ,4,2026-04-27,154.354245459194,163.3419423952866,309.6200734322568,444.85645340673386,473.95956178879976,lgbm,2026-03-30,107,final,A-Z,False,False,False
750101310445,TLJ,5,2026-05-04,135.47635483767735,159.14202334417467,293.97381718187813,431.9314261505271,474.5817236918572,lgbm,2026-03-30,107,final,A-Z,False,False,False
750101310445,TLJ,6,2026-05-11,140.78154469011207,158.9735187163543,299.75146163463864,446.3827602248987,476.56158893945394,lgbm,2026-03-30,107,final,A-Z,False,False,False
750101310445,TLJ,7,2026-05-18,139.1935247857673,159.4918494167028,296.50149150474033,420.3695307165563,458.779657659293,lgbm,2026-03-30,107,final,A-Z,False,False,False
750101310445,TLJ,8,2026-05-25,135.74592015129204,153.9062119962517,293.4974072574096,434.15001775525934,466.2700141476514,lgbm,2026-03-30,107,final,A-Z,False,False,False
750101310445,VHSA,1,2026-04-06,72.94298549479929,89.8953140713395,166.73253708977788,233.82181018952144,249.6179388564512,lgbm,2026-03-30,107,final,A-Z,False,False,False
750101310445,VHSA,2,2026-04-13,83.96444805582951,88.21138560355669,169.76029398099215,242.43780972725622,254.8811584136659,lgbm,2026-03-30,107,final,A-Z,False,False,False
750101310445,VHSA,3,2026-04-20,83.07900959347697,90.20920465826526,166.2041858829734,236.32251881808367,251.22931375132325,lgbm,2026-03-30,107,final,A-Z,False,False,False
750101310445,VHSA,4,2026-04-27,85.69472034338922,91.53164198249951,174.1062629784251,242.0771723888931,255.04386747500803,lgbm,2026-03-30,107,final,A-Z,False,False,False
750101310445,VHSA,5,2026-05-04,73.07207656382207,84.8474647017133,165.42773509591592,238.33631110052622,255.88089568763644,lgbm,2026-03-30,107,final,A-Z,False,False,False
750101310445,VHSA,6,2026-05-11,79.55450185346041,81.3033621762093,169.11792845763856,246.11638780191356,257.650357815605,lgbm,2026-03-30,107,final,A-Z,False,False,False
750101310445,VHSA,7,2026-05-18,83.2642373757933,87.76592305146754,166.944265696635,234.13328195061234,245.44157047246782,lgbm,2026-03-30,107,final,A-Z,False,False,False
750101310445,VHSA,8,2026-05-25,80.7557367913287,86.31753371061788,168.18351845844634,237.884994172332,250.6324826682706,lgbm,2026-03-30,107,final,A-Z,False,False,False
750101310448,CCUL,1,2026-04-06,0.0,0.0,10.98392706133859,36.892345597420565,51.25854961114632,lgbm,2026-03-30,107,final,A-Z,False,False,False
750101310448,CCUL,2,2026-04-13,0.0,0.0,11.011944841054225,37.00109147897484,51.399902489152424,lgbm,2026-03-30,107,final,A-Z,False,False,False
750101310448,CCUL,3,2026-04-20,0.0,0.0,10.920922532388602,37.21090044093144,50.14338926648902,lgbm,2026-03-30,107,final,A-Z,False,False,False
750101310448,CCUL,4,2026-04-27,0.0,0.0,10.678574223616696,28.619615489344348,50.13663108186254,lgbm,2026-03-30,107,final,A-Z,False,False,False
750101310448,CCUL,5,2026-05-04,0.0,0.0,14.385870320883203,50.100573520770894,51.03535334422006,lgbm,2026-03-30,107,final,A-Z,False,False,False
750101310448,CCUL,6,2026-05-11,0.0,0.0,14.261184210962748,50.266507442611484,51.06769999610523,lgbm,2026-03-30,107,final,A-Z,False,False,False
750101310448,CCUL,7,2026-05-18,0.0,0.0,14.391952872848384,50.162347990291195,50.83159059304957,lgbm,2026-03-30,107,final,A-Z,False,False,False
750101310448,CCUL,8,2026-05-25,0.0,0.0,14.953956108450514,69.29737867038187,76.50399524451127,lgbm,2026-03-30,107,final,A-Z,False,False,False
750101310448,CMD2,1,2026-04-06,0.0,0.0,0.0,13.273087927436652,15.53500249413203,lgbm,2026-03-30,107,final,A-Z,True,False,False
750101310448,CMD2,2,2026-04-13,0.0,0.0,0.04101295639166584,16.427255306644255,19.35226409233171,lgbm,2026-03-30,107,final,A-Z,True,False,False
750101310448,CMD2,3,2026-04-20,0.0,0.0,0.0,16.989576820538662,24.561707247493374,lgbm,2026-03-30,107,final,A-Z,True,False,False
750101310448,CMD2,4,2026-04-27,0.0,0.0,0.013633166716945774,17.461294067828213,24.966257523359765,lgbm,2026-03-30,107,final,A-Z,True,False,False
750101310448,CMD2,5,2026-05-04,0.0,0.0,0.0,17.270890727949375,25.142102589439524,lgbm,2026-03-30,107,final,A-Z,True,False,False
750101310448,CMD2,6,2026-05-11,0.0,0.0,0.0,17.490032433359893,25.3643518395398,lgbm,2026-03-30,107,final,A-Z,True,False,False
750101310448,CMD2,7,2026-05-18,0.0,0.0,0.0,16.66155333173011,24.931117063501,lgbm,2026-03-30,107,final,A-Z,True,False,False
750101310448,CMD2,8,2026-05-25,0.0,0.0,2.3884620108913612,16.793765656375083,322.0087900243798,lgbm,2026-03-30,107,final,A-Z,True,False,False
750101310448,TLJ,1,2026-04-06,0.0,0.0,7.33948951403327,18.563592312510288,32.40717505902987,lgbm,2026-03-30,107,final,A-Z,True,False,False
750101310448,TLJ,2,2026-04-13,0.0,0.0,7.367725102011961,18.7531983317056,32.596909003351975,lgbm,2026-03-30,107,final,A-Z,True,False,False
750101310448,TLJ,3,2026-04-20,0.0,0.0,7.2093201859110865,18.843739096767784,32.47728940636615,lgbm,2026-03-30,107,final,A-Z,True,False,False
750101310448,TLJ,4,2026-04-27,0.0,0.0,6.228401440755464,9.933116396767016,32.456165455730684,lgbm,2026-03-30,107,final,A-Z,True,False,False
750101310448,TLJ,5,2026-05-04,0.0,0.0,6.8706967007103135,18.63567173398775,32.43098144229931,lgbm,2026-03-30,107,final,A-Z,True,False,False
750101310448,TLJ,6,2026-05-11,0.0,0.0,6.700533117546084,18.734268632240614,32.631810605018096,lgbm,2026-03-30,107,final,A-Z,True,False,False
750101310448,TLJ,7,2026-05-18,0.0,0.0,6.150362317937686,18.78245488041866,32.51775083472745,lgbm,2026-03-30,107,final,A-Z,True,False,False
750101310448,TLJ,8,2026-05-25,0.0,0.0,5.984221395168057,29.25235099674909,32.675510455060845,lgbm,2026-03-30,107,final,A-Z,True,False,False
750101310449,CCUL,1,2026-04-06,132.39157364475187,137.69539826628318,203.01102646934976,273.9752523569919,284.56798369298707,lgbm,2026-03-30,107,final,A-Z,False,False,False
750101310449,CCUL,2,2026-04-13,126.96864347738943,134.47016133839944,204.08807130498332,274.72635338660285,292.2032281174842,lgbm,2026-03-30,107,final,A-Z,False,False,False
750101310449,CCUL,3,2026-04-20,126.57685370767643,129.22805920216888,202.88945908661117,287.5218260602858,287.6870554187406,lgbm,2026-03-30,107,final,A-Z,False,False,False
750101310449,CCUL,4,2026-04-27,119.66349175049024,127.82543801284014,208.6622262227071,278.63830633160495,287.2877321329197,lgbm,2026-03-30,107,final,A-Z,False,False,False
750101310449,CCUL,5,2026-05-04,125.412628859459,130.42907220328055,201.07388520436086,277.56090347525617,287.3497491889564,lgbm,2026-03-30,107,final,A-Z,False,False,False
750101310449,CCUL,6,2026-05-11,123.71418771043857,124.52030545280316,205.02396026259493,296.65519816131786,302.73411476847366,lgbm,2026-03-30,107,final,A-Z,False,False,False
750101310449,CCUL,7,2026-05-18,127.33263825949588,128.20087972294863,201.45270404895447,284.7256826480724,286.29646202273375,lgbm,2026-03-30,107,final,A-Z,False,False,False
750101310449,CCUL,8,2026-05-25,123.94910673986021,124.46003981439152,202.87077807305056,293.6247155419003,294.6352076890269,lgbm,2026-03-30,107,final,A-Z,False,False,False
750101310449,CMD2,1,2026-04-06,1913.1354194140708,2062.030544868274,2530.8192976190635,2959.7824156500037,3088.656908951556,lgbm,2026-03-30,107,final,A-Z,False,False,False
750101310449,CMD2,2,2026-04-13,1958.2719436387101,1996.3953499329602,2585.207135645106,3063.249977638483,3123.9174137462273,lgbm,2026-03-30,107,final,A-Z,False,False,False
750101310449,CMD2,3,2026-04-20,1902.675673186021,1999.1827909867252,2507.282289569849,3060.1444543383127,3183.1773533556916,lgbm,2026-03-30,107,final,A-Z,False,False,False
750101310449,CMD2,4,2026-04-27,1897.69131732929,2066.4098265615235,2567.9389926265603,3088.567267463566,3282.8568284813905,lgbm,2026-03-30,107,final,A-Z,False,False,False
750101310449,CMD2,5,2026-05-04,1853.59874911014,1998.1696728599156,2486.5587799584855,3025.6027604139244,3143.0784128127607,lgbm,2026-03-30,107,final,A-Z,False,False,False
750101310449,CMD2,6,2026-05-11,1871.5694015488639,1974.0191637236212,2529.6495369663153,3130.734119597367,3293.5647561323317,lgbm,2026-03-30,107,final,A-Z,False,False,False
750101310449,CMD2,7,2026-05-18,1858.5537259463017,1969.2368758845912,2488.2849097373587,2983.7116326147,3035.984656263125,lgbm,2026-03-30,107,final,A-Z,False,False,False
750101310449,CMD2,8,2026-05-25,1774.5218377979195,1834.973621869308,2419.1216706398945,2962.8750748689918,2983.7598182677357,lgbm,2026-03-30,107,final,A-Z,False,False,False
750101310449,CMTY,1,2026-04-06,183.3532738015233,203.08132701250184,284.4761417857032,407.49952971041193,425.9381864189123,lgbm,2026-03-30,107,final,A-Z,False,False,False
750101310449,CMTY,2,2026-04-13,173.420022801442,183.27921057158963,288.0521679782519,428.84156711110825,436.6342908981738,lgbm,2026-03-30,107,final,A-Z,False,False,False
750101310449,CMTY,3,2026-04-20,171.0564213816871,186.81634119885598,279.5206872611294,419.4129266243679,433.5001761728531,lgbm,2026-03-30,107,final,A-Z,False,False,False
750101310449,CMTY,4,2026-04-27,179.47266606580956,199.42160718551096,286.35347009436373,423.94086705099085,443.2615448900128,lgbm,2026-03-30,107,final,A-Z,False,False,False
750101310449,CMTY,5,2026-05-04,172.07966539003974,183.48574431380828,275.7310303379879,418.3915101468116,431.1057318401798,lgbm,2026-03-30,107,final,A-Z,False,False,False
750101310449,CMTY,6,2026-05-11,175.54083296107018,196.61985908783868,281.34591655102383,419.72998976759214,441.4242212484033,lgbm,2026-03-30,107,final,A-Z,False,False,False
750101310449,CMTY,7,2026-05-18,165.34779022675616,180.33929903181598,280.8261874431588,415.0083831026641,421.9976448454785,lgbm,2026-03-30,107,final,A-Z,False,False,False
750101310449,CMTY,8,2026-05-25,156.85988121906294,171.08558740884808,269.7084450778468,430.1940453146,444.9354323785824,lgbm,2026-03-30,107,final,A-Z,False,False,False
750101310449,MXLI,1,2026-04-06,115.13135761979194,125.07193104609695,194.72308728166334,278.58333074551865,283.56589664711385,lgbm,2026-03-30,107,final,A-Z,False,False,False
750101310449,MXLI,2,2026-04-13,112.11023975786702,115.22280994592347,195.84501960089443,280.2839741891977,280.94093851876966,lgbm,2026-03-30,107,final,A-Z,False,False,False
750101310449,MXLI,3,2026-04-20,112.54605960661021,116.95897083987214,191.81408523506977,281.4395724977443,281.9694366473962,lgbm,2026-03-30,107,final,A-Z,False,False,False
750101310449,MXLI,4,2026-04-27,109.72019814465128,113.28158748806976,196.68198937937655,286.143755002345,287.7054283714924,lgbm,2026-03-30,107,final,A-Z,False,False,False
750101310449,MXLI,5,2026-05-04,111.6871751546004,116.95769880578128,190.0477801607721,281.0683400254733,281.7259963174491,lgbm,2026-03-30,107,final,A-Z,False,False,False
750101310449,MXLI,6,2026-05-11,108.91392517577077,110.76776932709424,190.26720383283006,293.39447499089795,296.05694025717816,lgbm,2026-03-30,107,final,A-Z,False,False,False
750101310449,MXLI,7,2026-05-18,107.31523832560805,115.9654287157438,190.12339649504352,272.6321293896302,277.7298430224501,lgbm,2026-03-30,107,final,A-Z,False,False,False
750101310449,MXLI,8,2026-05-25,107.75901932145634,108.03133821395966,186.49251617866017,293.23721537980174,296.0616304461832,lgbm,2026-03-30,107,final,A-Z,False,False,False
750101310449,TLJ,1,2026-04-06,238.6892183836383,252.52827136710567,355.3053925015991,456.767514313497,475.68379573455957,lgbm,2026-03-30,107,final,A-Z,False,False,False
750101310449,TLJ,2,2026-04-13,224.04039007847535,243.07884154907887,360.4245640967157,459.8358143901228,490.7635578522883,lgbm,2026-03-30,107,final,A-Z,False,False,False
750101310449,TLJ,3,2026-04-20,226.72451699140936,239.15097897777275,343.41937012874826,464.8949366978613,491.4623254097729,lgbm,2026-03-30,107,final,A-Z,False,False,False
750101310449,TLJ,4,2026-04-27,225.28243616879197,240.69307562087306,351.50477200741653,477.9529378642848,505.9231177672855,lgbm,2026-03-30,107,final,A-Z,False,False,False
750101310449,TLJ,5,2026-05-04,223.5740615171641,239.5078851473939,344.2304437121054,463.8343370385586,497.94576738932017,lgbm,2026-03-30,107,final,A-Z,False,False,False
750101310449,TLJ,6,2026-05-11,211.8336140421659,233.21474280243092,353.0855147432898,461.36203953917357,487.8916757189514,lgbm,2026-03-30,107,final,A-Z,False,False,False
750101310449,TLJ,7,2026-05-18,216.9771689217518,237.95380986845538,344.8047313220452,435.4268759596897,464.58150588278147,lgbm,2026-03-30,107,final,A-Z,False,False,False
750101310449,TLJ,8,2026-05-25,211.97149979931208,220.08609734659916,347.90645460901976,482.4538003774622,496.9231802824743,lgbm,2026-03-30,107,final,A-Z,False,False,False
750101310449,VHSA,1,2026-04-06,196.56240250900436,201.26057003169115,283.4524555004851,367.32776773750606,385.41865289256754,lgbm,2026-03-30,107,final,A-Z,False,False,False
750101310449,VHSA,2,2026-04-13,184.9499324935915,193.64789771616117,286.00858893398015,367.0816503780547,397.881490057734,lgbm,2026-03-30,107,final,A-Z,False,False,False
750101310449,VHSA,3,2026-04-20,192.80520859946125,195.7452583931602,284.4578947124609,388.71886705718,403.9350311723345,lgbm,2026-03-30,107,final,A-Z,False,False,False
750101310449,VHSA,4,2026-04-27,180.15206831535593,187.57486180331946,294.06135959485187,381.95405775532566,398.9985885965828,lgbm,2026-03-30,107,final,A-Z,False,False,False
750101310449,VHSA,5,2026-05-04,188.9508923465977,196.3046171466956,291.7037341523031,392.37491505333594,411.9553149592302,lgbm,2026-03-30,107,final,A-Z,False,False,False
750101310449,VHSA,6,2026-05-11,183.7769008722885,185.1605226034286,290.6520325802265,401.87816767363967,412.9503488279598,lgbm,2026-03-30,107,final,A-Z,False,False,False
750101310449,VHSA,7,2026-05-18,186.9148448946489,193.8119121739845,285.0693848498972,371.0779858141711,379.07999197587014,lgbm,2026-03-30,107,final,A-Z,False,False,False
750101310449,VHSA,8,2026-05-25,183.68183836916165,188.02003271229836,288.81769739535406,396.14325116214866,410.690992989854,lgbm,2026-03-30,107,final,A-Z,False,False,False
750101310470,VHSA,1,2026-04-06,194.92489530642368,284.6356088542236,559.1859246096393,896.7602613400776,939.8352997637656,lgbm,2026-03-30,107,final,A-X,False,False,False
750101310470,VHSA,2,2026-04-13,172.58295568042686,272.275899030824,551.2137367361239,859.9599565089616,950.0249607656788,lgbm,2026-03-30,107,final,A-X,False,False,False
750101310470,VHSA,3,2026-04-20,186.15195919305245,256.80965751517454,557.870771663147,895.7328474704054,940.281805980178,lgbm,2026-03-30,107,final,A-X,False,False,False
750101310470,VHSA,4,2026-04-27,187.50288796825765,252.45641073281516,553.2695642964693,907.02571275137,947.9522695450954,lgbm,2026-03-30,107,final,A-X,False,False,False
750101310470,VHSA,5,2026-05-04,179.28040838218072,249.13387664758358,541.4514421768566,896.1456976731844,950.7147348348766,lgbm,2026-03-30,107,final,A-X,False,False,False
750101310470,VHSA,6,2026-05-11,169.3661809669457,241.70342071621002,536.1215633506121,911.7149474747265,952.1574311290528,lgbm,2026-03-30,107,final,A-X,False,False,False
750101310470,VHSA,7,2026-05-18,173.4203566391502,244.62605135224388,534.8200355545453,892.0691252210619,936.6101979759777,lgbm,2026-03-30,107,final,A-X,False,False,False
750101310470,VHSA,8,2026-05-25,154.52826493393366,224.71160720705026,513.2979676603402,903.5936153517331,939.4510196074244,lgbm,2026-03-30,107,final,A-X,False,False,False
750101310471,VHSA,1,2026-04-06,95.55254728064313,132.3309145706401,461.6000921725099,841.4401917361287,906.790847741719,lgbm,2026-03-30,107,final,A-Y,False,False,False
750101310471,VHSA,2,2026-04-13,89.14808456182826,120.77899838032747,459.4452195407032,848.0288050269367,906.7637103909258,lgbm,2026-03-30,107,final,A-Y,False,False,False
750101310471,VHSA,3,2026-04-20,90.58134153010883,108.67481142174759,463.90297987115537,846.9775744556723,905.0524268565105,lgbm,2026-03-30,107,final,A-Y,False,False,False
750101310471,VHSA,4,2026-04-27,91.99868534760571,103.26289340824019,453.34934398054816,874.2526372118741,946.2761651592041,lgbm,2026-03-30,107,final,A-Y,False,False,False
750101310471,VHSA,5,2026-05-04,82.77732598964664,104.92655883418828,443.09637007929217,848.8732597302381,914.0021058755711,lgbm,2026-03-30,107,final,A-Y,False,False,False
750101310471,VHSA,6,2026-05-11,77.7157455617374,96.47095846184897,425.8145239134281,861.10382641509,912.0031101949359,lgbm,2026-03-30,107,final,A-Y,False,False,False
750101310471,VHSA,7,2026-05-18,80.21177369042636,95.49088135745853,429.4120240660686,847.3972020386145,898.9361960366214,lgbm,2026-03-30,107,final,A-Y,False,False,False
750101310471,VHSA,8,2026-05-25,72.36307602429889,74.28511304698412,412.1036471216449,866.1892128459635,900.4078590960851,lgbm,2026-03-30,107,final,A-Y,False,False,False
750101310473,CCUL,1,2026-04-06,324.67515586086233,350.51502657363307,524.8984517764817,709.1807747774544,709.937379788121,lgbm,2026-03-30,107,final,A-Y,False,False,False
750101310473,CCUL,2,2026-04-13,317.8172107609644,344.72641765563407,549.2339074253554,749.8058414798337,759.2570588140416,lgbm,2026-03-30,107,final,A-Y,False,False,False
750101310473,CCUL,3,2026-04-20,294.1575886556519,331.07286392424123,509.5184575033873,700.6655585492764,728.2252631650026,lgbm,2026-03-30,107,final,A-Y,False,False,False
750101310473,CCUL,4,2026-04-27,332.07230119396684,336.17217978833065,539.7151846105858,813.9565457359046,824.3902161990713,lgbm,2026-03-30,107,final,A-Y,False,False,False
750101310473,CCUL,5,2026-05-04,309.35532247322806,314.5850627655038,537.7711463189657,806.555453831314,824.2469179361484,lgbm,2026-03-30,107,final,A-Y,False,False,False
750101310473,CCUL,6,2026-05-11,274.8397601761776,282.5602034903071,552.5400892892475,912.9831893826713,942.56250702759,lgbm,2026-03-30,107,final,A-Y,False,False,False
750101310473,CCUL,7,2026-05-18,281.48653803393665,308.94038606772006,544.1520815309642,829.4769169436678,831.557604164974,lgbm,2026-03-30,107,final,A-Y,False,False,False
750101310473,CCUL,8,2026-05-25,258.075764839327,277.92092358908843,531.2548394774353,756.4486583491382,775.0502763586188,lgbm,2026-03-30,107,final,A-Y,False,False,False
750101310473,CMTY,1,2026-04-06,601.5227939872692,616.0829218048503,846.661969819684,1117.5453320543393,1119.752736141764,lgbm,2026-03-30,107,final,A-Y,False,False,False
750101310473,CMTY,2,2026-04-13,572.0027554855029,603.0730601309509,855.6237807203855,1155.0846532286541,1161.053513655517,lgbm,2026-03-30,107,final,A-Y,False,False,False
750101310473,CMTY,3,2026-04-20,530.0216136993454,587.6269798899797,842.0107210101838,1128.8821259146334,1184.4667439968825,lgbm,2026-03-30,107,final,A-Y,False,False,False
750101310473,CMTY,4,2026-04-27,595.8560289156701,625.1497129341769,882.0331163292768,1250.6442263654912,1269.4537961327037,lgbm,2026-03-30,107,final,A-Y,False,False,False
750101310473,CMTY,5,2026-05-04,513.8577154468311,581.504507409971,860.9056247456851,1293.1479591714892,1336.815235557612,lgbm,2026-03-30,107,final,A-Y,False,False,False
750101310473,CMTY,6,2026-05-11,439.43137069410295,480.91887111752624,902.1462910596896,1612.6171997551992,1643.1858183540778,lgbm,2026-03-30,107,final,A-Y,False,False,False
750101310473,CMTY,7,2026-05-18,517.1504208867475,572.6837884817193,882.1465240183016,1266.9783938658072,1300.7497823562967,lgbm,2026-03-30,107,final,A-Y,False,False,False
750101310473,CMTY,8,2026-05-25,488.55473843298887,516.4456662661379,864.9987721355626,1244.4293029753678,1248.9114353695886,lgbm,2026-03-30,107,final,A-Y,False,False,False
750101310473,MXLI,1,2026-04-06,124.0000087494657,126.15021734881951,212.14428030785845,291.319881252584,297.421675511206,lgbm,2026-03-30,107,final,A-Y,False,False,False
750101310473,MXLI,2,2026-04-13,119.77512165288951,120.21127665459503,214.55469366906433,296.4333103185517,302.4975989574832,lgbm,2026-03-30,107,final,A-Y,False,False,False
750101310473,MXLI,3,2026-04-20,113.00939494707625,121.3477491515223,205.11364422151806,295.8720853455961,299.57894185469246,lgbm,2026-03-30,107,final,A-Y,False,False,False
750101310473,MXLI,4,2026-04-27,119.227932501515,126.50783981681445,220.80372776998055,308.19301273577884,312.65936960683865,lgbm,2026-03-30,107,final,A-Y,False,False,False
750101310473,MXLI,5,2026-05-04,106.16830339160171,120.76454419386349,218.78589844168621,334.22752352373504,341.344588678412,lgbm,2026-03-30,107,final,A-Y,False,False,False
750101310473,MXLI,6,2026-05-11,96.33013235204541,109.3925065394111,226.1177311181169,358.99021213625156,362.5685183233962,lgbm,2026-03-30,107,final,A-Y,False,False,False
750101310473,MXLI,7,2026-05-18,102.72620595065149,103.49238686095883,222.6384232189393,319.2807210145448,319.5584851508778,lgbm,2026-03-30,107,final,A-Y,False,False,False
750101310473,MXLI,8,2026-05-25,105.55684342368613,106.30538351884393,215.210179363766,336.8365942902957,346.7207282758355,lgbm,2026-03-30,107,final,A-Y,False,False,False
750101310473,TLJ,1,2026-04-06,200.0758941611132,203.3252005371692,308.3184719294462,444.16926242871386,463.383747340265,lgbm,2026-03-30,107,final,A-Y,False,False,False
750101310473,TLJ,2,2026-04-13,185.88107003575334,196.3710769040351,319.27312068019484,463.1588822697621,483.59236728075365,lgbm,2026-03-30,107,final,A-Y,False,False,False
750101310473,TLJ,3,2026-04-20,178.89463080575575,193.4923016067707,315.1966030041229,462.41301995330247,466.17695105731957,lgbm,2026-03-30,107,final,A-Y,False,False,False
750101310473,TLJ,4,2026-04-27,196.9497832611313,203.7041857642999,317.00892869722054,475.82619373921193,494.6529397353298,lgbm,2026-03-30,107,final,A-Y,False,False,False
750101310473,TLJ,5,2026-05-04,178.9022983178054,191.26686831077308,318.9046525264148,486.0277483267155,495.0587269012991,lgbm,2026-03-30,107,final,A-Y,False,False,False
750101310473,TLJ,6,2026-05-11,148.52990396250806,179.60595936071985,333.6578929373531,541.3985368356307,551.8332234535059,lgbm,2026-03-30,107,final,A-Y,False,False,False
750101310473,TLJ,7,2026-05-18,167.37899080399677,183.54041089518927,317.60675012330813,485.4143733442523,496.3206721879431,lgbm,2026-03-30,107,final,A-Y,False,False,False
750101310473,TLJ,8,2026-05-25,158.46595598357283,174.99250727332736,319.9825892746062,500.62616339002074,517.1726026330675,lgbm,2026-03-30,107,final,A-Y,False,False,False
750101310473,VHSA,1,2026-04-06,356.25366292502883,356.77873063528693,572.312695968941,821.0100642407905,853.8239023664336,lgbm,2026-03-30,107,final,A-Y,False,False,False
750101310473,VHSA,2,2026-04-13,330.23155684099936,359.0980393448789,589.2497690566059,877.0166568406477,904.4014023931762,lgbm,2026-03-30,107,final,A-Y,False,False,False
750101310473,VHSA,3,2026-04-20,310.0025389149567,338.7385059099006,572.5628638515809,872.0863552506298,872.5383244192042,lgbm,2026-03-30,107,final,A-Y,False,False,False
750101310473,VHSA,4,2026-04-27,326.5737996809056,353.82708190878066,592.1308273481065,938.5699105546308,941.5985499485723,lgbm,2026-03-30,107,final,A-Y,False,False,False
750101310473,VHSA,5,2026-05-04,304.24978884453094,343.73283178170277,606.6639296423716,935.1309826155283,950.1186809359342,lgbm,2026-03-30,107,final,A-Y,False,False,False
750101310473,VHSA,6,2026-05-11,260.29482718163183,315.2032309659819,640.2555098725937,1051.1199564604397,1058.3532694992582,lgbm,2026-03-30,107,final,A-Y,False,False,False
750101310473,VHSA,7,2026-05-18,293.6801387527355,338.45122245222376,619.4441858321738,937.1467745708699,938.2758193440013,lgbm,2026-03-30,107,final,A-Y,False,False,False
750101310473,VHSA,8,2026-05-25,272.8373354209212,300.58344866779385,589.7197616103091,980.008307599674,992.634596998336,lgbm,2026-03-30,107,final,A-Y,False,False,False
750101310474,CCUL,1,2026-04-06,153.32440005991083,168.7757497838786,249.31692327067623,323.64604758253125,351.5226262949773,lgbm,2026-03-30,107,final,A-Y,False,False,False
750101310474,CCUL,2,2026-04-13,149.83986118731625,160.0770132122562,253.10773284540517,348.8031903438991,373.947395713573,lgbm,2026-03-30,107,final,A-Y,False,False,False
750101310474,CCUL,3,2026-04-20,137.2412752315597,148.62949015682534,240.55455449568342,332.01521586741524,346.1469719595724,lgbm,2026-03-30,107,final,A-Y,False,False,False
750101310474,CCUL,4,2026-04-27,152.6193663898132,155.91320324310618,255.25679245475922,367.5324846206326,379.1615344663852,lgbm,2026-03-30,107,final,A-Y,False,False,False
750101310474,CCUL,5,2026-05-04,140.00485657492186,141.56108643632442,254.53195656594062,364.301855873994,382.4740123002392,lgbm,2026-03-30,107,final,A-Y,False,False,False
750101310474,CCUL,6,2026-05-11,125.85693050653899,133.89007531054528,259.4637669537605,401.71066320720183,408.0036283668495,lgbm,2026-03-30,107,final,A-Y,False,False,False
750101310474,CCUL,7,2026-05-18,130.9444111670433,143.19555003006667,257.1576416996105,355.92204519167984,390.67868807370763,lgbm,2026-03-30,107,final,A-Y,False,False,False
750101310474,CCUL,8,2026-05-25,109.99751314373563,127.73063286954425,251.1765199508979,346.9638289913204,358.85482055578797,lgbm,2026-03-30,107,final,A-Y,False,False,False
750101310474,CMD2,1,2026-04-06,1075.2555519695386,1159.1516622273614,1532.037265487673,1864.2698708814935,1986.9982574953542,lgbm,2026-03-30,107,final,A-Y,False,False,False
750101310474,CMD2,2,2026-04-13,1073.1867356173054,1130.1646614236831,1559.311775699881,1983.7146168527445,2100.2270752221366,lgbm,2026-03-30,107,final,A-Y,False,False,False
750101310474,CMD2,3,2026-04-20,993.8313330850756,1024.4535879197376,1493.0241264659999,1931.4275951656668,1939.9213554195067,lgbm,2026-03-30,107,final,A-Y,False,False,False
750101310474,CMD2,4,2026-04-27,1063.7817616568345,1083.3730768733828,1570.6350135824498,2172.9059950007695,2173.409232871476,lgbm,2026-03-30,107,final,A-Y,False,False,False
750101310474,CMD2,5,2026-05-04,892.8289426729743,972.3550316845124,1562.829946103067,2294.265562986459,2356.3550055667056,lgbm,2026-03-30,107,final,A-Y,False,False,False
750101310474,CMD2,6,2026-05-11,811.4367568793416,902.9831236723674,1600.3839695071345,2490.8669382727253,2564.7556542320526,lgbm,2026-03-30,107,final,A-Y,False,False,False
750101310474,CMD2,7,2026-05-18,850.356701453332,982.7778845771506,1594.1253577149012,2039.8534408203448,2083.664701109574,lgbm,2026-03-30,107,final,A-Y,False,False,False
750101310474,CMD2,8,2026-05-25,669.9689084325256,786.968103112114,1462.1373454636298,1944.2561952710685,1953.2590829239361,lgbm,2026-03-30,107,final,A-Y,False,False,False
750101310474,CMTY,1,2026-04-06,798.0725602308206,876.1859253533803,1127.6373104935783,1355.8140002722364,1438.8228385811847,lgbm,2026-03-30,107,final,A-Y,False,False,False
750101310474,CMTY,2,2026-04-13,796.9175427436234,853.8060339827289,1124.847366328976,1430.4165455199868,1501.2538525419504,lgbm,2026-03-30,107,final,A-Y,False,False,False
750101310474,CMTY,3,2026-04-20,707.1076774827263,785.367517402332,1082.9060240541426,1388.2025980926965,1393.6773793996008,lgbm,2026-03-30,107,final,A-Y,False,False,False
750101310474,CMTY,4,2026-04-27,800.520853865647,811.7109900646536,1127.5553081961261,1541.476155163758,1544.38981330172,lgbm,2026-03-30,107,final,A-Y,False,False,False
750101310474,CMTY,5,2026-05-04,673.4037851691985,711.7692906820174,1132.5564121973027,1647.0794543450925,1724.1748274664099,lgbm,2026-03-30,107,final,A-Y,False,False,False
750101310474,CMTY,6,2026-05-11,600.9973282523683,664.4573680316282,1153.0357347987601,1814.827561962747,1882.8408762280328,lgbm,2026-03-30,107,final,A-Y,False,False,False
750101310474,CMTY,7,2026-05-18,673.9994063329812,746.8934394941552,1160.2330359586433,1480.670627256581,1504.5505077895275,lgbm,2026-03-30,107,final,A-Y,False,False,False
750101310474,CMTY,8,2026-05-25,663.0632777378858,686.4621292129103,1116.1673667909295,1474.722247986835,1483.6985948094562,lgbm,2026-03-30,107,final,A-Y,False,False,False
750101310474,MXLI,1,2026-04-06,77.37801293904809,82.47289168100201,138.69612482308742,193.521695271422,199.3981120646551,lgbm,2026-03-30,107,final,A-Y,False,False,False
750101310474,MXLI,2,2026-04-13,73.28395497611162,77.83025023202244,138.59856039339613,201.93879446498545,208.16868479157435,lgbm,2026-03-30,107,final,A-Y,False,False,False
750101310474,MXLI,3,2026-04-20,71.43176047546324,72.200119273449,134.43718173372577,196.59628834805085,201.61974479458235,lgbm,2026-03-30,107,final,A-Y,False,False,False
750101310474,MXLI,4,2026-04-27,71.49752565069139,76.6772785710325,142.98306448272263,214.2000697375023,222.69784404664733,lgbm,2026-03-30,107,final,A-Y,False,False,False
750101310474,MXLI,5,2026-05-04,60.722430159753884,68.6618011739231,148.77407375662764,235.336825856242,239.36576602047222,lgbm,2026-03-30,107,final,A-Y,False,False,False
750101310474,MXLI,6,2026-05-11,53.19882023769008,62.79829213448094,150.55320873017274,252.78942155173675,254.7977988098137,lgbm,2026-03-30,107,final,A-Y,False,False,False
750101310474,MXLI,7,2026-05-18,57.66973776536833,66.31610736173123,150.816266681479,235.2329293392377,239.4247461297707,lgbm,2026-03-30,107,final,A-Y,False,False,False
750101310474,MXLI,8,2026-05-25,45.34164229214628,52.82362098463412,135.86184532813448,201.72334104464716,202.32071807740624,lgbm,2026-03-30,107,final,A-Y,False,False,False
750101310474,TLJ,1,2026-04-06,192.4309639795552,211.02724629847353,315.3428471413554,414.10173026296366,445.4256253203378,lgbm,2026-03-30,107,final,A-Y,False,False,False
750101310474,TLJ,2,2026-04-13,194.49707639602727,197.77897265881558,310.65048928328815,437.2166443452837,459.48419839178297,lgbm,2026-03-30,107,final,A-Y,False,False,False
750101310474,TLJ,3,2026-04-20,180.9496783728523,197.276366451847,314.1240865284121,430.2562144409658,448.75677431206503,lgbm,2026-03-30,107,final,A-Y,False,False,False
750101310474,TLJ,4,2026-04-27,196.0075532295878,199.1058239386918,310.6252310266211,440.9984252444165,470.01741388278145,lgbm,2026-03-30,107,final,A-Y,False,False,False
750101310474,TLJ,5,2026-05-04,181.71982182965178,187.1789328285719,309.79887428252914,436.9933703037506,463.42972589146916,lgbm,2026-03-30,107,final,A-Y,False,False,False
750101310474,TLJ,6,2026-05-11,164.76807017781525,172.31394765951757,324.4830620421251,487.86766413038254,509.8435787812219,lgbm,2026-03-30,107,final,A-Y,False,False,False
750101310474,TLJ,7,2026-05-18,170.88360623467912,181.71844125196924,312.8138054948265,429.1320462141476,479.14306325323804,lgbm,2026-03-30,107,final,A-Y,False,False,False
750101310474,TLJ,8,2026-05-25,142.31560128786825,183.2587021061337,312.6059439113099,414.24657553565913,456.0768488832704,lgbm,2026-03-30,107,final,A-Y,False,False,False
750101310474,VHSA,1,2026-04-06,266.3475262437846,268.6202034783304,413.3743040855644,563.1503727724859,571.4619098817246,lgbm,2026-03-30,107,final,A-Y,False,False,False
750101310474,VHSA,2,2026-04-13,254.47849299511023,261.3446009758294,416.6542292482859,591.0906842169738,597.7909092596562,lgbm,2026-03-30,107,final,A-Y,False,False,False
750101310474,VHSA,3,2026-04-20,246.0952111950249,249.0004555771195,406.51507223594155,590.0057874323385,594.0237396062522,lgbm,2026-03-30,107,final,A-Y,False,False,False
750101310474,VHSA,4,2026-04-27,238.7863250649579,259.58665797915484,411.95503754677924,620.600150879385,621.6774111500955,lgbm,2026-03-30,107,final,A-Y,False,False,False
750101310474,VHSA,5,2026-05-04,218.6514751370405,235.95268443908287,419.6916492417107,645.065939986649,668.3953467831844,lgbm,2026-03-30,107,final,A-Y,False,False,False
750101310474,VHSA,6,2026-05-11,196.035816256786,213.59732777908707,427.3743985311289,699.4119047958857,726.6377694427971,lgbm,2026-03-30,107,final,A-Y,False,False,False
750101310474,VHSA,7,2026-05-18,207.52106622236164,224.1844877455552,424.60356169003,663.5279149179181,667.165229592497,lgbm,2026-03-30,107,final,A-Y,False,False,False
750101310474,VHSA,8,2026-05-25,187.80149630506003,214.45089824173283,409.22443605618645,648.8740208090663,692.0925174754113,lgbm,2026-03-30,107,final,A-Y,False,False,False
750101310475,CCUL,1,2026-04-06,310.5257113946684,326.98542445526846,516.8715179391978,652.291174406135,685.6718752557339,lgbm,2026-03-30,107,final,A-Y,False,False,False
750101310475,CCUL,2,2026-04-13,301.5324595651526,306.1671190230157,512.3454773921441,678.0454122493813,690.6509486621394,lgbm,2026-03-30,107,final,A-Y,False,False,False
750101310475,CCUL,3,2026-04-20,283.6632198624397,286.69860890591127,488.8106444618102,669.6963320244043,673.9364078159039,lgbm,2026-03-30,107,final,A-Y,False,False,False
750101310475,CCUL,4,2026-04-27,305.11763661244055,329.47316842164963,512.4446009658045,727.6906447048025,746.2003833507025,lgbm,2026-03-30,107,final,A-Y,False,False,False
750101310475,CCUL,5,2026-05-04,272.22952148074614,296.4599288757273,504.13721564435815,753.7844530607301,760.0941529525418,lgbm,2026-03-30,107,final,A-Y,False,False,False
750101310475,CCUL,6,2026-05-11,243.04499702033922,287.6534929251394,514.4138446751206,823.1049898036529,837.4713443246796,lgbm,2026-03-30,107,final,A-Y,False,False,False
750101310475,CCUL,7,2026-05-18,276.12885736577596,279.9793661255163,508.18934699831357,745.4777195069855,777.594058508293,lgbm,2026-03-30,107,final,A-Y,False,False,False
750101310475,CCUL,8,2026-05-25,236.54035746103142,254.1509966917448,493.5104733921531,688.9202688346671,710.0842678964672,lgbm,2026-03-30,107,final,A-Y,False,False,False
750101310475,CMD2,1,2026-04-06,856.3435002414471,887.6611723791348,1296.26477796604,1647.4233669294508,1673.7410135686755,lgbm,2026-03-30,107,final,A-Y,False,False,False
750101310475,CMD2,2,2026-04-13,836.6358899308335,853.7156848962818,1297.748615562792,1702.5909770359212,1717.8672432680683,lgbm,2026-03-30,107,final,A-Y,False,False,False
750101310475,CMD2,3,2026-04-20,791.7051391530907,814.7741480411144,1244.1217723645632,1620.890257433447,1673.1996020554584,lgbm,2026-03-30,107,final,A-Y,False,False,False
750101310475,CMD2,4,2026-04-27,855.3913307894841,889.3847294160905,1312.6693763046399,1809.0848693671962,1811.475041842843,lgbm,2026-03-30,107,final,A-Y,False,False,False
750101310475,CMD2,5,2026-05-04,709.9000061185338,776.4947755545084,1278.476854489984,2061.1979704947435,2086.755487038259,lgbm,2026-03-30,107,final,A-Y,False,False,False
750101310475,CMD2,6,2026-05-11,628.7690233297117,690.8847184366915,1308.32250165258,2299.4421405205503,2313.590104827408,lgbm,2026-03-30,107,final,A-Y,False,False,False
750101310475,CMD2,7,2026-05-18,677.3905795575906,770.9909864642839,1305.3038272856252,2080.462283464633,2081.83916030922,lgbm,2026-03-30,107,final,A-Y,False,False,False
750101310475,CMD2,8,2026-05-25,673.5899783316931,719.9858684250185,1280.1580792114644,1719.869502066565,1779.1153591650348,lgbm,2026-03-30,107,final,A-Y,False,False,False
750101310475,CMTY,1,2026-04-06,617.4187334896422,663.9684183531276,943.5411985203857,1149.6159108424104,1182.3271293385476,lgbm,2026-03-30,107,final,A-Y,False,False,False
750101310475,CMTY,2,2026-04-13,603.6087568192505,624.3601981892411,926.1937246829109,1195.0952840564928,1196.0159248555885,lgbm,2026-03-30,107,final,A-Y,False,False,False
750101310475,CMTY,3,2026-04-20,554.4948818861211,602.6872829860616,884.5761440436914,1162.7881425437272,1177.2404816823077,lgbm,2026-03-30,107,final,A-Y,False,False,False
750101310475,CMTY,4,2026-04-27,616.2248342042285,646.2231061454303,910.5027058541074,1226.4365624956738,1228.5572811302754,lgbm,2026-03-30,107,final,A-Y,False,False,False
750101310475,CMTY,5,2026-05-04,539.6747810283891,569.6384079121298,943.4171190078267,1335.9277557938603,1362.709722899048,lgbm,2026-03-30,107,final,A-Y,False,False,False
750101310475,CMTY,6,2026-05-11,444.1417421144839,507.10156920233794,946.0656184691322,1667.3345447191268,1672.0713365587821,lgbm,2026-03-30,107,final,A-Y,False,False,False
750101310475,CMTY,7,2026-05-18,560.5900439349339,566.6314139232303,958.1271793389528,1302.5011790546137,1342.6914270466784,lgbm,2026-03-30,107,final,A-Y,False,False,False
750101310475,CMTY,8,2026-05-25,532.5202078006909,551.437437170231,931.3242000544432,1246.6579818875496,1268.4480604117562,lgbm,2026-03-30,107,final,A-Y,False,False,False
750101310475,MXLI,1,2026-04-06,108.9596790530087,112.43370343046183,194.2823790292324,280.59608891456287,287.0587054146184,lgbm,2026-03-30,107,final,A-Y,False,False,False
750101310475,MXLI,2,2026-04-13,101.34934953177657,108.85155370152864,188.64833236436002,283.4586173415335,293.0981269529992,lgbm,2026-03-30,107,final,A-Y,False,False,False
750101310475,MXLI,3,2026-04-20,94.37646444440496,103.1810794498314,189.87527571691697,286.71056535600746,299.1922163308055,lgbm,2026-03-30,107,final,A-Y,False,False,False
750101310475,MXLI,4,2026-04-27,98.92582264657315,111.69627390206888,196.5663378982021,293.93775994924647,310.83417885389196,lgbm,2026-03-30,107,final,A-Y,False,False,False
750101310475,MXLI,5,2026-05-04,77.30206710634317,89.94733363360822,210.50350767470988,335.5341636237196,429.3353731874922,lgbm,2026-03-30,107,final,A-Y,False,False,False
750101310475,MXLI,6,2026-05-11,65.76516849550944,78.39746647607225,214.0069369413268,364.919547152527,462.59440596555834,lgbm,2026-03-30,107,final,A-Y,False,False,False
750101310475,MXLI,7,2026-05-18,70.11757706237807,97.86938841961921,213.2966693187247,312.1994791411458,424.2695788047562,lgbm,2026-03-30,107,final,A-Y,False,False,False
750101310475,MXLI,8,2026-05-25,62.101753391871455,99.13389106643059,202.8186627219945,295.37119025358805,398.75796846753065,lgbm,2026-03-30,107,final,A-Y,False,False,False
750101310475,TLJ,1,2026-04-06,214.13954932995807,218.96823509501547,370.85057868399065,501.17352319620073,514.151585546475,lgbm,2026-03-30,107,final,A-Y,False,False,False
750101310475,TLJ,2,2026-04-13,202.59923453414697,229.79889630861092,359.24540066255474,524.997155970879,539.5552308882388,lgbm,2026-03-30,107,final,A-Y,False,False,False
750101310475,TLJ,3,2026-04-20,192.6810274113617,200.60123719066985,357.16223879131525,502.1176811445277,520.4113970912473,lgbm,2026-03-30,107,final,A-Y,False,False,False
750101310475,TLJ,4,2026-04-27,203.1759921458208,228.23186494724627,357.8059634188331,559.5993556054771,563.330997008276,lgbm,2026-03-30,107,final,A-Y,False,False,False
750101310475,TLJ,5,2026-05-04,175.8049809876024,203.53854223254376,362.77331217846626,574.8265180645594,580.7147221269454,lgbm,2026-03-30,107,final,A-Y,False,False,False
750101310475,TLJ,6,2026-05-11,146.7702801568244,188.33944316240257,379.15271661571927,634.0386919068109,658.8448541961602,lgbm,2026-03-30,107,final,A-Y,False,False,False
750101310475,TLJ,7,2026-05-18,177.16395417514144,193.89756055516392,371.64650395876856,557.8250245787789,576.715815964728,lgbm,2026-03-30,107,final,A-Y,False,False,False
750101310475,TLJ,8,2026-05-25,183.36113999614616,186.50489348759896,367.7423710456729,566.3926675991336,589.9070155201325,lgbm,2026-03-30,107,final,A-Y,False,False,False
750101310475,VHSA,1,2026-04-06,313.86305942147766,321.6691706355664,548.4770539298363,760.3302811753122,774.4044422985459,lgbm,2026-03-30,107,final,A-Y,False,False,False
750101310475,VHSA,2,2026-04-13,304.07972030823305,314.73554788798185,544.6271205438084,807.5803488799061,812.8015581739559,lgbm,2026-03-30,107,final,A-Y,False,False,False
750101310475,VHSA,3,2026-04-20,280.104715376018,303.8473470181814,537.5837941274175,770.8552633336338,799.2375485446858,lgbm,2026-03-30,107,final,A-Y,False,False,False
750101310475,VHSA,4,2026-04-27,294.30830193770265,329.04974654972466,545.4697908553574,847.8496617957056,872.3811030197471,lgbm,2026-03-30,107,final,A-Y,False,False,False
750101310475,VHSA,5,2026-05-04,247.08250187220656,280.0749230902851,574.5828810962059,928.7484704808105,962.2295006853369,lgbm,2026-03-30,107,final,A-Y,False,False,False
750101310475,VHSA,6,2026-05-11,212.70753231837605,257.95783278644546,596.453835665288,1013.4771706074978,1047.2452483995116,lgbm,2026-03-30,107,final,A-Y,False,False,False
750101310475,VHSA,7,2026-05-18,235.64891767899078,275.7083808001051,589.5127538230239,928.9421701431876,945.7343719072786,lgbm,2026-03-30,107,final,A-Y,False,False,False
750101310475,VHSA,8,2026-05-25,230.21968081100889,262.5442376229438,543.6612940676326,949.1452454473932,949.5991519688181,lgbm,2026-03-30,107,final,A-Y,False,False,False
750101310478,CMD2,1,2026-04-06,4137.590733593254,4466.632809215621,6217.0964641371675,8356.851112858625,8551.636674342055,lgbm,2026-03-30,107,final,A-Y,False,False,False
750101310478,CMD2,2,2026-04-13,4314.5499814530285,4635.132553371859,6752.656857218754,8821.8510336552,8928.56899705396,lgbm,2026-03-30,107,final,A-Y,False,False,False
750101310478,CMD2,3,2026-04-20,4019.670208614535,4302.203662585564,6444.326517937999,8746.41671721873,8914.878651719946,lgbm,2026-03-30,107,final,A-Y,False,False,False
750101310478,CMD2,4,2026-04-27,600.9730390069508,4469.918332528559,7135.256410783172,9604.76451197562,23177.4716398402,lgbm,2026-03-30,107,final,A-Y,False,False,False
750101310478,CMD2,5,2026-05-04,332.6209269651581,3865.321834925725,6931.15534548166,9616.000615322613,22621.06513652092,lgbm,2026-03-30,107,final,A-Y,False,False,False
750101310478,CMD2,6,2026-05-11,156.90905507058505,3675.7972872667488,7269.175188844746,10657.623928401214,23614.86186196185,lgbm,2026-03-30,107,final,A-Y,False,False,False
750101310478,CMD2,7,2026-05-18,3840.860793326663,3895.7032725372032,6892.565335508474,8955.389699991827,9210.007902744406,lgbm,2026-03-30,107,final,A-Y,False,False,False
750101310478,CMD2,8,2026-05-25,3184.30661441772,3318.282513517834,6245.414784262236,9382.97252780103,9453.024927788252,lgbm,2026-03-30,107,final,A-Y,False,False,False
750101310478,MXLI,1,2026-04-06,168.01447088443928,190.22911305736193,416.25602433477593,640.4403833026834,691.4508576069838,lgbm,2026-03-30,107,final,A-Y,False,False,False
750101310478,MXLI,2,2026-04-13,180.27279207001362,186.72738759800257,422.1958216096077,621.3727769043329,651.5273991711731,lgbm,2026-03-30,107,final,A-Y,False,False,False
750101310478,MXLI,3,2026-04-20,175.04592242375537,177.563613335161,418.84307961545903,631.096056192104,649.2385296725652,lgbm,2026-03-30,107,final,A-Y,False,False,False
750101310478,MXLI,4,2026-04-27,161.08855333326366,162.37384345896913,448.08637112528504,702.4907477981297,703.3771859159127,lgbm,2026-03-30,107,final,A-Y,False,False,False
750101310478,MXLI,5,2026-05-04,147.85603176098957,149.63973222114447,432.6242068551474,695.1372742123621,701.5212220934459,lgbm,2026-03-30,107,final,A-Y,False,False,False
750101310478,MXLI,6,2026-05-11,111.42550389186312,145.12721314275908,497.2058450159026,717.4757732835238,823.1577739330817,lgbm,2026-03-30,107,final,A-Y,False,False,False
750101310478,MXLI,7,2026-05-18,141.40566230636648,148.73553436441088,435.19109947110644,689.1342985496258,697.9725893215066,lgbm,2026-03-30,107,final,A-Y,False,False,False
750101310478,MXLI,8,2026-05-25,133.48172478773043,147.56965623334133,410.5618211562094,662.0231305871437,704.8409322313581,lgbm,2026-03-30,107,final,A-Y,False,False,False
750101310478,TLJ,1,2026-04-06,566.5907796498104,702.4394562712371,1291.0791506677356,1871.161904933344,2045.1796976803503,lgbm,2026-03-30,107,final,A-Y,False,False,False
750101310478,TLJ,2,2026-04-13,625.8660369652066,715.42239917458,1394.4978136318864,2027.5965247135455,2145.9954179129854,lgbm,2026-03-30,107,final,A-Y,False,False,False
750101310478,TLJ,3,2026-04-20,34.48031522363317,560.6901600043267,1369.941293624966,2283.6018836811795,4264.156414743836,lgbm,2026-03-30,107,final,A-Y,False,False,False
750101310478,TLJ,4,2026-04-27,42.50455199521116,575.1323974294046,1450.8363959993112,2381.3511694573453,4401.936831985107,lgbm,2026-03-30,107,final,A-Y,False,False,False
750101310478,TLJ,5,2026-05-04,0.0,495.40675564699524,1378.8982777933927,2347.264443968356,4316.702338308842,lgbm,2026-03-30,107,final,A-Y,False,False,False
750101310478,TLJ,6,2026-05-11,0.0,461.7705163806721,1421.6258528219807,2543.0213605181702,4487.515018831831,lgbm,2026-03-30,107,final,A-Y,False,False,False
750101310478,TLJ,7,2026-05-18,0.0,503.3448558563277,1366.4047855482888,2304.224091470881,4302.9370728884705,lgbm,2026-03-30,107,final,A-Y,False,False,False
750101310478,TLJ,8,2026-05-25,419.3613909369525,448.6704388235002,1259.354946613813,2197.99607974676,2238.5370747562615,lgbm,2026-03-30,107,final,A-Y,False,False,False
750101310478,VHSA,1,2026-04-06,1544.8472174359017,1802.1036030262762,2843.5905871496966,3879.4548827572858,4127.560917737442,lgbm,2026-03-30,107,final,A-Y,False,False,False
750101310478,VHSA,2,2026-04-13,1525.6362369207377,1683.7386190177708,2929.8237646473203,4121.772626513373,4265.324179806765,lgbm,2026-03-30,107,final,A-Y,False,False,False
750101310478,VHSA,3,2026-04-20,1485.9838418027307,1674.193347925078,2901.512157517125,3986.6816448759314,4266.437073037611,lgbm,2026-03-30,107,final,A-Y,False,False,False
750101310478,VHSA,4,2026-04-27,1428.8200145226165,1439.168411709753,3111.170852572676,4711.237421714636,4765.6536754232675,lgbm,2026-03-30,107,final,A-Y,False,False,False
750101310478,VHSA,5,2026-05-04,1363.2901189841107,1380.2152862414323,2938.7772528861533,4496.993779224385,4637.187732342909,lgbm,2026-03-30,107,final,A-Y,False,False,False
750101310478,VHSA,6,2026-05-11,1288.8016660421217,1300.7682514564017,3120.156654977276,4802.593699478208,4957.421429049772,lgbm,2026-03-30,107,final,A-Y,False,False,False
750101310478,VHSA,7,2026-05-18,1337.6547127195336,1453.7593099449664,2912.439748968733,4279.360631071612,4346.41335880834,lgbm,2026-03-30,107,final,A-Y,False,False,False
750101310478,VHSA,8,2026-05-25,1183.3722932078215,1295.6720302827475,2796.198759114529,4517.3002258765355,4534.246906992185,lgbm,2026-03-30,107,final,A-Y,False,False,False
750101310480,CCUL,1,2026-04-06,599.7239485830924,634.6346154497322,1152.946430359863,1498.9075754489443,1613.9944155106773,lgbm,2026-03-30,107,final,A-Y,False,False,False
750101310480,CCUL,2,2026-04-13,564.7180132523988,589.8188693180725,1191.3124823627536,1593.2681993661383,1687.8028246579038,lgbm,2026-03-30,107,final,A-Y,False,False,False
750101310480,CCUL,3,2026-04-20,561.5147717404559,585.8289470038042,1150.7233769338477,1541.058444637687,1664.4110246695852,lgbm,2026-03-30,107,final,A-Y,False,False,False
750101310480,CCUL,4,2026-04-27,490.3881237410429,535.7356417897789,1219.9991113756896,1838.697143932031,1884.2861422208196,lgbm,2026-03-30,107,final,A-Y,False,False,False
750101310480,CCUL,5,2026-05-04,477.48120967157956,522.7278375705657,1183.9506411472873,1729.025440185084,1772.4888761629109,lgbm,2026-03-30,107,final,A-Y,False,False,False
750101310480,CCUL,6,2026-05-11,423.99537694914335,456.4632756042107,1256.7250599124786,1871.653424160601,1976.7053480350853,lgbm,2026-03-30,107,final,A-Y,False,False,False
750101310480,CCUL,7,2026-05-18,485.1374183440784,499.2262915445478,1172.3105524902885,1637.3594403784587,1726.0634793716138,lgbm,2026-03-30,107,final,A-Y,False,False,False
750101310480,CCUL,8,2026-05-25,437.78801756918864,460.5331716831412,1130.5631346648913,1714.9458130866897,1773.3660348037206,lgbm,2026-03-30,107,final,A-Y,False,False,False
750101310480,CMD2,1,2026-04-06,4255.478661172227,4744.9299226845,6571.1157541384,7877.890508340073,8600.687978937067,lgbm,2026-03-30,107,final,A-Y,False,False,False
750101310480,CMD2,2,2026-04-13,3961.5649716519447,4464.778898064029,7109.013967258235,8884.271477312206,9548.54595719255,lgbm,2026-03-30,107,final,A-Y,False,False,False
750101310480,CMD2,3,2026-04-20,3925.7265666829853,4394.095740644039,6801.48500871793,8759.472202146128,9446.903930788152,lgbm,2026-03-30,107,final,A-Y,False,False,False
750101310480,CMD2,4,2026-04-27,4189.799250755114,4418.852569464944,7678.867993909698,10213.574521555085,10298.84287513715,lgbm,2026-03-30,107,final,A-Y,False,False,False
750101310480,CMD2,5,2026-05-04,3635.2626851055666,4187.446229928062,7268.161297588844,9329.77922207741,9952.995906637823,lgbm,2026-03-30,107,final,A-Y,False,False,False
750101310480,CMD2,6,2026-05-11,3537.975858083356,3898.5995935158708,7802.561665945537,10518.405729631935,10871.55476263849,lgbm,2026-03-30,107,final,A-Y,False,False,False
750101310480,CMD2,7,2026-05-18,3316.430671792126,3726.9354386077625,7282.111308221563,9761.830117794305,9987.072074806041,lgbm,2026-03-30,107,final,A-Y,False,False,False
750101310480,CMD2,8,2026-05-25,3056.730936714977,3321.13930924492,7047.412341415849,10192.855318334658,10311.459121689024,lgbm,2026-03-30,107,final,A-Y,False,False,False
750101310480,TLJ,1,2026-04-06,1097.3136770709614,1212.262530499167,2135.8396067498566,2766.5554897171087,3041.638652226163,lgbm,2026-03-30,107,final,A-Y,False,False,False
750101310480,TLJ,2,2026-04-13,1056.4407476054594,1136.532907277087,2215.7931870608877,3047.097802337165,3145.8762078707996,lgbm,2026-03-30,107,final,A-Y,False,False,False
750101310480,TLJ,3,2026-04-20,1029.871054563896,1112.7804594041822,2149.1554026176723,2978.1052494545506,3148.3093458853195,lgbm,2026-03-30,107,final,A-Y,False,False,False
750101310480,TLJ,4,2026-04-27,18.06341253266305,952.976378049576,2309.819776917381,3653.288654835804,7343.4031618736735,lgbm,2026-03-30,107,final,A-Y,False,False,False
750101310480,TLJ,5,2026-05-04,1017.6393178852652,1040.447715558178,2223.9242902626315,3062.035545381169,3239.793347415821,lgbm,2026-03-30,107,final,A-Y,False,False,False
750101310480,TLJ,6,2026-05-11,0.0,800.1267382439015,2308.260493302537,3739.9238702827192,7410.04786682816,lgbm,2026-03-30,107,final,A-Y,False,False,False
750101310480,TLJ,7,2026-05-18,953.0993177439124,967.6471365757909,2225.753188304494,3165.217494332058,3185.6742824327125,lgbm,2026-03-30,107,final,A-Y,False,False,False
750101310480,TLJ,8,2026-05-25,785.3426240563513,787.30251429682,2106.2749436348927,3295.3986906803734,3366.80773047653,lgbm,2026-03-30,107,final,A-Y,False,False,False
750101310480,VHSA,1,2026-04-06,2345.0903323033112,2713.495915600321,4619.35474512311,5951.086397771893,6731.289925883216,lgbm,2026-03-30,107,final,A-Y,False,False,False
750101310480,VHSA,2,2026-04-13,2419.8910094956705,2588.703278763735,4868.810613841323,6286.0508441865295,6888.450392873873,lgbm,2026-03-30,107,final,A-Y,False,False,False
750101310480,VHSA,3,2026-04-20,2378.1039577460215,2573.6505801956255,4717.212381828458,6100.719890476921,6820.221169015415,lgbm,2026-03-30,107,final,A-Y,False,False,False
750101310480,VHSA,4,2026-04-27,2300.9967667697238,2462.4579529696466,4962.789852006975,6839.133332036842,7478.568995821471,lgbm,2026-03-30,107,final,A-Y,False,False,False
750101310480,VHSA,5,2026-05-04,2290.3787769894843,2436.7192348419285,4817.315294738213,6339.5669274132,6962.232989035493,lgbm,2026-03-30,107,final,A-Y,False,False,False
750101310480,VHSA,6,2026-05-11,2017.9759311778153,2066.8213841699035,5009.211606186479,7531.411732521982,7640.518670551382,lgbm,2026-03-30,107,final,A-Y,False,False,False
750101310480,VHSA,7,2026-05-18,2174.50590113785,2223.299856494551,4791.342549727559,6554.840562454855,6899.948105713147,lgbm,2026-03-30,107,final,A-Y,False,False,False
750101310480,VHSA,8,2026-05-25,1909.534169947488,1994.6640898620171,4592.6707166758015,6854.8168956345,7217.300311175152,lgbm,2026-03-30,107,final,A-Y,False,False,False
750101310482,CCUL,1,2026-04-06,469.38990491046593,473.759968843057,890.0639714602128,1243.6912739783115,1309.9160844787928,lgbm,2026-03-30,107,final,A-Y,False,False,False
750101310482,CCUL,2,2026-04-13,441.83875107355504,454.7980933763487,926.7110317643339,1297.6542585900293,1363.8648270285753,lgbm,2026-03-30,107,final,A-Y,False,False,False
750101310482,CCUL,3,2026-04-20,432.0906084791245,432.11231819536596,887.0884737940406,1274.0746500621326,1362.2057191128313,lgbm,2026-03-30,107,final,A-Y,False,False,False
750101310482,CCUL,4,2026-04-27,346.03438955494886,429.81213024378974,963.6871010920563,1451.920676854795,1555.5569612084423,lgbm,2026-03-30,107,final,A-Y,False,False,False
750101310482,CCUL,5,2026-05-04,335.82763802864343,382.3758129373093,943.3424460309386,1457.132769288584,1499.6962444772585,lgbm,2026-03-30,107,final,A-Y,False,False,False
750101310482,CCUL,6,2026-05-11,318.8372510593417,360.2238751737125,1101.3968588888467,1518.463533151305,1589.7209111975953,lgbm,2026-03-30,107,final,A-Y,False,False,False
750101310482,CCUL,7,2026-05-18,316.23053787748813,374.26509547949536,940.1932656604426,1392.281223786758,1490.1716208224452,lgbm,2026-03-30,107,final,A-Y,False,False,False
750101310482,CCUL,8,2026-05-25,330.29543980988024,341.46358694110796,895.8714055453202,1395.1135047083003,1447.124116365688,lgbm,2026-03-30,107,final,A-Y,False,False,False
750101310482,CMD2,1,2026-04-06,4319.705501299633,5044.713394025962,6955.732973714032,8359.931885446418,9181.02736062605,lgbm,2026-03-30,107,final,A-Y,False,False,False
750101310482,CMD2,2,2026-04-13,4177.118535590355,4892.829255536602,7295.084138975225,8720.40651797299,9923.610571706502,lgbm,2026-03-30,107,final,A-Y,False,False,False
750101310482,CMD2,3,2026-04-20,4108.334167437755,4720.520080195653,6900.22892803183,8724.569429685436,9737.271367255786,lgbm,2026-03-30,107,final,A-Y,False,False,False
750101310482,CMD2,4,2026-04-27,4383.217861501591,4510.589722479124,7636.474101396347,10362.551524836428,10419.956448810928,lgbm,2026-03-30,107,final,A-Y,False,False,False
750101310482,CMD2,5,2026-05-04,3797.5848012299275,4117.558680409512,7454.728653662304,10018.68194230033,10250.949938022644,lgbm,2026-03-30,107,final,A-Y,False,False,False
750101310482,CMD2,6,2026-05-11,3700.1041584378963,3936.752888050928,7832.024394690031,11109.944607478546,11343.318542133158,lgbm,2026-03-30,107,final,A-Y,False,False,False
750101310482,CMD2,7,2026-05-18,3528.7841065168473,3978.897067945645,7380.962583572162,9844.470086245825,9958.113512829797,lgbm,2026-03-30,107,final,A-Y,False,False,False
750101310482,CMD2,8,2026-05-25,3354.7210726552084,3593.9706235710264,6942.617327438988,10098.64188727308,10160.045826370659,lgbm,2026-03-30,107,final,A-Y,False,False,False
750101310482,MXLI,1,2026-04-06,250.28209417812377,256.61437840950225,449.02670286426246,636.0325697797812,636.3453754311826,lgbm,2026-03-30,107,final,A-Y,False,False,False
750101310482,MXLI,2,2026-04-13,235.29608928145893,249.97895606465147,465.1784575217048,642.2551811371347,645.0156296276036,lgbm,2026-03-30,107,final,A-Y,False,False,False
750101310482,MXLI,3,2026-04-20,226.65972187251643,239.67764478117894,458.5590685423144,649.1507033427552,651.5783309700982,lgbm,2026-03-30,107,final,A-Y,False,False,False
750101310482,MXLI,4,2026-04-27,205.34708543900896,232.83628424368172,491.5523519701334,684.7157435807237,705.7253090114311,lgbm,2026-03-30,107,final,A-Y,False,False,False
750101310482,MXLI,5,2026-05-04,206.21137296812483,219.74035480414955,477.37208226140734,675.3105012248882,677.5848829750835,lgbm,2026-03-30,107,final,A-Y,False,False,False
750101310482,MXLI,6,2026-05-11,179.6607187433901,201.68518945718984,492.91959126420045,727.057206844758,751.0509830616561,lgbm,2026-03-30,107,final,A-Y,False,False,False
750101310482,MXLI,7,2026-05-18,195.75642292547292,204.88549254708687,468.70050923378386,673.4844626711028,681.4769952075276,lgbm,2026-03-30,107,final,A-Y,False,False,False
750101310482,MXLI,8,2026-05-25,178.51660493424356,186.97735642195627,455.8329529026711,689.5499462523796,695.6858599365539,lgbm,2026-03-30,107,final,A-Y,False,False,False
750101310482,TLJ,1,2026-04-06,1128.6708762036872,1279.28084468238,2128.9172174248574,2752.1574864851937,2874.063020456931,lgbm,2026-03-30,107,final,A-Y,False,False,False
750101310482,TLJ,2,2026-04-13,1144.4350179524768,1232.1500244615127,2208.8189507808784,2858.648779755676,2947.374483465013,lgbm,2026-03-30,107,final,A-Y,False,False,False
750101310482,TLJ,3,2026-04-20,1118.961235615568,1169.600215821425,2155.5802477237444,2851.264754523814,2956.8223766256247,lgbm,2026-03-30,107,final,A-Y,False,False,False
750101310482,TLJ,4,2026-04-27,84.49308831882013,1014.7847176912694,2253.952962018493,3360.487088082139,6977.878497310127,lgbm,2026-03-30,107,final,A-Y,False,False,False
750101310482,TLJ,5,2026-05-04,13.009831192986212,970.0586791926628,2173.1695879996023,3206.1869629760877,6790.020328396793,lgbm,2026-03-30,107,final,A-Y,False,False,False
750101310482,TLJ,6,2026-05-11,0.0,862.4797799010929,2250.674659182198,3505.35475538014,7073.799747957237,lgbm,2026-03-30,107,final,A-Y,False,False,False
750101310482,TLJ,7,2026-05-18,963.7601865558477,1032.5359392774858,2156.8722708496616,3001.3371330263185,3014.1502061568303,lgbm,2026-03-30,107,final,A-Y,False,False,False
750101310482,TLJ,8,2026-05-25,784.0335434483698,794.5747870183382,1997.3045689989792,3077.5044982703475,3174.8050383286077,lgbm,2026-03-30,107,final,A-Y,False,False,False
750101310482,VHSA,1,2026-04-06,2385.1975737320645,2554.307124600185,4357.17566862459,5579.963492940436,5761.313693248525,lgbm,2026-03-30,107,final,A-Y,False,False,False
750101310482,VHSA,2,2026-04-13,2324.879293763461,2379.3789029807112,4511.550976001405,5852.3266654352965,5995.116041870532,lgbm,2026-03-30,107,final,A-Y,False,False,False
750101310482,VHSA,3,2026-04-20,2246.684090217237,2355.857938875889,4417.537068414702,5751.0759708893065,5961.4479768045485,lgbm,2026-03-30,107,final,A-Y,False,False,False
750101310482,VHSA,4,2026-04-27,2160.248698831566,2235.147748646988,4654.202851417575,6407.225622603266,6410.272393305273,lgbm,2026-03-30,107,final,A-Y,False,False,False
750101310482,VHSA,5,2026-05-04,2131.6484730223265,2200.8874024136258,4508.113284348888,5980.208812180536,6082.83673330461,lgbm,2026-03-30,107,final,A-Y,False,False,False
750101310482,VHSA,6,2026-05-11,1901.2902084151815,1955.4479927115271,4706.743090251743,6704.219311332297,6858.850556445637,lgbm,2026-03-30,107,final,A-Y,False,False,False
750101310482,VHSA,7,2026-05-18,1991.8989528443244,2067.877318121008,4475.109023247556,6071.672282957232,6096.29187937713,lgbm,2026-03-30,107,final,A-Y,False,False,False
750101310482,VHSA,8,2026-05-25,1681.4167216860283,1780.265551968505,4194.57557814844,6319.176454258722,6392.658828274238,lgbm,2026-03-30,107,final,A-Y,False,False,False
750101310533,CCUL,1,2026-04-06,9776.486761142822,10051.624316833339,14129.440818930661,18887.583504388447,19392.28064798299,lgbm,2026-03-30,107,final,A-Y,False,False,False
750101310533,CCUL,2,2026-04-13,7711.609276325628,9492.442844988662,14102.548003068448,20827.5621121199,27662.724987198562,lgbm,2026-03-30,107,final,A-Y,False,False,False
750101310533,CCUL,3,2026-04-20,7960.40081237721,9180.550454520835,14866.045299552376,20689.266911730836,27608.52263201046,lgbm,2026-03-30,107,final,A-Y,False,False,False
750101310533,CCUL,4,2026-04-27,8331.951265993677,10068.054033779907,14431.26065626553,21510.2818349905,28680.280308789057,lgbm,2026-03-30,107,final,A-Y,False,False,False
750101310533,CCUL,5,2026-05-04,6713.647210449793,8599.567411172458,13231.789475442401,19877.920428362788,27135.417858222296,lgbm,2026-03-30,107,final,A-Y,False,False,False
750101310533,CCUL,6,2026-05-11,6465.178330152864,8195.91906841686,13297.47052982703,21319.153901081012,28382.71409525411,lgbm,2026-03-30,107,final,A-Y,False,False,False
750101310533,CCUL,7,2026-05-18,6424.4449278916945,8539.645504502663,12778.586876025154,17762.0999184476,25294.516407285642,lgbm,2026-03-30,107,final,A-Y,False,False,False
750101310533,CCUL,8,2026-05-25,7605.0639020679755,8149.433587856962,11521.161687617716,17742.390202589366,17995.562148178557,lgbm,2026-03-30,107,final,A-Y,False,False,False
750101310533,CMTY,1,2026-04-06,25569.710708392464,26687.442885695233,32933.98791928813,43448.196669325014,44251.505497322905,lgbm,2026-03-30,107,final,A-Y,False,False,False
750101310533,CMTY,2,2026-04-13,19618.234168095187,25553.962619016176,32867.292299194196,46969.97003121318,65002.667728477194,lgbm,2026-03-30,107,final,A-Y,False,False,False
750101310533,CMTY,3,2026-04-20,19974.354044259708,24955.37959268201,35001.60560454192,46390.64783007771,65050.39907502544,lgbm,2026-03-30,107,final,A-Y,False,False,False
750101310533,CMTY,4,2026-04-27,20303.342758349914,25615.122248129315,36575.52931218453,49672.14963765547,69270.6434930546,lgbm,2026-03-30,107,final,A-Y,False,False,False
750101310533,CMTY,5,2026-05-04,17563.70332613669,24253.41966690465,31490.29605845566,45698.696723369154,65557.11021001851,lgbm,2026-03-30,107,final,A-Y,False,False,False
750101310533,CMTY,6,2026-05-11,16585.64895664594,22681.07780063235,30220.235130902787,49718.43628438382,68716.46007386706,lgbm,2026-03-30,107,final,A-Y,False,False,False
750101310533,CMTY,7,2026-05-18,17268.106999504005,24229.70160624459,30314.437081721288,43859.167114417956,62036.87752941306,lgbm,2026-03-30,107,final,A-Y,False,False,False
750101310533,CMTY,8,2026-05-25,16511.54198816526,21608.017635859404,28585.708315982283,44967.715667243305,62491.71627343645,lgbm,2026-03-30,107,final,A-Y,False,False,False
750101310533,MXLI,1,2026-04-06,5377.388616022621,5548.929272734361,7738.9434906883325,10522.830026115567,10789.182845023992,lgbm,2026-03-30,107,final,A-Y,False,False,False
750101310533,MXLI,2,2026-04-13,5124.842759111539,5399.082122959504,7743.404442773859,11087.424583859036,11552.607416580186,lgbm,2026-03-30,107,final,A-Y,False,False,False
750101310533,MXLI,3,2026-04-20,5218.729346769804,5588.329455330781,7894.191876848435,10941.081977448302,11331.450948400097,lgbm,2026-03-30,107,final,A-Y,False,False,False
750101310533,MXLI,4,2026-04-27,5260.630417829385,5723.750244972807,7867.528876074063,11648.21206131406,11981.338651975582,lgbm,2026-03-30,107,final,A-Y,False,False,False
750101310533,MXLI,5,2026-05-04,4206.38036938046,4692.339862309578,7436.9354144260415,10843.139798773984,11282.242507187177,lgbm,2026-03-30,107,final,A-Y,False,False,False
750101310533,MXLI,6,2026-05-11,4034.8937312620956,4604.238693520334,7451.713034199508,11367.49129169591,11860.110499777147,lgbm,2026-03-30,107,final,A-Y,False,False,False
750101310533,MXLI,7,2026-05-18,4518.601152034163,4674.755037330786,7188.811801449854,9931.796287698406,10064.724868541365,lgbm,2026-03-30,107,final,A-Y,False,False,False
750101310533,MXLI,8,2026-05-25,4318.91435153329,4506.429267778595,6665.957915171663,10429.95547805353,10628.907443698248,lgbm,2026-03-30,107,final,A-Y,False,False,False
750101310533,TLJ,1,2026-04-06,14131.181162341842,14447.654908554132,21359.955825561305,27630.199221347662,28083.22170943405,lgbm,2026-03-30,107,final,A-Y,False,False,False
750101310533,TLJ,2,2026-04-13,11285.725821788972,13165.082398665108,21609.304471341475,30704.984976093758,39883.07908606816,lgbm,2026-03-30,107,final,A-Y,False,False,False
750101310533,TLJ,3,2026-04-20,11346.869426654095,13700.005292235757,21571.69131145302,29449.78828925659,40004.1149326871,lgbm,2026-03-30,107,final,A-Y,False,False,False
750101310533,TLJ,4,2026-04-27,12131.512711205763,14243.754970536673,22514.353410366966,32476.65758171859,42940.666229275594,lgbm,2026-03-30,107,final,A-Y,False,False,False
750101310533,TLJ,5,2026-05-04,9472.610548404968,13575.252344658073,19787.43279415805,29448.00967002305,41215.34859857213,lgbm,2026-03-30,107,final,A-Y,False,False,False
750101310533,TLJ,6,2026-05-11,9620.844538848844,11917.07477130945,20467.169577574296,32101.535209036458,42755.92128138731,lgbm,2026-03-30,107,final,A-Y,False,False,False
750101310533,TLJ,7,2026-05-18,9738.591084127704,12914.773126210304,20169.70771897736,28785.508693085303,40377.88985414912,lgbm,2026-03-30,107,final,A-Y,False,False,False
750101310533,TLJ,8,2026-05-25,8853.787215981538,13059.978188473142,17957.083004110536,29778.538265013416,41539.02285562595,lgbm,2026-03-30,107,final,A-Y,False,False,False
750101310533,VHSA,1,2026-04-06,12328.60378870054,12631.022100005264,19149.088700531294,25893.99963375469,26151.64283609257,lgbm,2026-03-30,107,final,A-Y,False,False,False
750101310533,VHSA,2,2026-04-13,9758.08975358292,11930.4174665637,19599.637991706444,28168.788765357043,37321.53395163494,lgbm,2026-03-30,107,final,A-Y,False,False,False
750101310533,VHSA,3,2026-04-20,9370.302557375951,11077.63093564336,19935.332934224254,28485.4134578968,38111.64471037562,lgbm,2026-03-30,107,final,A-Y,False,False,False
750101310533,VHSA,4,2026-04-27,9800.281693187831,11695.112823868458,20285.13510240957,29482.88336676531,40060.42734612695,lgbm,2026-03-30,107,final,A-Y,False,False,False
750101310533,VHSA,5,2026-05-04,8192.258067926876,11160.45064794663,18464.859500247003,27810.388202517504,38189.98871259055,lgbm,2026-03-30,107,final,A-Y,False,False,False
750101310533,VHSA,6,2026-05-11,7894.148210276973,10509.108348237925,18437.117648177617,28923.37143655045,39361.15049638009,lgbm,2026-03-30,107,final,A-Y,False,False,False
750101310533,VHSA,7,2026-05-18,7591.017226889687,10430.904955750217,17723.83880062801,26165.50644065407,35290.07153352982,lgbm,2026-03-30,107,final,A-Y,False,False,False
750101310533,VHSA,8,2026-05-25,7106.4668329074275,10578.017840975452,16458.709089136533,25747.723435647724,36559.007279739264,lgbm,2026-03-30,107,final,A-Y,False,False,False
750101310534,CCUL,1,2026-04-06,12013.07498060841,12567.293539210563,16463.856796582066,20923.763805941748,21057.054292080513,lgbm,2026-03-30,107,final,A-Y,False,False,False
750101310534,CCUL,2,2026-04-13,11617.168236391819,12283.692932102334,16181.311950626081,21688.55927069849,21819.53070587911,lgbm,2026-03-30,107,final,A-Y,False,False,False
750101310534,CCUL,3,2026-04-20,11608.861176343045,12204.836409371936,16725.993442236188,21841.780216424748,22174.14586379044,lgbm,2026-03-30,107,final,A-Y,False,False,False
750101310534,CCUL,4,2026-04-27,11809.142143844172,12746.952196393588,16958.45764696003,22959.224487619013,23648.664620096617,lgbm,2026-03-30,107,final,A-Y,False,False,False
750101310534,CCUL,5,2026-05-04,9843.162912237702,10473.36072675496,15102.628749779191,21167.04249276024,21750.553711004904,lgbm,2026-03-30,107,final,A-Y,False,False,False
750101310534,CCUL,6,2026-05-11,9423.933689548801,9927.841214906262,14715.255095307806,23000.080431185517,23265.951468596788,lgbm,2026-03-30,107,final,A-Y,False,False,False
750101310534,CCUL,7,2026-05-18,9273.267993695392,9841.58858996369,14390.486534245578,18238.110622991873,18870.62879645852,lgbm,2026-03-30,107,final,A-Y,False,False,False
750101310534,CCUL,8,2026-05-25,8408.027300958765,9255.751959599687,13347.900218767627,19251.854583921053,19741.123470920662,lgbm,2026-03-30,107,final,A-Y,False,False,False
750101310534,CMTY,1,2026-04-06,32491.029094117064,32910.84703481295,39900.27646556698,51594.78116635183,53086.778726062716,lgbm,2026-03-30,107,final,A-Y,False,False,False
750101310534,CMTY,2,2026-04-13,25749.2209089904,31219.14354048,39721.288966625485,54803.13973532036,79255.22497725495,lgbm,2026-03-30,107,final,A-Y,False,False,False
750101310534,CMTY,3,2026-04-20,26808.561240626463,32189.60772278943,41129.080562647665,55595.22850613062,78209.98796483941,lgbm,2026-03-30,107,final,A-Y,False,False,False
750101310534,CMTY,4,2026-04-27,27245.648239722024,32806.14866386436,45024.368270265055,59866.76377010974,84094.58226013964,lgbm,2026-03-30,107,final,A-Y,False,False,False
750101310534,CMTY,5,2026-05-04,23854.677505100044,27921.702815682398,38627.92750536577,55504.14651662305,77279.68747309092,lgbm,2026-03-30,107,final,A-Y,False,False,False
750101310534,CMTY,6,2026-05-11,22819.99573809444,26539.35423151681,37145.229120992,58188.847998988276,79810.42872723438,lgbm,2026-03-30,107,final,A-Y,False,False,False
750101310534,CMTY,7,2026-05-18,23437.319475312637,28721.719997971097,37518.42679520136,48551.243564741584,72370.5126541846,lgbm,2026-03-30,107,final,A-Y,False,False,False
750101310534,CMTY,8,2026-05-25,22420.35118451661,28089.537731711913,34678.35563738006,50772.41970486819,74235.90503841391,lgbm,2026-03-30,107,final,A-Y,False,False,False
750101310534,MXLI,1,2026-04-06,5722.78500608705,6067.269501946103,7595.998380921087,9375.905124951574,9989.783394345244,lgbm,2026-03-30,107,final,A-Y,False,False,False
750101310534,MXLI,2,2026-04-13,5395.062746040276,5734.613356964246,7589.436611721161,10168.295936055603,10698.237329464526,lgbm,2026-03-30,107,final,A-Y,False,False,False
750101310534,MXLI,3,2026-04-20,5572.356407584739,5718.952696916134,7811.286036421691,10234.852221202013,10486.980446280591,lgbm,2026-03-30,107,final,A-Y,False,False,False
750101310534,MXLI,4,2026-04-27,5617.272183872657,5695.147292766222,7912.502393691166,10875.643510443828,11068.413130592804,lgbm,2026-03-30,107,final,A-Y,False,False,False
750101310534,MXLI,5,2026-05-04,5071.889976988087,5138.361866109341,7331.683006227066,9898.70049427326,10204.578024384535,lgbm,2026-03-30,107,final,A-Y,False,False,False
750101310534,MXLI,6,2026-05-11,4847.795867860641,4906.309051841177,7166.431436311012,10549.673727351941,10904.716370752902,lgbm,2026-03-30,107,final,A-Y,False,False,False
750101310534,MXLI,7,2026-05-18,4669.046750746178,5177.642252492122,7127.105083797763,8544.193341097354,9184.166035040176,lgbm,2026-03-30,107,final,A-Y,False,False,False
750101310534,MXLI,8,2026-05-25,4646.215134743841,5144.837834806209,6741.482029019281,8978.14575340977,9684.706214405489,lgbm,2026-03-30,107,final,A-Y,False,False,False
750101310534,TLJ,1,2026-04-06,17699.281088525957,17728.372579587005,25314.19373344072,32796.00140924954,32824.73026852343,lgbm,2026-03-30,107,final,A-Y,False,False,False
750101310534,TLJ,2,2026-04-13,13630.138722236414,17338.373370078476,25226.708256328377,34013.25964309765,47620.82854298428,lgbm,2026-03-30,107,final,A-Y,False,False,False
750101310534,TLJ,3,2026-04-20,13921.241877317285,17234.89559135292,26785.019107772943,34553.81815508801,48694.85426156288,lgbm,2026-03-30,107,final,A-Y,False,False,False
750101310534,TLJ,4,2026-04-27,14436.037287044923,16899.98112918516,27751.093264490803,38437.529387563576,51028.88422728467,lgbm,2026-03-30,107,final,A-Y,False,False,False
750101310534,TLJ,5,2026-05-04,11934.529836047835,14583.124159732779,24434.43507827685,35543.86317647905,47969.538531792095,lgbm,2026-03-30,107,final,A-Y,False,False,False
750101310534,TLJ,6,2026-05-11,11995.687235419518,14556.54463941462,23765.796456672557,37801.155224055576,49121.83421028408,lgbm,2026-03-30,107,final,A-Y,False,False,False
750101310534,TLJ,7,2026-05-18,12410.684073385946,16024.647454578024,23621.121780922913,33539.00148878324,46044.48341058704,lgbm,2026-03-30,107,final,A-Y,False,False,False
750101310534,TLJ,8,2026-05-25,11023.233706109066,14971.868271874122,21753.555666636516,33460.34579489904,46605.15508871434,lgbm,2026-03-30,107,final,A-Y,False,False,False
750101310534,VHSA,1,2026-04-06,16348.177719729008,17085.864671696887,25428.789769807696,32751.798133982564,32921.31392569908,lgbm,2026-03-30,107,final,A-Y,False,False,False
750101310534,VHSA,2,2026-04-13,12453.841964261961,16096.073568639682,25395.942973488352,34699.08237308179,49255.39612146082,lgbm,2026-03-30,107,final,A-Y,False,False,False
750101310534,VHSA,3,2026-04-20,13227.436319904959,16166.09024464323,26886.237939902072,35735.35874990685,50063.93371864104,lgbm,2026-03-30,107,final,A-Y,False,False,False
750101310534,VHSA,4,2026-04-27,13238.072638563774,15412.683680323444,27312.00314986712,38390.58700629417,51865.70475614455,lgbm,2026-03-30,107,final,A-Y,False,False,False
750101310534,VHSA,5,2026-05-04,11792.628636856687,14581.463350483891,24343.6724567121,34659.24057064373,48172.81484851572,lgbm,2026-03-30,107,final,A-Y,False,False,False
750101310534,VHSA,6,2026-05-11,11231.419107594365,13535.220160874447,23851.548137779482,35990.50658980468,49566.96870551706,lgbm,2026-03-30,107,final,A-Y,False,False,False
750101310534,VHSA,7,2026-05-18,11376.577134499243,14901.703202954008,23562.404131909418,29797.366143166888,44858.90143217455,lgbm,2026-03-30,107,final,A-Y,False,False,False
750101310534,VHSA,8,2026-05-25,14078.171894670368,14617.145219575857,21453.215670822046,29941.504758007322,31282.97744049469,lgbm,2026-03-30,107,final,A-Y,False,False,False
750101310541,CCUL,1,2026-04-06,605.8265797618161,733.125009932501,1131.7719401142294,1444.3575537269173,1548.0193631306836,lgbm,2026-03-30,107,final,A-Z,False,False,False
750101310541,CCUL,2,2026-04-13,570.3749099918552,680.3698382009648,1151.4242888094113,1508.907270209432,1575.5163436091743,lgbm,2026-03-30,107,final,A-Z,False,False,False
750101310541,CCUL,3,2026-04-20,534.8825348486855,679.5125897358573,1125.5327504400755,1459.8911746838094,1576.739468295265,lgbm,2026-03-30,107,final,A-Z,False,False,False
750101310541,CCUL,4,2026-04-27,511.70136886279533,639.2813697972244,1201.1533313208952,1656.9242006179586,1694.4146829552392,lgbm,2026-03-30,107,final,A-Z,False,False,False
750101310541,CCUL,5,2026-05-04,429.6503451116,538.4781866784358,1096.6293484210246,1626.814862233174,1661.5979570343818,lgbm,2026-03-30,107,final,A-Z,False,False,False
750101310541,CCUL,6,2026-05-11,403.14499354142316,515.1462443255014,1117.9681268968168,1694.6524979243777,1733.7828820079626,lgbm,2026-03-30,107,final,A-Z,False,False,False
750101310541,CCUL,7,2026-05-18,441.9854926687985,617.9280371033678,1097.551318600899,1426.4288663312147,1598.2905047729987,lgbm,2026-03-30,107,final,A-Z,False,False,False
750101310541,CCUL,8,2026-05-25,406.9838761508383,588.9116708214012,1036.5305213641645,1492.4145818648276,1641.243905798746,lgbm,2026-03-30,107,final,A-Z,False,False,False
750101310541,CMD2,1,2026-04-06,5033.364663845543,6145.497577267191,8969.420958714782,11378.107115036511,11788.179524771926,lgbm,2026-03-30,107,final,A-Z,False,False,False
750101310541,CMD2,2,2026-04-13,5034.4431861596195,5895.356869082539,9218.69341896332,11881.028298228026,12136.799252877765,lgbm,2026-03-30,107,final,A-Z,False,False,False
750101310541,CMD2,3,2026-04-20,4714.2453688809055,5873.074424446456,8960.658020121327,11506.477470124984,12100.230155103907,lgbm,2026-03-30,107,final,A-Z,False,False,False
750101310541,CMD2,4,2026-04-27,4675.128638149878,5998.521009272035,9719.512182157454,12350.795753374965,12966.7040509049,lgbm,2026-03-30,107,final,A-Z,False,False,False
750101310541,CMD2,5,2026-05-04,3818.481636714445,5012.867719302935,8715.363309950591,11887.25428940996,12855.916044332851,lgbm,2026-03-30,107,final,A-Z,False,False,False
750101310541,CMD2,6,2026-05-11,3590.2522415806893,4784.74117362001,8997.925899303687,12477.100825112764,13479.84239087121,lgbm,2026-03-30,107,final,A-Z,False,False,False
750101310541,CMD2,7,2026-05-18,3865.1692540571703,5476.405824478685,8684.807677117444,10689.478519845237,12306.830978323025,lgbm,2026-03-30,107,final,A-Z,False,False,False
750101310541,CMD2,8,2026-05-25,3622.5433741038,5237.073981263726,8186.656323471257,11208.181933349271,12682.30406024798,lgbm,2026-03-30,107,final,A-Z,False,False,False
750101310541,CMTY,1,2026-04-06,1339.9916761391391,1605.0392969689879,2510.6982682132475,3198.707819226873,3312.7927056040653,lgbm,2026-03-30,107,final,A-Z,False,False,False
750101310541,CMTY,2,2026-04-13,1304.9371749693707,1538.592611645031,2577.531189092024,3307.434989749297,3425.7431886749027,lgbm,2026-03-30,107,final,A-Z,False,False,False
750101310541,CMTY,3,2026-04-20,1269.34446304185,1512.2529445969928,2492.29029215957,3280.004889811848,3348.205557195827,lgbm,2026-03-30,107,final,A-Z,False,False,False
750101310541,CMTY,4,2026-04-27,1234.7474905042914,1526.7758419443621,2678.5698688261205,3493.3102151522967,3615.8740715751665,lgbm,2026-03-30,107,final,A-Z,False,False,False
750101310541,CMTY,5,2026-05-04,1047.3301913139048,1316.7947750910857,2423.901466955729,3391.79931792035,3527.1513202645206,lgbm,2026-03-30,107,final,A-Z,False,False,False
750101310541,CMTY,6,2026-05-11,976.680211336534,1255.3998646740442,2482.207453940326,3544.8743884196324,3704.8205336342317,lgbm,2026-03-30,107,final,A-Z,False,False,False
750101310541,CMTY,7,2026-05-18,1098.8989294876778,1426.7531414800883,2421.4117552387306,3124.807433859005,3326.9816665031094,lgbm,2026-03-30,107,final,A-Z,False,False,False
750101310541,CMTY,8,2026-05-25,1026.315703422983,1355.2919214199496,2311.3462787847134,3272.5601695469086,3452.9684512977587,lgbm,2026-03-30,107,final,A-Z,False,False,False
750101310541,MXLI,1,2026-04-06,374.58599619684026,465.1124722433951,746.9525050221032,979.371916850761,1010.0997446904238,lgbm,2026-03-30,107,final,A-Z,False,False,False
750101310541,MXLI,2,2026-04-13,356.41222552438677,445.7356657968611,766.955961440477,1008.0103498034018,1038.254877662837,lgbm,2026-03-30,107,final,A-Z,False,False,False
750101310541,MXLI,3,2026-04-20,360.85760923977386,442.221030505605,744.0217367587646,994.3462801116492,1018.7387560990087,lgbm,2026-03-30,107,final,A-Z,False,False,False
750101310541,MXLI,4,2026-04-27,333.8989202669067,437.0373233204907,797.6263425724511,1057.996250664057,1104.6111915235062,lgbm,2026-03-30,107,final,A-Z,False,False,False
750101310541,MXLI,5,2026-05-04,301.5061391244127,394.2881138813124,716.7719471271656,1027.2401241976706,1081.520560312855,lgbm,2026-03-30,107,final,A-Z,False,False,False
750101310541,MXLI,6,2026-05-11,270.1012403804558,379.8804378426938,733.466785809071,1063.042426611668,1150.089273630227,lgbm,2026-03-30,107,final,A-Z,False,False,False
750101310541,MXLI,7,2026-05-18,318.3883448910171,417.8342983119162,716.6091780245774,954.2608386352466,1023.6143341018691,lgbm,2026-03-30,107,final,A-Z,False,False,False
750101310541,MXLI,8,2026-05-25,299.01765217226364,412.9366536974512,690.8041430492372,980.0251302753184,1050.7060765969627,lgbm,2026-03-30,107,final,A-Z,False,False,False
750101310541,TLJ,1,2026-04-06,974.689655708168,1251.5524092740345,2007.6458714767766,2554.148624623403,2745.7760093871966,lgbm,2026-03-30,107,final,A-Z,False,False,False
750101310541,TLJ,2,2026-04-13,975.9971424356006,1177.5180840622584,2041.0026862635204,2692.651196449951,2791.673044604306,lgbm,2026-03-30,107,final,A-Z,False,False,False
750101310541,TLJ,3,2026-04-20,924.2083947810165,1196.7912608254974,1987.1571961502684,2578.1610600697336,2786.9185657143576,lgbm,2026-03-30,107,final,A-Z,False,False,False
750101310541,TLJ,4,2026-04-27,877.9848116690144,1209.98625037435,2094.319987576344,2778.9956107603407,3035.7455354613053,lgbm,2026-03-30,107,final,A-Z,False,False,False
750101310541,TLJ,5,2026-05-04,709.918552485215,1024.930312845156,1920.809770559511,2686.9642672869986,3046.092595417345,lgbm,2026-03-30,107,final,A-Z,False,False,False
750101310541,TLJ,6,2026-05-11,665.9788822366293,974.7838548370594,1955.547683922767,2845.9850015336383,3195.250645402213,lgbm,2026-03-30,107,final,A-Z,False,False,False
750101310541,TLJ,7,2026-05-18,746.5925324156985,1099.3385615220175,1918.9016425356726,2498.0127941314568,2841.362142472044,lgbm,2026-03-30,107,final,A-Z,False,False,False
750101310541,TLJ,8,2026-05-25,699.7481684940109,1017.8144042271392,1808.1614877241748,2634.8971442244074,2908.946677209552,lgbm,2026-03-30,107,final,A-Z,False,False,False
750101310541,VHSA,1,2026-04-06,1186.521194557091,1526.7970764318281,2449.3010867206285,3102.97528730879,3254.3563361433703,lgbm,2026-03-30,107,final,A-Z,False,False,False
750101310541,VHSA,2,2026-04-13,1141.3623955095954,1429.3569126904108,2490.2689927593656,3235.338002328969,3336.3715570666,lgbm,2026-03-30,107,final,A-Z,False,False,False
750101310541,VHSA,3,2026-04-20,1112.5650193558297,1441.6798015589338,2411.4380178027495,3138.074131035182,3322.8033984141666,lgbm,2026-03-30,107,final,A-Z,False,False,False
750101310541,VHSA,4,2026-04-27,1027.5019850301705,1385.8707096881149,2547.2495539385795,3466.89255448804,3644.396707226402,lgbm,2026-03-30,107,final,A-Z,False,False,False
750101310541,VHSA,5,2026-05-04,916.731845177705,1172.629825182215,2341.6711653976154,3405.9115159333946,3519.0947821899217,lgbm,2026-03-30,107,final,A-Z,False,False,False
750101310541,VHSA,6,2026-05-11,860.0679356764664,1111.279273073598,2387.0993732336224,3571.03219657967,3658.4420051603206,lgbm,2026-03-30,107,final,A-Z,False,False,False
750101310541,VHSA,7,2026-05-18,956.8154031114374,1319.0817018669252,2343.6250723528315,3036.583849731132,3325.961962112698,lgbm,2026-03-30,107,final,A-Z,False,False,False
750101310541,VHSA,8,2026-05-25,886.4879178974431,1244.0225142496379,2211.7338980787913,3168.826392532174,3430.770835111617,lgbm,2026-03-30,107,final,A-Z,False,False,False
750101310546,CCUL,1,2026-04-06,1606.7569708521348,1988.9042802840886,2503.9824842375465,2851.5798146382344,3241.9369013998075,lgbm,2026-03-30,107,final,A-Z,False,False,False
750101310546,CCUL,2,2026-04-13,1530.534659876379,1881.471294835062,2606.6920982946453,3091.380377557067,3491.016452450779,lgbm,2026-03-30,107,final,A-Z,False,False,False
750101310546,CCUL,3,2026-04-20,1573.4507693328214,1880.5587853001948,2493.5778204327744,2917.982589176465,3277.065947301149,lgbm,2026-03-30,107,final,A-Z,False,False,False
750101310546,CCUL,4,2026-04-27,1471.4406914400588,1807.1825605694514,2809.845767617073,3575.5671245186295,3935.76391941017,lgbm,2026-03-30,107,final,A-Z,False,False,False
750101310546,CCUL,5,2026-05-04,1494.983484162109,1835.9662499894755,2633.352787168735,3219.572906567092,3555.622538169212,lgbm,2026-03-30,107,final,A-Z,False,False,False
750101310546,CCUL,6,2026-05-11,1384.806088235673,1695.064079161087,2708.4157676575046,3416.425193869129,3796.7868255593744,lgbm,2026-03-30,107,final,A-Z,False,False,False
750101310546,CCUL,7,2026-05-18,1362.1151927929604,1758.5445781296557,2396.850631931214,2845.5425237621425,3256.519413865641,lgbm,2026-03-30,107,final,A-Z,False,False,False
750101310546,CCUL,8,2026-05-25,1169.1309237381774,1372.072757669371,1812.369687768777,2852.548579910758,3146.9768488937298,lgbm,2026-03-30,107,final,A-Z,False,False,False
750101310546,CMD2,1,2026-04-06,13403.6369391405,15841.49053994946,19467.63716554194,22679.80094845969,25011.280886092685,lgbm,2026-03-30,107,final,A-Z,False,False,False
750101310546,CMD2,2,2026-04-13,12887.104738031083,15222.507023332179,20450.374464694916,24511.10067350406,26848.436944473397,lgbm,2026-03-30,107,final,A-Z,False,False,False
750101310546,CMD2,3,2026-04-20,13146.246212809714,14927.398976011666,19515.466867029663,23411.52522058905,25390.036784294753,lgbm,2026-03-30,107,final,A-Z,False,False,False
750101310546,CMD2,4,2026-04-27,12278.7280966199,14486.277285580818,21958.805347791786,27681.192688045634,30325.23477440914,lgbm,2026-03-30,107,final,A-Z,False,False,False
750101310546,CMD2,5,2026-05-04,11826.758713442412,14121.506545202996,19701.92652420875,24678.61130746604,26702.83918489085,lgbm,2026-03-30,107,final,A-Z,False,False,False
750101310546,CMD2,6,2026-05-11,11867.77896605142,14471.572950651545,20455.489445948726,25687.591424514103,28041.55787664487,lgbm,2026-03-30,107,final,A-Z,False,False,False
750101310546,CMD2,7,2026-05-18,11006.34800513689,14021.98940769619,18484.923754448195,22484.45538501893,25372.51758972211,lgbm,2026-03-30,107,final,A-Z,False,False,False
750101310546,CMD2,8,2026-05-25,8852.080295499316,10109.557906562053,14401.59235860234,22238.144019210926,24528.151420645634,lgbm,2026-03-30,107,final,A-Z,False,False,False
750101310546,CMTY,1,2026-04-06,2770.2511608571035,3123.631769421099,3875.958841942566,4531.057556206251,4803.855448987523,lgbm,2026-03-30,107,final,A-Z,False,False,False
750101310546,CMTY,2,2026-04-13,2662.569784596474,3119.4913863472675,4063.5119052231894,4799.470845100931,5156.750150298053,lgbm,2026-03-30,107,final,A-Z,False,False,False
750101310546,CMTY,3,2026-04-20,2690.783821729924,3032.6157910362713,3890.546060787095,4618.864829339258,4893.860980585305,lgbm,2026-03-30,107,final,A-Z,False,False,False
750101310546,CMTY,4,2026-04-27,2530.206288632921,2951.306729114883,4450.320232484637,5597.278709712486,5885.809121022555,lgbm,2026-03-30,107,final,A-Z,False,False,False
750101310546,CMTY,5,2026-05-04,2520.699158198086,2939.380197400059,3989.3805828198233,4905.2453811147225,5147.598951730759,lgbm,2026-03-30,107,final,A-Z,False,False,False
750101310546,CMTY,6,2026-05-11,2626.5079502722115,3208.980851780489,4324.603766332106,5104.298022308257,5439.600479352681,lgbm,2026-03-30,107,final,A-Z,False,False,False
750101310546,CMTY,7,2026-05-18,2396.1259198472612,2875.784531837771,3812.1260924645653,4606.161358670326,4945.494449018661,lgbm,2026-03-30,107,final,A-Z,False,False,False
750101310546,CMTY,8,2026-05-25,2102.7920692681014,2289.8452541540846,3013.167552812495,4467.426402480818,4736.709608923374,lgbm,2026-03-30,107,final,A-Z,False,False,False
750101310546,MXLI,1,2026-04-06,884.0653302631686,1092.9480160168414,1353.8653434670568,1629.531141980295,1789.3259542523556,lgbm,2026-03-30,107,final,A-Z,False,False,False
750101310546,MXLI,2,2026-04-13,843.6251050314036,1062.8830466643094,1406.8933147686787,1708.279492707517,1876.6271171595504,lgbm,2026-03-30,107,final,A-Z,False,False,False
750101310546,MXLI,3,2026-04-20,845.9219980133735,1037.0359144246688,1351.3547897293338,1677.0907302426679,1835.1483686483878,lgbm,2026-03-30,107,final,A-Z,False,False,False
750101310546,MXLI,4,2026-04-27,756.116828846626,979.054448933827,1496.1053431300722,1927.7156428865792,2129.8028337248347,lgbm,2026-03-30,107,final,A-Z,False,False,False
750101310546,MXLI,5,2026-05-04,731.8419137874426,982.0958482200368,1343.623226974073,1709.7271070793763,1948.3280089104205,lgbm,2026-03-30,107,final,A-Z,False,False,False
750101310546,MXLI,6,2026-05-11,824.0767499404684,1086.5757024397542,1473.2126924436718,1831.9885723506031,2029.1508569126117,lgbm,2026-03-30,107,final,A-Z,False,False,False
750101310546,MXLI,7,2026-05-18,765.2614386985109,977.7459157510443,1335.1968493039578,1683.5513625460121,1849.5088658293098,lgbm,2026-03-30,107,final,A-Z,False,False,False
750101310546,MXLI,8,2026-05-25,665.1820621920524,742.986716274158,1053.4534180090084,1606.767239462953,1746.288302496908,lgbm,2026-03-30,107,final,A-Z,False,False,False
750101310546,TLJ,1,2026-04-06,3606.2361125515563,4271.085805367139,5375.025411409332,6280.91718318153,6915.30920497579,lgbm,2026-03-30,107,final,A-Z,False,False,False
750101310546,TLJ,2,2026-04-13,3586.1852862706883,4312.872180918555,5623.396036639994,6776.050453422255,7392.072185467967,lgbm,2026-03-30,107,final,A-Z,False,False,False
750101310546,TLJ,3,2026-04-20,3576.646488881252,4081.2949391198085,5487.010882226467,6607.144537517614,7104.246774135128,lgbm,2026-03-30,107,final,A-Z,False,False,False
750101310546,TLJ,4,2026-04-27,3350.8410726732536,3926.074591234903,6139.449413006669,7936.145601227715,8378.408254448754,lgbm,2026-03-30,107,final,A-Z,False,False,False
750101310546,TLJ,5,2026-05-04,3243.647649665574,3800.09305463319,5616.548811194853,7011.741371631523,7465.692786150115,lgbm,2026-03-30,107,final,A-Z,False,False,False
750101310546,TLJ,6,2026-05-11,3192.8116262949216,4050.3214221014928,5796.439617137804,7279.68852586119,7967.564230583456,lgbm,2026-03-30,107,final,A-Z,False,False,False
750101310546,TLJ,7,2026-05-18,3007.068451636327,3804.522691457515,5261.8171145576525,6516.908401715751,7053.423048283075,lgbm,2026-03-30,107,final,A-Z,False,False,False
750101310546,TLJ,8,2026-05-25,2831.748291015452,2954.8682966538813,4099.512600226385,6343.26297636962,6685.648558611245,lgbm,2026-03-30,107,final,A-Z,False,False,False
750101310546,VHSA,1,2026-04-06,3140.3671973283895,3844.999759095558,4993.782875650566,5733.174427460982,6438.972496408927,lgbm,2026-03-30,107,final,A-Z,False,False,False
750101310546,VHSA,2,2026-04-13,2977.3903500860106,3741.395745775741,5202.369757221155,6216.24725127948,6983.780096467716,lgbm,2026-03-30,107,final,A-Z,False,False,False
750101310546,VHSA,3,2026-04-20,3063.869463323506,3708.544991854668,4954.009983654704,5904.463729447911,6652.788546209324,lgbm,2026-03-30,107,final,A-Z,False,False,False
750101310546,VHSA,4,2026-04-27,2801.656208086604,3385.462739615735,5707.482078285895,7553.929482424826,7992.367975674759,lgbm,2026-03-30,107,final,A-Z,False,False,False
750101310546,VHSA,5,2026-05-04,2823.782620937787,3475.1260690886593,5306.606633017229,6628.740879266835,7083.50944092065,lgbm,2026-03-30,107,final,A-Z,False,False,False
750101310546,VHSA,6,2026-05-11,2759.5586251070285,3519.0240702463284,5504.671167388772,6941.837119235581,7578.831200532956,lgbm,2026-03-30,107,final,A-Z,False,False,False
750101310546,VHSA,7,2026-05-18,2659.5250242060965,3509.5995363842762,4981.343720878937,5989.99212923879,6832.765864378131,lgbm,2026-03-30,107,final,A-Z,False,False,False
750101310546,VHSA,8,2026-05-25,2518.4203812521237,2752.6602611790677,3793.416165843896,5761.86148082479,6247.088990644547,lgbm,2026-03-30,107,final,A-Z,False,False,False
750101310548,CCUL,1,2026-04-06,1036.4716749915892,1176.3256361779315,1568.6121613155854,1852.4699233800113,1948.2733454963786,lgbm,2026-03-30,107,final,B-Z,False,False,False
750101310548,CCUL,2,2026-04-13,1033.4917985323225,1178.4875435284307,1671.7680216875658,1993.2520852066489,2125.4483105345494,lgbm,2026-03-30,107,final,B-Z,False,False,False
750101310548,CCUL,3,2026-04-20,995.7574852318619,1083.332813653093,1540.240312378972,1910.8931535968882,1995.5310248609612,lgbm,2026-03-30,107,final,B-Z,False,False,False
750101310548,CCUL,4,2026-04-27,1051.2608134897614,1128.8285727362138,1736.0041119246237,2208.120226679035,2224.6780433821414,lgbm,2026-03-30,107,final,B-Z,False,False,False
750101310548,CCUL,5,2026-05-04,967.0284154961099,1016.9480103286006,1555.996777618748,2042.5351890222714,2083.6079583146375,lgbm,2026-03-30,107,final,B-Z,False,False,False
750101310548,CCUL,6,2026-05-11,974.5349183385126,1054.6529789714991,1631.108703849119,2120.5158598079406,2163.954846104414,lgbm,2026-03-30,107,final,B-Z,False,False,False
750101310548,CCUL,7,2026-05-18,899.0255564651499,970.0090808981333,1329.6330654247975,1625.4730727507113,1798.2073914231207,lgbm,2026-03-30,107,final,B-Z,False,False,False
750101310548,CCUL,8,2026-05-25,861.0366293625319,913.8227949147191,1107.228356875557,1655.699713646135,1840.6163566379055,lgbm,2026-03-30,107,final,B-Z,False,False,False
750101310548,CMD2,1,2026-04-06,10201.260126545802,11532.398445654857,14714.98957867604,17861.55749622199,19325.004275291874,lgbm,2026-03-30,107,final,B-Z,False,False,False
750101310548,CMD2,2,2026-04-13,10556.122203504392,11367.991752972554,15842.651279406706,19384.067498693887,20422.82892336877,lgbm,2026-03-30,107,final,B-Z,False,False,False
750101310548,CMD2,3,2026-04-20,9729.102671640707,10397.478486894379,14955.02589577767,18313.911996826773,19834.787833655682,lgbm,2026-03-30,107,final,B-Z,False,False,False
750101310548,CMD2,4,2026-04-27,10710.095430044817,11276.991065277914,16377.19583951971,20600.872939217283,21549.28164333197,lgbm,2026-03-30,107,final,B-Z,False,False,False
750101310548,CMD2,5,2026-05-04,9675.408969235079,10640.206108156095,14782.598005651373,18716.72397680209,20145.86802906125,lgbm,2026-03-30,107,final,B-Z,False,False,False
750101310548,CMD2,6,2026-05-11,9715.51550394719,10624.27800837463,15580.664160473605,19679.32236283731,20886.843889354855,lgbm,2026-03-30,107,final,B-Z,False,False,False
750101310548,CMD2,7,2026-05-18,7922.338471388004,9299.28045619232,13090.326771266173,15754.908673789163,18497.257848290945,lgbm,2026-03-30,107,final,B-Z,False,False,False
750101310548,CMD2,8,2026-05-25,7207.700884204594,8120.630183336957,9998.912051848834,15443.888719555103,18390.89048816604,lgbm,2026-03-30,107,final,B-Z,False,False,False
750101310548,CMTY,1,2026-04-06,2256.9294282790543,2602.2497656163105,3483.337791041989,4067.5128601704496,4595.401882670823,lgbm,2026-03-30,107,final,B-Z,False,False,False
750101310548,CMTY,2,2026-04-13,2275.14510839058,2576.999501459196,3678.591796174238,4420.602450647145,4884.05013394556,lgbm,2026-03-30,107,final,B-Z,False,False,False
750101310548,CMTY,3,2026-04-20,2138.5272580839505,2318.3487689186118,3328.3049493218837,4100.70469496407,4548.788528619241,lgbm,2026-03-30,107,final,B-Z,False,False,False
750101310548,CMTY,4,2026-04-27,2276.200780027879,2464.2553534307976,3613.078359007208,4602.720109664795,4883.291003038627,lgbm,2026-03-30,107,final,B-Z,False,False,False
750101310548,CMTY,5,2026-05-04,2202.1296081018586,2421.9547986373177,3494.8762397721257,4416.518708382104,4838.722488989179,lgbm,2026-03-30,107,final,B-Z,False,False,False
750101310548,CMTY,6,2026-05-11,2218.1159984255387,2535.951001781531,3678.0939723596343,4659.325399083218,5024.964047978341,lgbm,2026-03-30,107,final,B-Z,False,False,False
750101310548,CMTY,7,2026-05-18,2017.5909226397785,2291.4954309422274,3194.626087246214,4029.4337633622404,4596.288352055974,lgbm,2026-03-30,107,final,B-Z,False,False,False
750101310548,CMTY,8,2026-05-25,1931.3341360523082,2009.477060506448,2433.6001406884925,3819.394135091446,4279.7010182487,lgbm,2026-03-30,107,final,B-Z,False,False,False
750101310548,MXLI,1,2026-04-06,767.1179591954669,934.5756417587945,1204.005423068647,1392.5471878311243,1510.7805194159835,lgbm,2026-03-30,107,final,B-Z,False,False,False
750101310548,MXLI,2,2026-04-13,775.2119719435756,924.5710731104647,1273.3298884903113,1526.1949070716796,1639.0113687482205,lgbm,2026-03-30,107,final,B-Z,False,False,False
750101310548,MXLI,3,2026-04-20,754.9712169046697,893.6506952004174,1207.592116432535,1481.8498320980577,1585.0570410693797,lgbm,2026-03-30,107,final,B-Z,False,False,False
750101310548,MXLI,4,2026-04-27,760.0184524110559,892.6453697412235,1277.3823257335337,1646.608922666143,1721.539262746265,lgbm,2026-03-30,107,final,B-Z,False,False,False
750101310548,MXLI,5,2026-05-04,753.0952067303925,866.1356264543391,1180.3168589224776,1551.6989775586858,1628.3502725917,lgbm,2026-03-30,107,final,B-Z,False,False,False
750101310548,MXLI,6,2026-05-11,723.1027049029624,851.5376062921235,1225.523035628635,1598.121052537377,1685.5318535117046,lgbm,2026-03-30,107,final,B-Z,False,False,False
750101310548,MXLI,7,2026-05-18,703.2715024507877,853.4767267116232,1121.3436659776648,1348.8568238255837,1499.8387745314888,lgbm,2026-03-30,107,final,B-Z,False,False,False
750101310548,MXLI,8,2026-05-25,680.6682665473128,734.3646137324484,881.2925911587763,1317.8011111423573,1439.77071019939,lgbm,2026-03-30,107,final,B-Z,False,False,False
750101310548,TLJ,1,2026-04-06,2331.164450516788,2637.8025605372964,3495.986100912701,4327.331075074255,4670.656356386458,lgbm,2026-03-30,107,final,B-Z,False,False,False
750101310548,TLJ,2,2026-04-13,2446.789886078127,2741.7088392719074,3771.541586998933,4740.99634095174,4981.081644660257,lgbm,2026-03-30,107,final,B-Z,False,False,False
750101310548,TLJ,3,2026-04-20,2251.4507739747637,2467.815256560564,3527.2915749009835,4510.438855442715,4871.965419258842,lgbm,2026-03-30,107,final,B-Z,False,False,False
750101310548,TLJ,4,2026-04-27,2552.2832612733637,2723.3405649407946,3801.3385501377934,5045.723807530193,5095.114717039417,lgbm,2026-03-30,107,final,B-Z,False,False,False
750101310548,TLJ,5,2026-05-04,2123.223203078354,2301.6150658145034,3485.7741159920765,4718.266112144951,4939.593158746118,lgbm,2026-03-30,107,final,B-Z,False,False,False
750101310548,TLJ,6,2026-05-11,2295.160087776934,2561.736935173403,3762.0460038393617,4984.2807942458,5115.481487871419,lgbm,2026-03-30,107,final,B-Z,False,False,False
750101310548,TLJ,7,2026-05-18,1954.7634276034012,2293.8680740362756,3257.6916961249462,4281.6573539031715,4775.645738541797,lgbm,2026-03-30,107,final,B-Z,False,False,False
750101310548,TLJ,8,2026-05-25,1913.7748011788988,2025.4244595885693,2476.1334021333946,4005.989016724902,4322.202952094026,lgbm,2026-03-30,107,final,B-Z,False,False,False
750101310548,VHSA,1,2026-04-06,1325.9519220092284,1517.0098781720365,2062.862210773378,2475.3872988643293,2702.3997926980824,lgbm,2026-03-30,107,final,B-Z,False,False,False
750101310548,VHSA,2,2026-04-13,1349.217298662049,1562.0479634720616,2179.6500549392867,2664.497733103009,2892.7520914754664,lgbm,2026-03-30,107,final,B-Z,False,False,False
750101310548,VHSA,3,2026-04-20,1253.0112070417424,1397.0992821029697,2025.6978780719562,2544.255327579687,2774.735036946767,lgbm,2026-03-30,107,final,B-Z,False,False,False
750101310548,VHSA,4,2026-04-27,1346.0105580029099,1449.5546014913102,2257.4819380135086,2958.4324835824914,2963.351079337811,lgbm,2026-03-30,107,final,B-Z,False,False,False
750101310548,VHSA,5,2026-05-04,1238.2524620563383,1345.0695823496453,2069.3423210390606,2713.5731330331146,2883.86455869144,lgbm,2026-03-30,107,final,B-Z,False,False,False
750101310548,VHSA,6,2026-05-11,1252.5072768300881,1361.7309908659877,2184.431556914529,2859.904693323996,2979.4249104698047,lgbm,2026-03-30,107,final,B-Z,False,False,False
750101310548,VHSA,7,2026-05-18,1166.5076517563502,1326.635557921027,1902.261007347773,2323.684556458412,2613.851559695288,lgbm,2026-03-30,107,final,B-Z,False,False,False
750101310548,VHSA,8,2026-05-25,1122.9125076866667,1212.762458616759,1470.4402078567646,2258.951555383179,2542.9181707260745,lgbm,2026-03-30,107,final,B-Z,False,False,False
750101310550,CCUL,1,2026-04-06,2122.5383397519436,2327.9701081571675,3016.506505211334,3567.5199174856007,3870.184578419388,lgbm,2026-03-30,107,final,B-Y,False,False,False
750101310550,CCUL,2,2026-04-13,2128.2120120171066,2336.0931611915144,3145.4407737865267,3896.1020529623866,4174.9266972935375,lgbm,2026-03-30,107,final,B-Y,False,False,False
750101310550,CCUL,3,2026-04-20,2060.8022662602175,2228.025196885805,2988.434238573457,3687.9469269365563,4004.2430550581284,lgbm,2026-03-30,107,final,B-Y,False,False,False
750101310550,CCUL,4,2026-04-27,2108.2754326605877,2288.818403055666,3292.3482771735776,4351.700203679375,4520.657568091942,lgbm,2026-03-30,107,final,B-Y,False,False,False
750101310550,CCUL,5,2026-05-04,1890.6625759883232,1953.2868432224354,2886.1644539360263,4017.1646186027033,4093.058059130198,lgbm,2026-03-30,107,final,B-Y,False,False,False
750101310550,CCUL,6,2026-05-11,2033.2349766454436,2095.3376543759464,3164.294380541221,4419.121806365611,4478.596222780836,lgbm,2026-03-30,107,final,B-Y,False,False,False
750101310550,CCUL,7,2026-05-18,1804.4753857640928,1943.2341580623672,2749.933591618207,3410.7347106923867,3754.947700852834,lgbm,2026-03-30,107,final,B-Y,False,False,False
750101310550,CCUL,8,2026-05-25,1535.2082410506673,1628.6080253081957,2048.301860253212,3335.653332216832,3690.047842009302,lgbm,2026-03-30,107,final,B-Y,False,False,False
750101310550,CMD2,1,2026-04-06,15040.348396978432,16758.079848942107,20209.977340349495,23147.41957228908,25720.507199753465,lgbm,2026-03-30,107,final,B-Y,False,False,False
750101310550,CMD2,2,2026-04-13,16070.61244257625,16702.12079661742,21212.666228350114,25888.476321819016,27015.301103666323,lgbm,2026-03-30,107,final,B-Y,False,False,False
750101310550,CMD2,3,2026-04-20,14577.177435302243,15485.258209173162,20142.95819081248,23610.615160317502,25964.88207716452,lgbm,2026-03-30,107,final,B-Y,False,False,False
750101310550,CMD2,4,2026-04-27,15424.93574664381,15620.176620792088,22113.553046505804,28457.38254788749,28644.965141224784,lgbm,2026-03-30,107,final,B-Y,False,False,False
750101310550,CMD2,5,2026-05-04,13955.555910775753,14845.52293690875,20067.58592173388,25600.42248916355,26810.878323664612,lgbm,2026-03-30,107,final,B-Y,False,False,False
750101310550,CMD2,6,2026-05-11,14555.768383298953,15813.76873705359,21203.63956964931,26613.07736202988,28225.965173443383,lgbm,2026-03-30,107,final,B-Y,False,False,False
750101310550,CMD2,7,2026-05-18,12648.724694916975,14085.678274120823,18954.55865023048,22591.37068140862,25257.974132623902,lgbm,2026-03-30,107,final,B-Y,False,False,False
750101310550,CMD2,8,2026-05-25,10511.712841465984,11050.516100726181,13570.76599851063,21322.74148306803,24320.387405234444,lgbm,2026-03-30,107,final,B-Y,False,False,False
750101310550,CMTY,1,2026-04-06,6368.792620439356,7174.991084033858,8701.009666076996,9280.977525492975,10326.896089238819,lgbm,2026-03-30,107,final,B-Y,False,False,False
750101310550,CMTY,2,2026-04-13,6446.725447234043,7232.173670347036,9125.36385985188,10427.488526073743,11105.794426407812,lgbm,2026-03-30,107,final,B-Y,False,False,False
750101310550,CMTY,3,2026-04-20,6238.887184631126,6970.193686736667,8529.587302195636,9340.20984106704,10471.477540885673,lgbm,2026-03-30,107,final,B-Y,False,False,False
750101310550,CMTY,4,2026-04-27,6543.729426226579,7074.017706829603,9319.029744237912,11390.22085346215,11428.78092933257,lgbm,2026-03-30,107,final,B-Y,False,False,False
750101310550,CMTY,5,2026-05-04,6070.150513442657,6717.7507946015285,8126.400348403652,9852.597575727184,10696.649968129874,lgbm,2026-03-30,107,final,B-Y,False,False,False
750101310550,CMTY,6,2026-05-11,6522.958399224842,7317.001097114103,9024.216944735266,10923.887301412884,11562.432158278196,lgbm,2026-03-30,107,final,B-Y,False,False,False
750101310550,CMTY,7,2026-05-18,5793.596103823273,6583.37141605836,8056.110784930415,9412.111614021826,10161.506924064903,lgbm,2026-03-30,107,final,B-Y,False,False,False
750101310550,CMTY,8,2026-05-25,4856.355041245404,5387.845959169231,6566.825551564108,8809.986211057852,9742.890533872232,lgbm,2026-03-30,107,final,B-Y,False,False,False
750101310550,MXLI,1,2026-04-06,1196.7570684118348,1375.817034618629,1717.245255569736,1892.9004064964138,2099.3621738904812,lgbm,2026-03-30,107,final,B-Y,False,False,False
750101310550,MXLI,2,2026-04-13,1219.42853957396,1376.9212655060194,1789.6189936171493,2081.386338063253,2222.956680792052,lgbm,2026-03-30,107,final,B-Y,False,False,False
750101310550,MXLI,3,2026-04-20,1183.0288297747936,1321.1211970750223,1686.4995245566745,1928.8493520785391,2131.270335871534,lgbm,2026-03-30,107,final,B-Y,False,False,False
750101310550,MXLI,4,2026-04-27,1184.8344800291552,1302.2436457112067,1809.5710764577743,2218.161888540222,2291.904993266246,lgbm,2026-03-30,107,final,B-Y,False,False,False
750101310550,MXLI,5,2026-05-04,1054.6302509653947,1167.4870012406877,1567.6169378538655,2003.492248544277,2152.1789197093485,lgbm,2026-03-30,107,final,B-Y,False,False,False
750101310550,MXLI,6,2026-05-11,1059.9829007832734,1189.3116879809425,1683.125693474342,2162.5445641383308,2365.450751954424,lgbm,2026-03-30,107,final,B-Y,False,False,False
750101310550,MXLI,7,2026-05-18,1070.031321038604,1209.7263399221888,1480.3023714018864,1762.3586929318178,1917.06976786438,lgbm,2026-03-30,107,final,B-Y,False,False,False
750101310550,MXLI,8,2026-05-25,883.018023878257,965.7761928549663,1148.1358839241357,1782.8453433146035,1981.8811545125373,lgbm,2026-03-30,107,final,B-Y,False,False,False
750101310550,TLJ,1,2026-04-06,4916.74509784169,5464.649028875664,7023.922736749782,7970.331914593764,8629.25324125533,lgbm,2026-03-30,107,final,B-Y,False,False,False
750101310550,TLJ,2,2026-04-13,4973.042856543419,5463.4460210744355,7387.983908551682,8773.688589881098,9199.20985831839,lgbm,2026-03-30,107,final,B-Y,False,False,False
750101310550,TLJ,3,2026-04-20,4797.3572648555055,5298.7891930188935,6986.335127403884,8016.193077499449,8814.565965836355,lgbm,2026-03-30,107,final,B-Y,False,False,False
750101310550,TLJ,4,2026-04-27,5139.36759179158,5447.2357220780805,7755.593992055001,9596.334803434438,9769.278333660428,lgbm,2026-03-30,107,final,B-Y,False,False,False
750101310550,TLJ,5,2026-05-04,4630.73408018968,4994.003953565802,6704.325413712492,8448.108018626319,8978.021949733287,lgbm,2026-03-30,107,final,B-Y,False,False,False
750101310550,TLJ,6,2026-05-11,4760.234784408199,5242.696030858689,7344.955153104224,9304.418650225316,9585.882090093473,lgbm,2026-03-30,107,final,B-Y,False,False,False
750101310550,TLJ,7,2026-05-18,4357.108483771428,4921.1292397317,6326.746839722898,7526.728798205839,8305.525281861901,lgbm,2026-03-30,107,final,B-Y,False,False,False
750101310550,TLJ,8,2026-05-25,3830.409590180072,4024.4628338530165,4931.037872743266,7174.528317702879,8016.321287952216,lgbm,2026-03-30,107,final,B-Y,False,False,False
750101310550,VHSA,1,2026-04-06,5813.294396009874,6209.570313878183,8206.80405842174,9663.45762241118,10679.802271489505,lgbm,2026-03-30,107,final,B-Y,False,False,False
750101310550,VHSA,2,2026-04-13,5728.768701789495,5955.171141892957,8543.613922659784,10586.495339119392,11349.789858509164,lgbm,2026-03-30,107,final,B-Y,False,False,False
750101310550,VHSA,3,2026-04-20,5624.600365682634,5800.538317856934,8026.71909867107,9820.539176230508,10791.878495631767,lgbm,2026-03-30,107,final,B-Y,False,False,False
750101310550,VHSA,4,2026-04-27,5765.468487864853,5981.759299145299,8894.164731625642,11795.062880815316,11848.093435608835,lgbm,2026-03-30,107,final,B-Y,False,False,False
750101310550,VHSA,5,2026-05-04,5320.548474401621,5380.450424721651,8223.139472798395,10948.420880026153,11465.728843528319,lgbm,2026-03-30,107,final,B-Y,False,False,False
750101310550,VHSA,6,2026-05-11,5228.2554748878965,5388.269583558487,8611.348410426957,11435.779203254497,12088.246635433823,lgbm,2026-03-30,107,final,B-Y,False,False,False
750101310550,VHSA,7,2026-05-18,4979.554285463665,5394.840364458506,7680.186337018841,9330.848423015314,10704.695204982701,lgbm,2026-03-30,107,final,B-Y,False,False,False
750101310550,VHSA,8,2026-05-25,4160.794397033717,4335.220153090656,5512.338149175622,9024.229233012418,10145.635748785837,lgbm,2026-03-30,107,final,B-Y,False,False,False
750101310551,CCUL,1,2026-04-06,331.0660352794526,334.4738226339483,434.05107524987267,595.4139455354918,597.5887541028519,lgbm,2026-03-30,107,final,B-Z,False,False,False
750101310551,CCUL,2,2026-04-13,323.89084695019665,338.8472417067198,451.3251339491653,589.7217124332765,599.30578753958,lgbm,2026-03-30,107,final,B-Z,False,False,False
750101310551,CCUL,3,2026-04-20,328.0178889288238,332.0976218094151,437.75207389055385,608.361671669546,609.3870230454688,lgbm,2026-03-30,107,final,B-Z,False,False,False
750101310551,CCUL,4,2026-04-27,317.2607907606245,320.18837661874136,448.81437623183774,625.8409894852145,626.5099648532544,lgbm,2026-03-30,107,final,B-Z,False,False,False
750101310551,CCUL,5,2026-05-04,289.70927679424824,293.3593203340418,429.5126600813278,624.5203441115749,628.9778485335701,lgbm,2026-03-30,107,final,B-Z,False,False,False
750101310551,CCUL,6,2026-05-11,288.44739330533076,288.61647832991724,443.5803081231039,628.2160544178423,638.1661706816725,lgbm,2026-03-30,107,final,B-Z,False,False,False
750101310551,CCUL,7,2026-05-18,289.32098031373243,318.0684046317457,422.53146830996167,557.9258965633438,591.5040318498469,lgbm,2026-03-30,107,final,B-Z,False,False,False
750101310551,CCUL,8,2026-05-25,286.3087452596128,321.4242226914172,424.66223300582146,558.0725294137385,592.970649096299,lgbm,2026-03-30,107,final,B-Z,False,False,False
750101310551,CMD2,1,2026-04-06,2056.87774818222,2110.729178725779,2517.1615155284344,3059.1246693032494,3147.257151660286,lgbm,2026-03-30,107,final,B-Z,False,False,False
750101310551,CMD2,2,2026-04-13,2059.655050661764,2109.499781674724,2591.342657706663,3181.0778906484193,3341.613072608006,lgbm,2026-03-30,107,final,B-Z,False,False,False
750101310551,CMD2,3,2026-04-20,2033.2435701488134,2054.3706021384564,2470.147457951499,3068.5574361571175,3128.536410741966,lgbm,2026-03-30,107,final,B-Z,False,False,False
750101310551,CMD2,4,2026-04-27,2004.662115264095,2020.2108267568774,2497.8313617478448,3175.3887289366367,3188.718658771155,lgbm,2026-03-30,107,final,B-Z,False,False,False
750101310551,CMD2,5,2026-05-04,1832.5642425164328,1968.4480178039184,2414.06962705758,3109.552653408502,3207.9033349344345,lgbm,2026-03-30,107,final,B-Z,False,False,False
750101310551,CMD2,6,2026-05-11,1827.40486649677,1934.2324294667997,2487.107083710171,3127.2173684125555,3253.1133468387197,lgbm,2026-03-30,107,final,B-Z,False,False,False
750101310551,CMD2,7,2026-05-18,1819.4913536610802,2011.955004353333,2395.669683138556,2755.6233926654545,3011.2470803155175,lgbm,2026-03-30,107,final,B-Z,False,False,False
750101310551,CMD2,8,2026-05-25,1773.8312174249027,2016.0451452097473,2323.8826263104716,2771.87315930283,3050.1238486405273,lgbm,2026-03-30,107,final,B-Z,False,False,False
750101310551,CMTY,1,2026-04-06,208.68410153517402,224.40677044352128,291.0176778470947,371.00164953000933,386.9398437404358,lgbm,2026-03-30,107,final,B-Z,False,False,False
750101310551,CMTY,2,2026-04-13,207.05878358627695,232.23896568782413,305.88872366664896,377.8667487379381,404.14093809405244,lgbm,2026-03-30,107,final,B-Z,False,False,False
750101310551,CMTY,3,2026-04-20,209.37972518690444,219.50094850848183,296.26186215078457,383.4411185571042,396.1674323142119,lgbm,2026-03-30,107,final,B-Z,False,False,False
750101310551,CMTY,4,2026-04-27,198.46701661324468,209.45964124406046,280.5149127692335,367.9165552660168,391.7575468228353,lgbm,2026-03-30,107,final,B-Z,False,False,False
750101310551,CMTY,5,2026-05-04,185.21364555634074,207.26554951362988,270.09592813241716,364.93025484661325,388.1602783334277,lgbm,2026-03-30,107,final,B-Z,False,False,False
750101310551,CMTY,6,2026-05-11,181.20550010004573,203.53122623955613,280.79023327262775,365.03488749372866,392.83812269782123,lgbm,2026-03-30,107,final,B-Z,False,False,False
750101310551,CMTY,7,2026-05-18,180.7885836781586,208.3906076501108,267.67744151194034,349.91018273485895,381.61627711531264,lgbm,2026-03-30,107,final,B-Z,False,False,False
750101310551,CMTY,8,2026-05-25,180.10377025676516,217.76905352097515,271.5515566938699,360.833669232224,404.3427216873032,lgbm,2026-03-30,107,final,B-Z,False,False,False
750101310551,MXLI,1,2026-04-06,37.19735085250373,40.2632246003698,64.36425047690578,92.59567410694251,95.2488690146295,lgbm,2026-03-30,107,final,B-Z,False,False,False
750101310551,MXLI,2,2026-04-13,36.54072057630468,39.36142139723992,66.17729806339545,92.69409919761678,94.92802071307504,lgbm,2026-03-30,107,final,B-Z,False,False,False
750101310551,MXLI,3,2026-04-20,36.087112610428285,37.41993025251547,63.629061750631614,92.58483413389182,94.87948003357715,lgbm,2026-03-30,107,final,B-Z,False,False,False
750101310551,MXLI,4,2026-04-27,35.10909266617708,39.25448706672833,66.09122787310953,95.01063296925159,99.69314577867094,lgbm,2026-03-30,107,final,B-Z,False,False,False
750101310551,MXLI,5,2026-05-04,32.94927943513192,36.444853976872274,62.456266665452205,93.230337985533,97.45952955113009,lgbm,2026-03-30,107,final,B-Z,False,False,False
750101310551,MXLI,6,2026-05-11,34.67079566829224,38.52565663404183,69.66973971528965,96.88690660005776,100.92419145234554,lgbm,2026-03-30,107,final,B-Z,False,False,False
750101310551,MXLI,7,2026-05-18,31.35153030717315,35.33554957770888,60.19461209300465,90.24058951264205,94.15871488734193,lgbm,2026-03-30,107,final,B-Z,False,False,False
750101310551,MXLI,8,2026-05-25,31.689453337182268,38.15824458022653,58.65550812630582,90.17256113601289,93.25324381526451,lgbm,2026-03-30,107,final,B-Z,False,False,False
750101310551,TLJ,1,2026-04-06,563.8775964290213,568.1823029205707,719.0617311091645,917.1640494566418,920.9489309106914,lgbm,2026-03-30,107,final,B-Z,False,False,False
750101310551,TLJ,2,2026-04-13,563.4614615583033,564.6435423445959,735.5171699868632,925.9951915799413,932.4627696497826,lgbm,2026-03-30,107,final,B-Z,False,False,False
750101310551,TLJ,3,2026-04-20,545.1034407433604,547.5120257946744,714.1768889334911,949.0359744247845,960.0099604046532,lgbm,2026-03-30,107,final,B-Z,False,False,False
750101310551,TLJ,4,2026-04-27,537.6444978944794,549.7285025400522,733.5060123752189,972.4817387493608,1001.3699000222562,lgbm,2026-03-30,107,final,B-Z,False,False,False
750101310551,TLJ,5,2026-05-04,481.90245312590423,487.6758204891106,707.2576083230998,968.8786882943393,984.5255033971532,lgbm,2026-03-30,107,final,B-Z,False,False,False
750101310551,TLJ,6,2026-05-11,485.1462268951985,490.3311613155255,730.1766073766862,1008.0249684793813,1009.0549490996392,lgbm,2026-03-30,107,final,B-Z,False,False,False
750101310551,TLJ,7,2026-05-18,506.6606702853885,517.8548628894273,696.0790083581309,885.9662185554033,887.5146652316788,lgbm,2026-03-30,107,final,B-Z,False,False,False
750101310551,TLJ,8,2026-05-25,497.05991153694094,524.5087698309909,689.4687876525636,892.482909478207,894.9139720035806,lgbm,2026-03-30,107,final,B-Z,False,False,False
750101310551,VHSA,1,2026-04-06,270.7235132357188,294.6597544590417,382.6556433370767,486.6525176210628,507.0160334434789,lgbm,2026-03-30,107,final,B-Z,False,False,False
750101310551,VHSA,2,2026-04-13,273.29283350200177,290.7316802967975,396.1474574541033,489.7446461534925,506.92050500883374,lgbm,2026-03-30,107,final,B-Z,False,False,False
750101310551,VHSA,3,2026-04-20,276.74604990671014,281.0491899721444,386.7156422166376,497.59093288119016,506.33153177940875,lgbm,2026-03-30,107,final,B-Z,False,False,False
750101310551,VHSA,4,2026-04-27,261.1889955187841,276.51689471972014,389.87014643033706,511.3537786768393,522.7004710559445,lgbm,2026-03-30,107,final,B-Z,False,False,False
750101310551,VHSA,5,2026-05-04,241.4045261445953,272.21645373293666,377.6840920060197,504.93560564743166,528.3899414942981,lgbm,2026-03-30,107,final,B-Z,False,False,False
750101310551,VHSA,6,2026-05-11,241.34746511400658,265.3362878907289,396.23656802937245,503.2873179436198,531.0428760466475,lgbm,2026-03-30,107,final,B-Z,False,False,False
750101310551,VHSA,7,2026-05-18,245.88752535707124,277.305981508643,378.80581406339604,457.6246425391279,499.6895320755683,lgbm,2026-03-30,107,final,B-Z,False,False,False
750101310551,VHSA,8,2026-05-25,240.52495499645642,273.4794339168466,368.821930533563,454.18068874982873,499.6060152785149,lgbm,2026-03-30,107,final,B-Z,False,False,False
750101310553,CCUL,1,2026-04-06,57.18554057020038,71.34650566324981,119.15947471850367,169.4905144150879,182.7853954251289,lgbm,2026-03-30,107,final,B-Z,False,False,False
750101310553,CCUL,2,2026-04-13,57.43629554621688,69.6304213432877,121.11830960402641,174.12329313077873,184.667451674355,lgbm,2026-03-30,107,final,B-Z,False,False,False
750101310553,CCUL,3,2026-04-20,54.642355800320594,63.15799883161539,117.73136520765377,171.6114175915197,185.9462615904591,lgbm,2026-03-30,107,final,B-Z,False,False,False
750101310553,CCUL,4,2026-04-27,52.01222869886395,65.15841040405081,118.72968577935264,173.5725747268628,190.5355003140271,lgbm,2026-03-30,107,final,B-Z,False,False,False
750101310553,CCUL,5,2026-05-04,53.71523920458179,58.06982339092854,117.85409974528731,174.88879362632235,185.86905912540743,lgbm,2026-03-30,107,final,B-Z,False,False,False
750101310553,CCUL,6,2026-05-11,51.77819903084094,58.21772164125297,120.55226969820139,180.79252180531157,188.55188719213385,lgbm,2026-03-30,107,final,B-Z,False,False,False
750101310553,CCUL,7,2026-05-18,50.364693839735935,54.47799631845899,117.87772163854116,175.69523222282015,186.2717879557091,lgbm,2026-03-30,107,final,B-Z,False,False,False
750101310553,CCUL,8,2026-05-25,42.9326214128359,53.36121449054734,111.84496850929634,180.964883397487,190.74840938989811,lgbm,2026-03-30,107,final,B-Z,False,False,False
750101310553,CMD2,1,2026-04-06,481.1521754345932,586.3721415580175,773.0321873363243,1031.5575289590918,1112.5885832927856,lgbm,2026-03-30,107,final,B-Z,False,False,False
750101310553,CMD2,2,2026-04-13,465.0878572774522,569.3861958229484,787.5831909513493,1073.4314714153275,1141.1807904359584,lgbm,2026-03-30,107,final,B-Z,False,False,False
750101310553,CMD2,3,2026-04-20,454.0266827370358,546.11913678528,772.8655584188391,1040.6315048651377,1136.2729000758245,lgbm,2026-03-30,107,final,B-Z,False,False,False
750101310553,CMD2,4,2026-04-27,435.59914424724843,554.1004445083896,783.7540038835052,1071.0878879817903,1179.1139165136574,lgbm,2026-03-30,107,final,B-Z,False,False,False
750101310553,CMD2,5,2026-05-04,438.0698812389078,507.57702160358326,775.8424500420297,1057.0658934329567,1182.4246685337794,lgbm,2026-03-30,107,final,B-Z,False,False,False
750101310553,CMD2,6,2026-05-11,415.3363191336214,494.8236481685181,794.2054745583276,1113.5134776242005,1222.096894675327,lgbm,2026-03-30,107,final,B-Z,False,False,False
750101310553,CMD2,7,2026-05-18,414.2682902334884,492.0751450722167,765.8954898611253,1043.4981554836486,1196.8828886852893,lgbm,2026-03-30,107,final,B-Z,False,False,False
750101310553,CMD2,8,2026-05-25,393.74599649769686,471.95235056787976,748.636433067556,1091.0194535235173,1233.7047627802278,lgbm,2026-03-30,107,final,B-Z,False,False,False
750101310553,CMTY,1,2026-04-06,128.32896185514883,148.4046070220832,209.64195041817186,277.506293397655,293.8414248169879,lgbm,2026-03-30,107,final,B-Z,False,False,False
750101310553,CMTY,2,2026-04-13,126.459874268161,148.2311651328091,213.93338036245925,285.4650765753387,300.53130210472045,lgbm,2026-03-30,107,final,B-Z,False,False,False
750101310553,CMTY,3,2026-04-20,121.50892691620564,139.76336444881164,199.11436854304523,283.4959107873046,302.3985030782969,lgbm,2026-03-30,107,final,B-Z,False,False,False
750101310553,CMTY,4,2026-04-27,120.06192239312266,140.076609368407,202.29835723458694,291.70624993877703,310.2722551086232,lgbm,2026-03-30,107,final,B-Z,False,False,False
750101310553,CMTY,5,2026-05-04,119.73865177876814,125.01680326193849,196.3418280360486,298.88300555989355,307.1806149440386,lgbm,2026-03-30,107,final,B-Z,False,False,False
750101310553,CMTY,6,2026-05-11,112.94807671152913,120.85578511484496,205.92092438981683,312.47562345756455,321.82410124489314,lgbm,2026-03-30,107,final,B-Z,False,False,False
750101310553,CMTY,7,2026-05-18,103.79096495518584,117.2142337626353,195.97940859692457,298.32920897054316,307.98780586710006,lgbm,2026-03-30,107,final,B-Z,False,False,False
750101310553,CMTY,8,2026-05-25,0.0,107.1780915393139,199.23978854633543,364.43039333116064,3797.7524164840806,lgbm,2026-03-30,107,final,B-Z,False,False,False
750101310553,MXLI,1,2026-04-06,11.642680750388141,28.79903476817975,61.18311433883279,97.55026284627823,111.32827601908534,lgbm,2026-03-30,42,final,B-Z,False,False,False
750101310553,MXLI,2,2026-04-13,9.69728732634449,26.604885349741078,62.711331694674804,99.88846859154154,113.58051915145846,lgbm,2026-03-30,42,final,B-Z,False,False,False
750101310553,MXLI,3,2026-04-20,6.7253487846777595,22.55936739986175,59.188683861133256,100.15909100789186,114.9805327285923,lgbm,2026-03-30,42,final,B-Z,False,False,False
750101310553,MXLI,4,2026-04-27,4.513166037296571,20.36710128912291,59.07627729499693,104.76605979779984,116.94467330209035,lgbm,2026-03-30,42,final,B-Z,False,False,False
750101310553,MXLI,5,2026-05-04,3.136207343145575,16.953123079530954,57.44520680016934,102.37298966935532,116.51654059514689,lgbm,2026-03-30,42,final,B-Z,False,False,False
750101310553,MXLI,6,2026-05-11,1.2612534006844882,16.094605138989163,60.63528369337367,104.24465632432089,117.68023768638832,lgbm,2026-03-30,42,final,B-Z,False,False,False
750101310553,MXLI,7,2026-05-18,0.28897531404909316,14.604393984132969,57.94543666935768,103.4590610573874,117.37911186154659,lgbm,2026-03-30,42,final,B-Z,False,False,False
750101310553,MXLI,8,2026-05-25,0.0,13.975122362444942,57.55385390151925,105.16145245731255,119.11313869154972,lgbm,2026-03-30,42,final,B-Z,False,False,False
750101310553,TLJ,1,2026-04-06,0.0,95.84758897652077,174.7865025487661,288.9334528041889,1154.1922021394164,lgbm,2026-03-30,102,final,B-Z,False,False,False
750101310553,TLJ,2,2026-04-13,71.95102167702832,104.37330003028043,168.9055593894938,240.85081148761464,295.0325690657459,lgbm,2026-03-30,102,final,B-Z,False,False,False
750101310553,TLJ,3,2026-04-20,0.0,84.47771687087075,172.79280824457126,294.8509562183719,1155.398836144279,lgbm,2026-03-30,102,final,B-Z,False,False,False
750101310553,TLJ,4,2026-04-27,65.31152730288167,99.58120872668407,164.21551993458218,244.0402940121022,302.43422323609917,lgbm,2026-03-30,102,final,B-Z,False,False,False
750101310553,TLJ,5,2026-05-04,68.98354378323597,95.09124266011263,161.64875107358927,237.22065563192197,296.4775816898492,lgbm,2026-03-30,102,final,B-Z,False,False,False
750101310553,TLJ,6,2026-05-11,63.671882231966194,91.62540538133673,163.71656879852023,246.03723033152497,302.25433137620405,lgbm,2026-03-30,102,final,B-Z,False,False,False
750101310553,TLJ,7,2026-05-18,63.7531708108129,92.72259007598424,161.10166147996904,235.7571151234207,297.33161383762274,lgbm,2026-03-30,102,final,B-Z,False,False,False
750101310553,TLJ,8,2026-05-25,53.54849702741714,80.66837095500264,156.12440813220033,250.47198484543233,306.5303372633091,lgbm,2026-03-30,102,final,B-Z,False,False,False
750101310553,VHSA,1,2026-04-06,19.79405701815202,35.235310954730416,73.56406835272686,127.19987276728908,137.13169718421915,lgbm,2026-03-30,42,final,B-Z,False,False,False
750101310553,VHSA,2,2026-04-13,17.605217808258462,33.27342253177977,77.3462609408093,130.27454070438026,140.76635889722513,lgbm,2026-03-30,42,final,B-Z,False,False,False
750101310553,VHSA,3,2026-04-20,14.818676238857392,28.701660220188536,71.68541029376388,130.52314230178,142.3618525336422,lgbm,2026-03-30,42,final,B-Z,False,False,False
750101310553,VHSA,4,2026-04-27,11.398172855476751,25.047579619565703,75.95131356424123,138.9700356401458,146.3420142124636,lgbm,2026-03-30,42,final,B-Z,False,False,False
750101310553,VHSA,5,2026-05-04,8.228023625709938,18.084841990567952,71.37595428028604,142.58000272266557,147.8732296585556,lgbm,2026-03-30,42,final,B-Z,False,False,False
750101310553,VHSA,6,2026-05-11,5.247905949062414,17.06230029681332,77.23441900059167,147.3384435134567,152.18913663921992,lgbm,2026-03-30,42,final,B-Z,False,False,False
750101310553,VHSA,7,2026-05-18,4.458239989935869,14.271174892718761,71.74005601531601,149.4809954531359,151.10312678928472,lgbm,2026-03-30,42,final,B-Z,False,False,False
750101310553,VHSA,8,2026-05-25,3.6250898619582514,13.814579964156284,75.15030492630684,152.12738707290623,153.5948673051795,lgbm,2026-03-30,42,final,B-Z,False,False,False
750101310555,CCUL,1,2026-04-06,25.785661204647194,28.430401213624336,54.405613608732914,89.32185277582101,92.5005290655837,lgbm,2026-03-30,107,final,B-Y,False,False,False
750101310555,CCUL,2,2026-04-13,26.31148877835532,29.16465446091563,56.016078211563716,91.7231880188165,95.15012077825179,lgbm,2026-03-30,107,final,B-Y,False,False,False
750101310555,CCUL,3,2026-04-20,22.371982726690142,24.330638458133755,56.53436165676118,94.56598792586118,94.94846167066834,lgbm,2026-03-30,107,final,B-Y,False,False,False
750101310555,CCUL,4,2026-04-27,23.3824007630838,25.885678438514613,57.155982442279935,96.68672731676679,100.19557698728434,lgbm,2026-03-30,107,final,B-Y,False,False,False
750101310555,CCUL,5,2026-05-04,19.226133185875796,20.90463377900997,53.143736433421836,96.21132587998116,96.80668071554445,lgbm,2026-03-30,107,final,B-Y,False,False,False
750101310555,CCUL,6,2026-05-11,21.195728563739276,22.037739266131148,53.39759449977426,89.05229479680786,90.67683293729947,lgbm,2026-03-30,107,final,B-Y,False,False,False
750101310555,CCUL,7,2026-05-18,19.278667705325113,20.053387318466697,53.393840118373085,91.72173744683478,92.07731083750237,lgbm,2026-03-30,107,final,B-Y,False,False,False
750101310555,CCUL,8,2026-05-25,21.307063508251,22.303322350187855,54.37298713704191,93.27682511750703,97.37320957297814,lgbm,2026-03-30,107,final,B-Y,False,False,False
750101310555,CMTY,1,2026-04-06,198.49709514402156,203.56205769706517,301.1516971416082,424.82318289751925,427.75542564080115,lgbm,2026-03-30,107,final,B-Y,False,False,False
750101310555,CMTY,2,2026-04-13,194.44138544349408,204.0940992943253,305.90341354012196,439.1660325125922,442.4615298343577,lgbm,2026-03-30,107,final,B-Y,False,False,False
750101310555,CMTY,3,2026-04-20,185.58765530668362,193.07334259549233,298.9810901163557,439.87370166852156,455.17495665600063,lgbm,2026-03-30,107,final,B-Y,False,False,False
750101310555,CMTY,4,2026-04-27,187.8541530099776,194.39160623693738,299.7478350790099,453.8403761219605,473.6728755056446,lgbm,2026-03-30,107,final,B-Y,False,False,False
750101310555,CMTY,5,2026-05-04,167.7812008905349,173.1249716673159,280.53599477477457,440.92659406772185,466.4309872192879,lgbm,2026-03-30,107,final,B-Y,False,False,False
750101310555,CMTY,6,2026-05-11,169.45520572153268,169.50884716210376,285.8116958590438,446.38842276200603,463.86712758876007,lgbm,2026-03-30,107,final,B-Y,False,False,False
750101310555,CMTY,7,2026-05-18,157.10926688963997,168.7421137296633,276.7222324804657,413.5203669698941,421.7630820094354,lgbm,2026-03-30,107,final,B-Y,False,False,False
750101310555,CMTY,8,2026-05-25,167.8976539255534,174.71180334749653,276.88956287223573,418.22768868743856,437.64253876695454,lgbm,2026-03-30,107,final,B-Y,False,False,False
750101310555,MXLI,1,2026-04-06,31.594084077273777,33.349559740166114,67.74550903774552,110.2454630879758,116.8349384713738,lgbm,2026-03-30,107,final,B-Y,False,False,False
750101310555,MXLI,2,2026-04-13,31.74560258792026,31.852363395546785,70.21688338655015,112.11924418065672,118.46940219579473,lgbm,2026-03-30,107,final,B-Y,False,False,False
750101310555,MXLI,3,2026-04-20,27.989935044418083,28.155424729087557,65.8091063796229,111.37782534052346,118.26923858135083,lgbm,2026-03-30,107,final,B-Y,False,False,False
750101310555,MXLI,4,2026-04-27,27.80966423342611,28.909215586239945,66.24807351084276,117.20330088164198,121.13337460885766,lgbm,2026-03-30,107,final,B-Y,False,False,False
750101310555,MXLI,5,2026-05-04,24.567779844920675,25.047455500676513,60.96256511418069,108.60031237680087,120.49493384403227,lgbm,2026-03-30,107,final,B-Y,False,False,False
750101310555,MXLI,6,2026-05-11,24.83245326719809,26.999505574219338,62.5922647551804,108.8067821887299,124.24024442993712,lgbm,2026-03-30,107,final,B-Y,False,False,False
750101310555,MXLI,7,2026-05-18,22.16283422524369,24.437245832449424,61.91107210454005,108.89898301196344,119.15021736728279,lgbm,2026-03-30,107,final,B-Y,False,False,False
750101310555,MXLI,8,2026-05-25,23.793189595143634,26.721216715407056,61.565181761438694,109.11249204793519,120.05250686191896,lgbm,2026-03-30,107,final,B-Y,False,False,False
750101310555,TLJ,1,2026-04-06,69.70486621343358,75.37922525439953,122.18177053395362,183.10858387328472,188.87318167805518,lgbm,2026-03-30,107,final,B-Y,False,False,False
750101310555,TLJ,2,2026-04-13,70.78349730481176,72.3770154021924,124.46602596926137,190.41253122342377,193.731567290042,lgbm,2026-03-30,107,final,B-Y,False,False,False
750101310555,TLJ,3,2026-04-20,67.68973320613598,67.93076620471058,120.21008950692718,193.57971887352434,196.7329967763973,lgbm,2026-03-30,107,final,B-Y,False,False,False
750101310555,TLJ,4,2026-04-27,69.81446881257061,71.12585051141882,127.08492107369396,200.65743640447934,202.52759101634922,lgbm,2026-03-30,107,final,B-Y,False,False,False
750101310555,TLJ,5,2026-05-04,60.295505206819506,60.47352963088298,115.49541118951925,195.39907590515963,201.03777475670114,lgbm,2026-03-30,107,final,B-Y,False,False,False
750101310555,TLJ,6,2026-05-11,57.43324579465162,57.86002827188921,114.58914957657095,191.6414293990598,191.9300901190826,lgbm,2026-03-30,107,final,B-Y,False,False,False
750101310555,TLJ,7,2026-05-18,57.1410400052094,59.554778620994824,106.22736597061828,161.98429251518664,163.4638947968163,lgbm,2026-03-30,107,final,B-Y,False,False,False
750101310555,TLJ,8,2026-05-25,58.90756951021895,65.20509064247997,114.92137261144003,174.76139428763585,179.87557542441058,lgbm,2026-03-30,107,final,B-Y,False,False,False
750101310555,VHSA,1,2026-04-06,38.72813866431396,43.01144895853923,77.53843273169747,127.61788690492415,128.78475520967777,lgbm,2026-03-30,107,final,B-Y,False,False,False
750101310555,VHSA,2,2026-04-13,42.936266108094486,43.432781084193465,74.9349197329868,130.17183443704815,130.30957968954297,lgbm,2026-03-30,107,final,B-Y,False,False,False
750101310555,VHSA,3,2026-04-20,36.209710928641144,37.83296441329287,77.59929134156769,131.06346722553593,135.33164856365295,lgbm,2026-03-30,107,final,B-Y,False,False,False
750101310555,VHSA,4,2026-04-27,39.44906769129153,39.47037618620513,81.13393153952272,136.79287232848785,138.0942226060246,lgbm,2026-03-30,107,final,B-Y,False,False,False
750101310555,VHSA,5,2026-05-04,31.975003116589043,34.23575799919163,75.5888866113994,132.22243815610057,137.7772360673121,lgbm,2026-03-30,107,final,B-Y,False,False,False
750101310555,VHSA,6,2026-05-11,34.13275104779321,36.64784684149351,77.87337431223848,133.8523422681691,138.51901638795624,lgbm,2026-03-30,107,final,B-Y,False,False,False
750101310555,VHSA,7,2026-05-18,30.924994732357998,34.48639492615398,76.09197491982877,125.53839093878429,129.595915786449,lgbm,2026-03-30,107,final,B-Y,False,False,False
750101310555,VHSA,8,2026-05-25,33.74210292795542,38.036480858741996,77.83084770800814,126.58024577948417,130.815732268567,lgbm,2026-03-30,107,final,B-Y,False,False,False
750101310556,CMD2,1,2026-04-06,689.3156747478654,695.5201533893312,998.0466989486547,1359.1760994893855,1382.7021354320818,lgbm,2026-03-30,107,final,B-Z,False,False,False
750101310556,CMD2,2,2026-04-13,701.53707140334,704.8349704103346,1013.1581562623285,1400.7798815361105,1431.9599702187825,lgbm,2026-03-30,107,final,B-Z,False,False,False
750101310556,CMD2,3,2026-04-20,656.8274183709135,675.9863971826563,1006.5573236896091,1404.8395811479895,1472.1582795207448,lgbm,2026-03-30,107,final,B-Z,False,False,False
750101310556,CMD2,4,2026-04-27,705.455583808342,708.6040202213485,1036.9468825852612,1512.0833634473026,1555.3753192185538,lgbm,2026-03-30,107,final,B-Z,False,False,False
750101310556,CMD2,5,2026-05-04,578.9019659426949,645.934316381134,949.7198632667977,1427.1246637066588,1534.817937107303,lgbm,2026-03-30,107,final,B-Z,False,False,False
750101310556,CMD2,6,2026-05-11,572.3313864637094,646.2138698652852,962.6482401436144,1463.6072433502422,1557.0219216749456,lgbm,2026-03-30,107,final,B-Z,False,False,False
750101310556,CMD2,7,2026-05-18,548.1506566112721,628.0271494640143,946.0071411847556,1386.9052077341867,1440.838209136614,lgbm,2026-03-30,107,final,B-Z,False,False,False
750101310556,CMD2,8,2026-05-25,571.3647270054278,639.5263456083713,956.4115464855462,1406.610225891685,1492.1303967073884,lgbm,2026-03-30,107,final,B-Z,False,False,False
750101310556,CMTY,1,2026-04-06,158.83870421072132,168.0657212860638,236.3395253433846,327.10676046156914,340.8782944021457,lgbm,2026-03-30,107,final,B-Z,False,False,False
750101310556,CMTY,2,2026-04-13,158.9060764160816,166.6264099741466,239.800148745117,335.5765176537106,350.83077372739973,lgbm,2026-03-30,107,final,B-Z,False,False,False
750101310556,CMTY,3,2026-04-20,151.59537600559904,160.19220317696534,237.3477898492042,339.1840656653769,362.2396838521293,lgbm,2026-03-30,107,final,B-Z,False,False,False
750101310556,CMTY,4,2026-04-27,157.66470732153954,162.5090939496338,243.18975693125412,360.4966297609656,380.11515821619116,lgbm,2026-03-30,107,final,B-Z,False,False,False
750101310556,CMTY,5,2026-05-04,135.26755376190377,150.8520981540179,225.19326423994738,345.04251958623723,365.87767263242233,lgbm,2026-03-30,107,final,B-Z,False,False,False
750101310556,CMTY,6,2026-05-11,132.87652678273525,145.72488661918845,228.41308741752255,355.87663793169423,360.2147290148315,lgbm,2026-03-30,107,final,B-Z,False,False,False
750101310556,CMTY,7,2026-05-18,132.01015976642017,144.80138749276043,223.30942731076595,327.3435619487185,327.8783733707836,lgbm,2026-03-30,107,final,B-Z,False,False,False
750101310556,CMTY,8,2026-05-25,136.1807918249996,149.02562309430124,226.47359816973983,341.69943847859935,357.4668267809321,lgbm,2026-03-30,107,final,B-Z,False,False,False
750101310556,TLJ,1,2026-04-06,96.86199052061097,119.24867740274136,192.79798603121537,302.62100944946894,308.06674596719955,lgbm,2026-03-30,107,final,B-Z,False,False,False
750101310556,TLJ,2,2026-04-13,91.02381570919474,111.01285169732711,199.80650055520167,293.56437574976275,301.3355074155537,lgbm,2026-03-30,107,final,B-Z,False,False,False
750101310556,TLJ,3,2026-04-20,86.19765407271407,106.29444924197836,191.1624666695563,290.39990267328375,301.52765098389267,lgbm,2026-03-30,107,final,B-Z,False,False,False
750101310556,TLJ,4,2026-04-27,93.13691107750685,107.60130535224623,184.54721532956418,321.7263110985335,326.1235587194433,lgbm,2026-03-30,107,final,B-Z,False,False,False
750101310556,TLJ,5,2026-05-04,75.69660014503498,98.94004739810802,168.46689432467056,269.73668681312654,292.4307139363456,lgbm,2026-03-30,107,final,B-Z,False,False,False
750101310556,TLJ,6,2026-05-11,73.7930004324667,102.34121277806145,177.77372106880512,296.64159950086764,306.5965753318733,lgbm,2026-03-30,107,final,B-Z,False,False,False
750101310556,TLJ,7,2026-05-18,69.29317779916227,97.74124511454781,170.09191437753552,263.909726258054,289.9966559184156,lgbm,2026-03-30,107,final,B-Z,False,False,False
750101310556,TLJ,8,2026-05-25,71.672253163153,95.33603783778912,169.1316148624725,267.3628879583447,293.21336930867466,lgbm,2026-03-30,107,final,B-Z,False,False,False
750101310556,VHSA,1,2026-04-06,51.498473789054046,57.05068468269525,94.11729334308164,144.9435924306789,153.5973177208975,lgbm,2026-03-30,107,final,B-Z,False,False,False
750101310556,VHSA,2,2026-04-13,55.5265435530019,56.76396552165647,96.29355902854172,147.9193157374799,155.48994505152461,lgbm,2026-03-30,107,final,B-Z,False,False,False
750101310556,VHSA,3,2026-04-20,49.64606951238342,51.18136787082272,91.96328257307871,148.14998676588442,159.0910501080672,lgbm,2026-03-30,107,final,B-Z,False,False,False
750101310556,VHSA,4,2026-04-27,53.89230670460791,54.5298756230187,96.6549249431524,158.76461253196865,162.4364092053375,lgbm,2026-03-30,107,final,B-Z,False,False,False
750101310556,VHSA,5,2026-05-04,44.25734149933905,50.45410336004791,88.48073466196765,151.67939249845472,164.36943283700688,lgbm,2026-03-30,107,final,B-Z,False,False,False
750101310556,VHSA,6,2026-05-11,43.9524014539077,49.739851148777745,90.6910791988235,156.4854203227063,159.84894099552457,lgbm,2026-03-30,107,final,B-Z,False,False,False
750101310556,VHSA,7,2026-05-18,41.9579089130697,46.37225219174881,89.49687419837117,139.3555336962619,147.24773758667257,lgbm,2026-03-30,107,final,B-Z,False,False,False
750101310556,VHSA,8,2026-05-25,43.579596713014595,51.42219470379494,89.31590061381692,151.02392375329646,157.63294301117912,lgbm,2026-03-30,107,final,B-Z,False,False,False
750101310577,CCUL,1,2026-04-06,249.38634662477813,255.53449341497165,371.23380910703685,466.37880226524067,480.1714763707706,lgbm,2026-03-30,107,final,B-Z,False,False,False
750101310577,CCUL,2,2026-04-13,248.43095094765715,251.29378263127143,384.33536107443973,488.9366106656408,498.28327841516676,lgbm,2026-03-30,107,final,B-Z,False,False,False
750101310577,CCUL,3,2026-04-20,241.9794666251882,244.4143370175844,367.5216689879482,472.0525013500053,480.8620612881111,lgbm,2026-03-30,107,final,B-Z,False,False,False
750101310577,CCUL,4,2026-04-27,235.52577808511123,237.9126073236689,377.11179314463317,500.4236346276105,514.2128713015767,lgbm,2026-03-30,107,final,B-Z,False,False,False
750101310577,CCUL,5,2026-05-04,189.90483181465305,216.97478573548761,341.3126640871095,494.60604438408166,506.2288570451753,lgbm,2026-03-30,107,final,B-Z,False,False,False
750101310577,CCUL,6,2026-05-11,172.696096465033,191.66397095170396,345.0374296338512,502.0358874312207,512.6529708964858,lgbm,2026-03-30,107,final,B-Z,False,False,False
750101310577,CCUL,7,2026-05-18,143.64978781752203,175.87344840268335,337.2730226131772,439.968922654755,470.4525634734951,lgbm,2026-03-30,107,final,B-Z,False,False,False
750101310577,CCUL,8,2026-05-25,128.28043742065032,169.14224902704348,318.7960012298322,455.276271991363,480.308300834841,lgbm,2026-03-30,107,final,B-Z,False,False,False
750101310577,CMD2,1,2026-04-06,2369.7019539304,2445.723239914804,3321.770141848569,3876.4941982491023,3944.1654654453805,lgbm,2026-03-30,107,final,B-Z,False,False,False
750101310577,CMD2,2,2026-04-13,2447.4839316006596,2492.6861157374906,3473.8507342550038,4207.715961273956,4208.876839360043,lgbm,2026-03-30,107,final,B-Z,False,False,False
750101310577,CMD2,3,2026-04-20,2412.8121391759614,2415.94352523803,3446.380015628099,4062.9916008924433,4125.521653217202,lgbm,2026-03-30,107,final,B-Z,False,False,False
750101310577,CMD2,4,2026-04-27,2305.6472413274155,2402.9091858519314,3427.0339975126003,4125.411091552141,4304.888114037974,lgbm,2026-03-30,107,final,B-Z,False,False,False
750101310577,CMD2,5,2026-05-04,1730.2604625761567,2037.2954934556321,2925.38761164089,3958.962211013334,4117.415088613414,lgbm,2026-03-30,107,final,B-Z,False,False,False
750101310577,CMD2,6,2026-05-11,1609.6560309880015,1920.4020153827112,2915.793409419691,4033.6878878862426,4236.392683692929,lgbm,2026-03-30,107,final,B-Z,False,False,False
750101310577,CMD2,7,2026-05-18,1389.2252126240908,1825.8491141976308,2810.8482756434955,3634.9134933514206,3843.082057379758,lgbm,2026-03-30,107,final,B-Z,False,False,False
750101310577,CMD2,8,2026-05-25,1237.5851210022622,1645.3056649524428,2592.2758603374455,3812.7926770655868,3978.8276339661566,lgbm,2026-03-30,107,final,B-Z,False,False,False
750101310577,CMTY,1,2026-04-06,676.6441855541793,702.0745373868357,920.4978951235802,1097.600637621238,1126.2656214967717,lgbm,2026-03-30,107,final,B-Z,False,False,False
750101310577,CMTY,2,2026-04-13,689.418728783696,713.8903438577755,960.325804875372,1174.9136006145864,1183.1080429025976,lgbm,2026-03-30,107,final,B-Z,False,False,False
750101310577,CMTY,3,2026-04-20,669.6320400032712,670.5861297782089,913.3759951739485,1125.248885712066,1147.6767842733789,lgbm,2026-03-30,107,final,B-Z,False,False,False
750101310577,CMTY,4,2026-04-27,662.4098408121065,682.8086799723651,943.7814951011886,1161.6626992277338,1204.3007757184891,lgbm,2026-03-30,107,final,B-Z,False,False,False
750101310577,CMTY,5,2026-05-04,519.9947769375913,617.1472196659921,808.4015170366296,1103.1554710401354,1155.8317596098725,lgbm,2026-03-30,107,final,B-Z,False,False,False
750101310577,CMTY,6,2026-05-11,501.3289965952163,526.5342771553326,822.9055638624535,1145.5849978127876,1183.383492265671,lgbm,2026-03-30,107,final,B-Z,False,False,False
750101310577,CMTY,7,2026-05-18,401.89125637951827,529.9550354515784,787.6905708519757,1052.3556658754762,1132.7682094019317,lgbm,2026-03-30,107,final,B-Z,False,False,False
750101310577,CMTY,8,2026-05-25,384.78343570368685,469.59054372104004,729.0811686742002,1086.4989613536593,1116.7609753309798,lgbm,2026-03-30,107,final,B-Z,False,False,False
750101310577,MXLI,1,2026-04-06,90.15749724571478,133.31672782163452,194.19326550965295,244.3011480050783,371.95322344337046,lgbm,2026-03-30,107,final,B-Z,False,False,False
750101310577,MXLI,2,2026-04-13,83.19196455152206,127.81335616311374,201.3055058382699,259.9497646169749,383.7578139613221,lgbm,2026-03-30,107,final,B-Z,False,False,False
750101310577,MXLI,3,2026-04-20,85.39839439810324,128.18272793292843,197.57624807899668,256.5895937787741,381.07121620939273,lgbm,2026-03-30,107,final,B-Z,False,False,False
750101310577,MXLI,4,2026-04-27,80.73927763348573,123.85380520140035,190.59467861393767,255.50517942865687,384.9515786995906,lgbm,2026-03-30,107,final,B-Z,False,False,False
750101310577,MXLI,5,2026-05-04,66.63677251007684,116.15740346510023,180.83093597279242,246.68334410702124,378.8951183055485,lgbm,2026-03-30,107,final,B-Z,False,False,False
750101310577,MXLI,6,2026-05-11,87.5486245071836,110.01852251769385,176.97544054323973,248.7926406891348,254.9590863698268,lgbm,2026-03-30,107,final,B-Z,False,False,False
750101310577,MXLI,7,2026-05-18,75.12480325494873,102.9522785521405,171.40874104015924,236.80394929479738,243.3594275451317,lgbm,2026-03-30,107,final,B-Z,False,False,False
750101310577,MXLI,8,2026-05-25,63.237207869788286,91.95390598142544,161.49761068544493,245.16095808822143,253.4869512197869,lgbm,2026-03-30,107,final,B-Z,False,False,False
750101310577,TLJ,1,2026-04-06,492.9868396506348,498.7086481656473,730.255491665417,908.7260098202198,944.450652112063,lgbm,2026-03-30,107,final,B-Z,False,False,False
750101310577,TLJ,2,2026-04-13,492.34760730456577,494.67522868909555,742.8223082749674,957.2400121721607,980.1565314308396,lgbm,2026-03-30,107,final,B-Z,False,False,False
750101310577,TLJ,3,2026-04-20,490.330265991961,490.4583499227307,735.1041461224028,947.210145115304,974.4586725098424,lgbm,2026-03-30,107,final,B-Z,False,False,False
750101310577,TLJ,4,2026-04-27,486.63226457145197,494.37113659483583,755.886323816512,997.8389366067836,1003.6911942480915,lgbm,2026-03-30,107,final,B-Z,False,False,False
750101310577,TLJ,5,2026-05-04,386.0288627196786,405.43752957087884,676.6137142940912,967.3880555238885,968.2913403556087,lgbm,2026-03-30,107,final,B-Z,False,False,False
750101310577,TLJ,6,2026-05-11,351.32030208648206,378.72089980415217,682.1303166229352,1000.8024606143022,1003.2496510851726,lgbm,2026-03-30,107,final,B-Z,False,False,False
750101310577,TLJ,7,2026-05-18,274.72033596907033,350.9897808326101,662.5107417585714,881.4582775832326,944.0547547061155,lgbm,2026-03-30,107,final,B-Z,False,False,False
750101310577,TLJ,8,2026-05-25,270.0897775857296,349.14393176965916,648.353653489076,900.3313803379463,924.6535693991001,lgbm,2026-03-30,107,final,B-Z,False,False,False
750101310577,VHSA,1,2026-04-06,273.72267220976727,290.62700396523013,408.45378440448724,509.7654187924058,542.7890543088231,lgbm,2026-03-30,107,final,B-Z,False,False,False
750101310577,VHSA,2,2026-04-13,273.8593696310263,300.5326778408657,423.5876869595971,533.3978208167099,561.473267855654,lgbm,2026-03-30,107,final,B-Z,False,False,False
750101310577,VHSA,3,2026-04-20,267.5424785398376,285.25024488503936,414.90308579572,515.7327372114701,553.652354459847,lgbm,2026-03-30,107,final,B-Z,False,False,False
750101310577,VHSA,4,2026-04-27,273.54013219325697,301.6043486339401,447.7094779257725,538.1579017264777,575.4337401030085,lgbm,2026-03-30,107,final,B-Z,False,False,False
750101310577,VHSA,5,2026-05-04,204.7437486656242,243.1533302369775,370.98610835905026,519.9743205238182,555.9792378528887,lgbm,2026-03-30,107,final,B-Z,False,False,False
750101310577,VHSA,6,2026-05-11,191.66449226261955,223.10693976429195,365.57258735013465,525.9873689910236,563.5571567650115,lgbm,2026-03-30,107,final,B-Z,False,False,False
750101310577,VHSA,7,2026-05-18,154.95381467466024,214.04807089074427,356.72965184438954,493.15828464085297,530.2952575501604,lgbm,2026-03-30,107,final,B-Z,False,False,False
750101310577,VHSA,8,2026-05-25,141.51384981945648,192.31537327505163,335.7583856382656,512.1836081176737,536.1794152766889,lgbm,2026-03-30,107,final,B-Z,False,False,False
750101310578,CCUL,1,2026-04-06,449.3085759284082,468.1465638412627,603.9690584323388,738.2908301920859,759.6458297698213,lgbm,2026-03-30,107,final,B-Y,False,False,False
750101310578,CCUL,2,2026-04-13,447.26582109650724,463.1335265610371,635.9865029638595,793.8365781225663,818.7694537622522,lgbm,2026-03-30,107,final,B-Y,False,False,False
750101310578,CCUL,3,2026-04-20,433.3516961065142,434.6475073783888,622.8683953733828,775.3587912491093,801.4443425017834,lgbm,2026-03-30,107,final,B-Y,False,False,False
750101310578,CCUL,4,2026-04-27,429.5693989795408,436.7009214184145,611.9373976433802,798.1286687611655,799.2026964641701,lgbm,2026-03-30,107,final,B-Y,False,False,False
750101310578,CCUL,5,2026-05-04,332.8929910855842,371.85061177655587,525.9371393216884,796.6182025513347,798.8812722177149,lgbm,2026-03-30,107,final,B-Y,False,False,False
750101310578,CCUL,6,2026-05-11,301.45374854130927,337.1112360302308,539.1152278752056,808.0946629015218,812.5786442329376,lgbm,2026-03-30,107,final,B-Y,False,False,False
750101310578,CCUL,7,2026-05-18,267.1422772193535,324.61821539470344,490.2981738879684,663.0600442927756,732.5597292211747,lgbm,2026-03-30,107,final,B-Y,False,False,False
750101310578,CCUL,8,2026-05-25,240.51943009045672,284.6955434400416,442.9993973712181,687.9023420887187,745.7887612701246,lgbm,2026-03-30,107,final,B-Y,False,False,False
750101310578,CMD2,1,2026-04-06,2285.3274131371522,2335.0276284824517,3015.8461239825465,3668.628237911552,3798.716060959127,lgbm,2026-03-30,107,final,B-Y,False,False,False
750101310578,CMD2,2,2026-04-13,2355.547944919715,2419.028318333584,3149.4243571125294,3832.3112031984865,4005.5683033240193,lgbm,2026-03-30,107,final,B-Y,False,False,False
750101310578,CMD2,3,2026-04-20,2246.8625231559054,2291.713040454581,3118.5599207437035,3823.421705062038,3912.353760720563,lgbm,2026-03-30,107,final,B-Y,False,False,False
750101310578,CMD2,4,2026-04-27,2395.502792335864,2430.386162338699,3284.4523186140386,4045.728423235834,4069.331098251162,lgbm,2026-03-30,107,final,B-Y,False,False,False
750101310578,CMD2,5,2026-05-04,1564.3943967236019,1790.6786691797772,2565.579811198845,3823.727635629125,3942.104577753503,lgbm,2026-03-30,107,final,B-Y,False,False,False
750101310578,CMD2,6,2026-05-11,1518.6652157508674,1608.812586976872,2551.89877514255,3857.6543718753837,3905.2811906366364,lgbm,2026-03-30,107,final,B-Y,False,False,False
750101310578,CMD2,7,2026-05-18,1294.7621775472649,1579.8970852920406,2422.5516364511345,3120.336849012639,3521.581210126038,lgbm,2026-03-30,107,final,B-Y,False,False,False
750101310578,CMD2,8,2026-05-25,1195.4648859714089,1366.485110906728,2189.1963550246774,3301.4249240261543,3629.270816857206,lgbm,2026-03-30,107,final,B-Y,False,False,False
750101310578,CMTY,1,2026-04-06,675.6608955276707,712.5951816539174,887.3665449154242,1082.9439207584342,1123.1067267609305,lgbm,2026-03-30,107,final,B-Y,False,False,False
750101310578,CMTY,2,2026-04-13,646.0854312357465,678.3345264580653,910.4056823885002,1149.8130394896987,1203.8614884007777,lgbm,2026-03-30,107,final,B-Y,False,False,False
750101310578,CMTY,3,2026-04-20,644.711112244525,647.7138324958113,891.8987937986969,1130.516839468536,1194.8774320819934,lgbm,2026-03-30,107,final,B-Y,False,False,False
750101310578,CMTY,4,2026-04-27,645.5603796156221,662.9617046195065,899.8475512415275,1156.293018500522,1227.3542040874866,lgbm,2026-03-30,107,final,B-Y,False,False,False
750101310578,CMTY,5,2026-05-04,485.04820528490643,558.3736767318745,773.1114736099078,1107.8445588091772,1189.383047559466,lgbm,2026-03-30,107,final,B-Y,False,False,False
750101310578,CMTY,6,2026-05-11,466.49913417397454,506.04580099928467,775.9987697790906,1144.4057734236085,1195.1276349631853,lgbm,2026-03-30,107,final,B-Y,False,False,False
750101310578,CMTY,7,2026-05-18,398.57982900930494,505.72530642007337,735.4789290031267,979.722097747853,1107.0473303713748,lgbm,2026-03-30,107,final,B-Y,False,False,False
750101310578,CMTY,8,2026-05-25,366.13983014335383,428.4846609149685,657.8335657501505,1014.1526448548146,1102.5024301803223,lgbm,2026-03-30,107,final,B-Y,False,False,False
750101310578,TLJ,1,2026-04-06,587.4835789099889,617.7669971821568,802.4824748614556,1026.5746633226668,1101.17117673028,lgbm,2026-03-30,107,final,B-Y,False,False,False
750101310578,TLJ,2,2026-04-13,627.6245934866259,655.8059187738638,832.0776683324559,1120.02871590579,1124.1274301089693,lgbm,2026-03-30,107,final,B-Y,False,False,False
750101310578,TLJ,3,2026-04-20,587.9113678574521,595.4366166649722,811.1607769565411,1053.6751909403433,1117.7938816160824,lgbm,2026-03-30,107,final,B-Y,False,False,False
750101310578,TLJ,4,2026-04-27,611.193641031373,624.5627589499711,875.8368072306911,1141.7761467129146,1162.8463034199926,lgbm,2026-03-30,107,final,B-Y,False,False,False
750101310578,TLJ,5,2026-05-04,491.9105815932502,531.8728244844864,789.3908146803699,1139.929543300958,1163.03681057143,lgbm,2026-03-30,107,final,B-Y,False,False,False
750101310578,TLJ,6,2026-05-11,438.4437044407656,502.4198056711538,769.4802818459257,1155.6376784548706,1209.3672910829853,lgbm,2026-03-30,107,final,B-Y,False,False,False
750101310578,TLJ,7,2026-05-18,352.26345321067146,397.6227354320365,655.4806478007464,919.5706820574676,968.2616145081208,lgbm,2026-03-30,107,final,B-Y,False,False,False
750101310578,TLJ,8,2026-05-25,319.5051911460372,341.9621982720555,590.075940226918,962.0092230896115,988.1604927659012,lgbm,2026-03-30,107,final,B-Y,False,False,False
750101310578,VHSA,1,2026-04-06,363.4300664455699,381.4594685350588,519.129997235913,679.9880865181153,683.608540795756,lgbm,2026-03-30,107,final,B-Y,False,False,False
750101310578,VHSA,2,2026-04-13,350.4201728753655,370.19560056131087,521.3550722680061,702.4536647673251,704.2625536592674,lgbm,2026-03-30,107,final,B-Y,False,False,False
750101310578,VHSA,3,2026-04-20,352.0461403150405,365.93949988673637,520.9957887555843,690.1903232869361,709.0088784312403,lgbm,2026-03-30,107,final,B-Y,False,False,False
750101310578,VHSA,4,2026-04-27,367.2745711701273,386.2006770046504,558.5820743201499,728.5838993270012,737.1250428081685,lgbm,2026-03-30,107,final,B-Y,False,False,False
750101310578,VHSA,5,2026-05-04,262.0243838175169,298.67498632611347,447.77569240114883,691.038546936865,693.0382282763542,lgbm,2026-03-30,107,final,B-Y,False,False,False
750101310578,VHSA,6,2026-05-11,244.5292309905592,269.5263051022618,429.7301456531123,687.9208854147075,688.2518339177861,lgbm,2026-03-30,107,final,B-Y,False,False,False
750101310578,VHSA,7,2026-05-18,209.84478511655544,272.93193740991717,412.41378480754037,593.8085016059846,639.67545943168,lgbm,2026-03-30,107,final,B-Y,False,False,False
750101310578,VHSA,8,2026-05-25,188.59975831621023,225.0002237650744,373.9645520176333,617.4179540845512,653.9327973065714,lgbm,2026-03-30,107,final,B-Y,False,False,False
750101310581,CCUL,1,2026-04-06,1695.1384768076687,1992.9565986711941,3589.550002083735,4667.119780111413,4708.225858656018,lgbm,2026-03-30,107,final,B-Y,False,False,False
750101310581,CCUL,2,2026-04-13,1773.7518764570427,1977.5015757101464,3663.067672816389,4854.326585087072,4922.189473744956,lgbm,2026-03-30,107,final,B-Y,False,False,False
750101310581,CCUL,3,2026-04-20,1639.4548273816486,1788.7899100591699,3598.5763444993404,4806.9420225124,4837.529455282702,lgbm,2026-03-30,107,final,B-Y,False,False,False
750101310581,CCUL,4,2026-04-27,1644.7090245573759,1809.8658675501429,3648.05095010021,5094.185648547915,5140.1018015197005,lgbm,2026-03-30,107,final,B-Y,False,False,False
750101310581,CCUL,5,2026-05-04,1530.1791553741432,1795.427338019787,3245.9553169040923,4439.640401847244,4786.734429446729,lgbm,2026-03-30,107,final,B-Y,False,False,False
750101310581,CCUL,6,2026-05-11,1528.44912356758,1754.1031895197784,3368.4421815370247,4708.930519872131,4990.263271911582,lgbm,2026-03-30,107,final,B-Y,False,False,False
750101310581,CCUL,7,2026-05-18,1466.837111805113,1812.6949839726096,3120.7518283512436,4010.194396904609,4569.5779477593405,lgbm,2026-03-30,107,final,B-Y,False,False,False
750101310581,CCUL,8,2026-05-25,1395.602847621316,1585.7969051471014,2965.9515697284587,4073.0607923875546,4578.063106466248,lgbm,2026-03-30,107,final,B-Y,False,False,False
750101310581,CMD2,1,2026-04-06,1167.072689906274,1300.5754562209854,2206.99050864032,2716.845694844975,2742.9902002356453,lgbm,2026-03-30,107,final,B-Y,False,False,False
750101310581,CMD2,2,2026-04-13,1237.828023610004,1336.9284289500201,2270.9048857402763,2796.074196727786,2803.7318413838375,lgbm,2026-03-30,107,final,B-Y,False,False,False
750101310581,CMD2,3,2026-04-20,1117.5563979831898,1155.1651872111017,2164.8581722840777,2707.555949254991,2725.805161530043,lgbm,2026-03-30,107,final,B-Y,False,False,False
750101310581,CMD2,4,2026-04-27,1173.8900267748593,1232.7748213268937,2245.505120900847,2945.7651850715692,3008.3009017302943,lgbm,2026-03-30,107,final,B-Y,False,False,False
750101310581,CMD2,5,2026-05-04,1009.709039618604,1101.301211009457,1965.3216174118518,2673.8085307395713,2801.879909720895,lgbm,2026-03-30,107,final,B-Y,False,False,False
750101310581,CMD2,6,2026-05-11,1022.2279917029687,1100.3753600567934,2002.055335882421,2708.4345746886806,2858.346929207581,lgbm,2026-03-30,107,final,B-Y,False,False,False
750101310581,CMD2,7,2026-05-18,1005.8176675992527,1142.8640655420133,1887.921233371586,2355.3003731782574,2627.0410053365604,lgbm,2026-03-30,107,final,B-Y,False,False,False
750101310581,CMD2,8,2026-05-25,914.6786487122931,964.1830457297149,1849.4788681302332,2425.301867190366,2665.990591441487,lgbm,2026-03-30,107,final,B-Y,False,False,False
750101310581,CMTY,1,2026-04-06,860.7034163796443,1028.5348603559428,1518.9692263332363,1856.7168149351469,1993.2920788563745,lgbm,2026-03-30,107,final,B-Y,False,False,False
750101310581,CMTY,2,2026-04-13,915.8133862519962,1077.854461740321,1599.7768266717203,1891.7615451452443,2029.74695434638,lgbm,2026-03-30,107,final,B-Y,False,False,False
750101310581,CMTY,3,2026-04-20,840.373952091998,928.2043922823863,1501.148573842185,1944.2212141444388,2004.304958048199,lgbm,2026-03-30,107,final,B-Y,False,False,False
750101310581,CMTY,4,2026-04-27,841.7669182890249,919.7769892945354,1516.5585067833877,2047.1241654410114,2091.6247420169084,lgbm,2026-03-30,107,final,B-Y,False,False,False
750101310581,CMTY,5,2026-05-04,773.05684847572,879.0464115927712,1379.1900982850048,1889.3326222208264,2031.1367037993791,lgbm,2026-03-30,107,final,B-Y,False,False,False
750101310581,CMTY,6,2026-05-11,797.8840785897158,887.6295759134202,1470.1200293043705,1995.122975831464,2102.1520832765864,lgbm,2026-03-30,107,final,B-Y,False,False,False
750101310581,CMTY,7,2026-05-18,783.4039580404515,935.5138768905031,1401.753983614734,1772.4539739563636,1989.3153727901674,lgbm,2026-03-30,107,final,B-Y,False,False,False
750101310581,CMTY,8,2026-05-25,746.1797578564378,818.7650111001655,1334.0327313198607,1743.1597226762622,1951.4244309657254,lgbm,2026-03-30,107,final,B-Y,False,False,False
750101310581,MXLI,1,2026-04-06,261.9231871854892,320.94454379073005,481.26559259151406,595.8081632966471,659.3607207477489,lgbm,2026-03-30,107,final,B-Y,False,False,False
750101310581,MXLI,2,2026-04-13,267.0943081974607,327.79824852556965,500.2155072491215,598.0109664867098,691.1261804404953,lgbm,2026-03-30,107,final,B-Y,False,False,False
750101310581,MXLI,3,2026-04-20,243.70388076787953,283.3528091613512,455.4631625974412,592.1199634675772,647.849707658412,lgbm,2026-03-30,107,final,B-Y,False,False,False
750101310581,MXLI,4,2026-04-27,235.8432465248734,270.8452495227723,481.5472835810575,643.0368356645996,696.8106909049304,lgbm,2026-03-30,107,final,B-Y,False,False,False
750101310581,MXLI,5,2026-05-04,226.64156927231028,261.26023106647546,415.2688199507903,589.2613902159302,658.4048690468813,lgbm,2026-03-30,107,final,B-Y,False,False,False
750101310581,MXLI,6,2026-05-11,223.43573430921987,262.5190801166533,443.876530791962,592.4163250851393,672.5000288165631,lgbm,2026-03-30,107,final,B-Y,False,False,False
750101310581,MXLI,7,2026-05-18,226.34935912461634,272.8653987114442,437.326891718293,554.7488249880523,636.3724469595413,lgbm,2026-03-30,107,final,B-Y,False,False,False
750101310581,MXLI,8,2026-05-25,219.24904080289667,253.80230331805546,397.6706941109134,533.0821067063691,626.8376776161286,lgbm,2026-03-30,107,final,B-Y,False,False,False
750101310581,TLJ,1,2026-04-06,616.120705320694,729.4647641370568,1150.20898036666,1395.0676072806184,1453.6705942016943,lgbm,2026-03-30,107,final,B-Y,False,False,False
750101310581,TLJ,2,2026-04-13,648.3018149305573,760.3287360089802,1210.3290548696177,1407.4561664446364,1513.035054811623,lgbm,2026-03-30,107,final,B-Y,False,False,False
750101310581,TLJ,3,2026-04-20,573.1482303542554,648.2109550403845,1089.25732064803,1383.8814894885077,1455.694767432462,lgbm,2026-03-30,107,final,B-Y,False,False,False
750101310581,TLJ,4,2026-04-27,581.6216630016891,640.5509745907568,1116.9596856699095,1501.8939637448045,1534.6206534456117,lgbm,2026-03-30,107,final,B-Y,False,False,False
750101310581,TLJ,5,2026-05-04,449.17095066370706,533.965907048187,993.6720971625031,1377.1495636498767,1473.4557348820629,lgbm,2026-03-30,107,final,B-Y,False,False,False
750101310581,TLJ,6,2026-05-11,456.80722316529983,517.4224516246992,1031.372453512197,1385.4040548488372,1490.7526747225838,lgbm,2026-03-30,107,final,B-Y,False,False,False
750101310581,TLJ,7,2026-05-18,492.7163802085185,605.0921527470222,966.6792240110699,1233.7396137816738,1387.743973067179,lgbm,2026-03-30,107,final,B-Y,False,False,False
750101310581,TLJ,8,2026-05-25,433.6636153473192,481.15728796776045,945.9715265240435,1275.5437626267303,1403.6941885974238,lgbm,2026-03-30,107,final,B-Y,False,False,False
750101310581,VHSA,1,2026-04-06,146.3219835559781,184.68273649689706,294.2678449861953,353.7093257551667,403.61043383188195,lgbm,2026-03-30,107,final,B-Y,False,False,False
750101310581,VHSA,2,2026-04-13,151.97297954407367,196.75940422550892,317.9609413586213,368.28882766530756,420.38147472779616,lgbm,2026-03-30,107,final,B-Y,False,False,False
750101310581,VHSA,3,2026-04-20,143.52096240962584,169.1015374011285,299.34000217013676,379.42483695562674,415.88688789895906,lgbm,2026-03-30,107,final,B-Y,False,False,False
750101310581,VHSA,4,2026-04-27,143.63296296860287,165.00793857185016,302.3174670213896,393.4165959444466,428.6150313475782,lgbm,2026-03-30,107,final,B-Y,False,False,False
750101310581,VHSA,5,2026-05-04,127.17003162986751,158.74455909570125,266.156380115347,355.3204139891231,411.7770717993214,lgbm,2026-03-30,107,final,B-Y,False,False,False
750101310581,VHSA,6,2026-05-11,128.81587795714256,155.72090882738306,276.7492586530241,357.6699090803327,416.1116506422068,lgbm,2026-03-30,107,final,B-Y,False,False,False
750101310581,VHSA,7,2026-05-18,132.80110313841485,164.99441227982936,267.0196692946335,332.676799108208,391.96843639099467,lgbm,2026-03-30,107,final,B-Y,False,False,False
750101310581,VHSA,8,2026-05-25,127.65049155029014,155.6207725913186,270.21189644067294,338.5538517436525,398.6004967391105,lgbm,2026-03-30,107,final,B-Y,False,False,False
750101310607,CCUL,1,2026-04-06,65.16156907885428,90.48402518713525,130.37105592586602,162.5082198749472,272.85435199503513,lgbm,2026-03-30,107,final,B-Z,False,False,False
750101310607,CCUL,2,2026-04-13,64.00581795052366,88.28821869410001,130.4767752263249,162.55412628174804,268.39851978599717,lgbm,2026-03-30,107,final,B-Z,False,False,False
750101310607,CCUL,3,2026-04-20,78.89301530725834,83.93506763306766,126.25236861891666,161.68401575901106,175.05125003147032,lgbm,2026-03-30,107,final,B-Z,False,False,False
750101310607,CCUL,4,2026-04-27,80.21225997111699,83.17521106530188,127.20089523026583,166.60862160512607,174.15928658842617,lgbm,2026-03-30,107,final,B-Z,False,False,False
750101310607,CCUL,5,2026-05-04,73.50567693654567,76.30887404921208,126.79690069283753,166.33175697417988,176.28965421108475,lgbm,2026-03-30,107,final,B-Z,False,False,False
750101310607,CCUL,6,2026-05-11,68.15860415889799,73.54053622991061,130.46940488310767,173.0877901673136,179.2020187842901,lgbm,2026-03-30,107,final,B-Z,False,False,False
750101310607,CCUL,7,2026-05-18,58.70431333000923,80.07917434492173,128.83842815926414,167.43535608718926,265.3282492193159,lgbm,2026-03-30,107,final,B-Z,False,False,False
750101310607,CCUL,8,2026-05-25,56.50475793298644,80.02257524086825,128.16113866591093,171.068771917529,267.8325491050935,lgbm,2026-03-30,107,final,B-Z,False,False,False
750101310607,CMD2,1,2026-04-06,1011.618424885164,1061.8624564766596,1291.532453453273,1503.459239445487,1615.9048126960288,lgbm,2026-03-30,107,final,B-Z,False,False,False
750101310607,CMD2,2,2026-04-13,1021.1665831508271,1071.3614808039958,1297.4235722688734,1521.3318510274864,1644.6027623697066,lgbm,2026-03-30,107,final,B-Z,False,False,False
750101310607,CMD2,3,2026-04-20,1010.7405357010282,1064.1341522897897,1278.0556804575497,1515.023016481175,1652.4349722492993,lgbm,2026-03-30,107,final,B-Z,False,False,False
750101310607,CMD2,4,2026-04-27,996.1588228597756,1056.3673409140497,1295.0888484719524,1573.7744011415602,1671.4101252208022,lgbm,2026-03-30,107,final,B-Z,False,False,False
750101310607,CMD2,5,2026-05-04,980.0188943660257,1034.4511207556843,1315.3044614722235,1555.8907912583668,1654.797713068955,lgbm,2026-03-30,107,final,B-Z,False,False,False
750101310607,CMD2,6,2026-05-11,962.4645333343594,1023.754220844312,1352.8105939079658,1639.471328299977,1748.6174819784262,lgbm,2026-03-30,107,final,B-Z,False,False,False
750101310607,CMD2,7,2026-05-18,969.6841058114285,1024.8052040687428,1340.5823076955369,1577.3718951861324,1625.5849690510627,lgbm,2026-03-30,107,final,B-Z,False,False,False
750101310607,CMD2,8,2026-05-25,931.767935202825,1000.7631405100442,1324.646295448435,1636.9669655337866,1658.921260386533,lgbm,2026-03-30,107,final,B-Z,False,False,False
750101310607,MXLI,1,2026-04-06,49.515000432114064,68.68326269910935,103.80422889343711,144.82544559868774,203.34184458533247,lgbm,2026-03-30,107,final,B-Z,False,False,False
750101310607,MXLI,2,2026-04-13,48.89267522433997,68.66085866746619,104.64307960244109,144.61127618127745,198.58874857496943,lgbm,2026-03-30,107,final,B-Z,False,False,False
750101310607,MXLI,3,2026-04-20,52.59843810200047,65.89242224798194,104.35330236237269,150.37980533793694,203.18392767916586,lgbm,2026-03-30,107,final,B-Z,False,False,False
750101310607,MXLI,4,2026-04-27,42.74706002345165,60.23118445148447,104.91203751081187,153.35606315007385,201.05940096936484,lgbm,2026-03-30,107,final,B-Z,False,False,False
750101310607,MXLI,5,2026-05-04,47.803755605343106,63.80995801147537,105.23159348226146,154.57228732224684,206.58980745449642,lgbm,2026-03-30,107,final,B-Z,False,False,False
750101310607,MXLI,6,2026-05-11,30.554671547424142,63.28692227030362,109.44392405165185,158.12510721542557,290.0942346195995,lgbm,2026-03-30,107,final,B-Z,False,False,False
750101310607,MXLI,7,2026-05-18,32.893784127379796,62.17595027127301,107.15295693034989,155.44705284304757,283.30268760368295,lgbm,2026-03-30,107,final,B-Z,False,False,False
750101310607,MXLI,8,2026-05-25,30.28615038756984,63.35326870083119,105.69670794515005,156.6841624100244,282.8859822449537,lgbm,2026-03-30,107,final,B-Z,False,False,False
750101310607,TLJ,1,2026-04-06,184.68088743314766,192.81337528100136,255.16928544471622,310.70085410595823,333.3554289412098,lgbm,2026-03-30,107,final,B-Z,False,False,False
750101310607,TLJ,2,2026-04-13,176.27600433212615,184.23265194434435,254.95245159219618,315.121347709309,327.17835853840955,lgbm,2026-03-30,107,final,B-Z,False,False,False
750101310607,TLJ,3,2026-04-20,179.80330286007606,180.9885125686395,247.0816952129707,313.41649741565885,328.0081630746925,lgbm,2026-03-30,107,final,B-Z,False,False,False
750101310607,TLJ,4,2026-04-27,174.00102537553957,177.0351830172106,251.44011690014707,323.3080073242269,332.224113350794,lgbm,2026-03-30,107,final,B-Z,False,False,False
750101310607,TLJ,5,2026-05-04,174.62386246448574,177.21172195692097,253.19772727425138,321.69197276584407,336.83000583850503,lgbm,2026-03-30,107,final,B-Z,False,False,False
750101310607,TLJ,6,2026-05-11,153.57752045488579,156.05996937026683,255.44670895237286,340.08129877233114,344.5267836816251,lgbm,2026-03-30,107,final,B-Z,False,False,False
750101310607,TLJ,7,2026-05-18,172.32956982741968,172.91853052847944,257.07517380991567,323.12905554346383,326.41756892239204,lgbm,2026-03-30,107,final,B-Z,False,False,False
750101310607,TLJ,8,2026-05-25,170.2456299892822,177.9271274937618,257.88958479929323,331.6103708841433,332.5920873160789,lgbm,2026-03-30,107,final,B-Z,False,False,False
750101310621,CMD2,1,2026-04-06,783.8934418444327,820.5071988714641,990.4789293146794,1222.0686568093456,1307.6145170427292,lgbm,2026-03-30,107,final,B-Z,False,False,False
750101310621,CMD2,2,2026-04-13,781.4211399182736,804.297287750271,996.9879165939361,1262.7896987277534,1337.576495703405,lgbm,2026-03-30,107,final,B-Z,False,False,False
750101310621,CMD2,3,2026-04-20,764.3929374620179,795.7646181909442,998.0362207316011,1284.625234007456,1373.9955403390593,lgbm,2026-03-30,107,final,B-Z,False,False,False
750101310621,CMD2,4,2026-04-27,775.3479192953554,792.7156482182298,1026.3863605133097,1346.3367878466647,1412.8450117894859,lgbm,2026-03-30,107,final,B-Z,False,False,False
750101310621,CMD2,5,2026-05-04,712.1688490973269,792.410694690044,1003.4961422037603,1328.0396415366974,1435.8309814216311,lgbm,2026-03-30,107,final,B-Z,False,False,False
750101310621,CMD2,6,2026-05-11,698.5516888716744,748.4086834048775,1026.4608649994623,1408.2207356525103,1508.1053738050923,lgbm,2026-03-30,107,final,B-Z,False,False,False
750101310621,CMD2,7,2026-05-18,689.5919334066512,748.9293805388385,1013.1868330097178,1350.641934978112,1408.5275574821335,lgbm,2026-03-30,107,final,B-Z,False,False,False
750101310621,CMD2,8,2026-05-25,677.4489569884072,750.9864094993269,1007.7816123803053,1390.1904299845717,1432.087854726552,lgbm,2026-03-30,107,final,B-Z,False,False,False
750101310621,CMTY,1,2026-04-06,137.18335456998787,143.73529105150317,188.09809736485212,253.5758302597863,270.4522432146205,lgbm,2026-03-30,107,final,B-Z,False,False,False
750101310621,CMTY,2,2026-04-13,135.68709392442832,139.74047691333269,188.74909560933182,257.58499721670466,272.1962940872896,lgbm,2026-03-30,107,final,B-Z,False,False,False
750101310621,CMTY,3,2026-04-20,133.4184310360649,141.44052928863064,190.03719179200374,262.5538461855367,279.6642497076338,lgbm,2026-03-30,107,final,B-Z,False,False,False
750101310621,CMTY,4,2026-04-27,132.8406415804262,135.11135610490592,190.5141972558498,273.50521477811856,282.5131351137479,lgbm,2026-03-30,107,final,B-Z,False,False,False
750101310621,CMTY,5,2026-05-04,120.99019724617293,137.95666764378066,185.70339552804316,270.2143023375711,292.5574540923136,lgbm,2026-03-30,107,final,B-Z,False,False,False
750101310621,CMTY,6,2026-05-11,116.68001590483047,128.18708935195016,189.95864176739627,284.54882830024667,298.56982197173056,lgbm,2026-03-30,107,final,B-Z,False,False,False
750101310621,CMTY,7,2026-05-18,116.60173228893919,132.9883392425203,188.66979348738437,272.8912908926886,291.49752318914125,lgbm,2026-03-30,107,final,B-Z,False,False,False
750101310621,CMTY,8,2026-05-25,114.57762882321268,128.17729539197302,188.09474981280025,277.01538499820174,295.79289093912024,lgbm,2026-03-30,107,final,B-Z,False,False,False
750101310621,MXLI,1,2026-04-06,27.33201695575521,31.88112442184535,53.34858978575243,77.52082430288083,84.98988853471448,lgbm,2026-03-30,107,final,B-Z,False,False,False
750101310621,MXLI,2,2026-04-13,26.84273589044102,31.616931524312854,53.06088953976394,77.58686423152147,81.87071674481943,lgbm,2026-03-30,107,final,B-Z,False,False,False
750101310621,MXLI,3,2026-04-20,26.936752563216356,30.59033846773037,53.59777911815829,80.0564964035702,84.69240493801945,lgbm,2026-03-30,107,final,B-Z,False,False,False
750101310621,MXLI,4,2026-04-27,26.945323675489483,29.285585676106237,54.98981564000133,82.76758200323916,86.67445409723263,lgbm,2026-03-30,107,final,B-Z,False,False,False
750101310621,MXLI,5,2026-05-04,23.569859564333825,30.15790982609634,53.83705469005528,82.2246358806675,89.7983962717721,lgbm,2026-03-30,107,final,B-Z,False,False,False
750101310621,MXLI,6,2026-05-11,22.59353704992482,28.476411975072637,54.73470639474453,85.15191748043195,92.38968807265965,lgbm,2026-03-30,107,final,B-Z,False,False,False
750101310621,MXLI,7,2026-05-18,0.0,26.8877357716475,55.45081955376852,92.07474756080914,315.6747303228015,lgbm,2026-03-30,107,final,B-Z,False,False,False
750101310621,MXLI,8,2026-05-25,0.0,26.49732541626522,53.69224583913702,88.26921217913632,316.841131817585,lgbm,2026-03-30,107,final,B-Z,False,False,False
750101310621,TLJ,1,2026-04-06,132.1796166443945,139.01518217507675,199.24665596685418,272.32650546042095,284.46830520362363,lgbm,2026-03-30,107,final,B-Z,False,False,False
750101310621,TLJ,2,2026-04-13,129.3592661688592,135.1049596037554,200.27771564914104,276.6440721011524,289.968003827711,lgbm,2026-03-30,107,final,B-Z,False,False,False
750101310621,TLJ,3,2026-04-20,130.33376437677913,133.93626902518963,201.67013788978971,284.2744869339152,295.3407328206711,lgbm,2026-03-30,107,final,B-Z,False,False,False
750101310621,TLJ,4,2026-04-27,124.62005990969563,132.601950949565,201.1243059604393,294.6752567356287,299.16343744147804,lgbm,2026-03-30,107,final,B-Z,False,False,False
750101310621,TLJ,5,2026-05-04,117.25063388002691,132.3440428803417,201.568897850436,291.5202582349892,306.0201083799748,lgbm,2026-03-30,107,final,B-Z,False,False,False
750101310621,TLJ,6,2026-05-11,107.33092371610618,123.42817264482966,200.89383636741417,308.2408237335214,314.451233036674,lgbm,2026-03-30,107,final,B-Z,False,False,False
750101310621,TLJ,7,2026-05-18,112.89690915233439,129.89958334261365,203.94270763342635,297.3339392919534,301.9198141412811,lgbm,2026-03-30,107,final,B-Z,False,False,False
750101310621,TLJ,8,2026-05-25,104.75391295118663,123.3321159786376,196.92964526783356,304.43375435849646,308.83044251118156,lgbm,2026-03-30,107,final,B-Z,False,False,False
750101310621,VHSA,1,2026-04-06,102.36318583278742,111.17647686910732,161.11426779697874,217.40565934506736,227.6769904001452,lgbm,2026-03-30,107,final,B-Z,False,False,False
750101310621,VHSA,2,2026-04-13,98.70425769718203,105.31480928570659,160.46813874883534,220.51602857146182,222.05450279296969,lgbm,2026-03-30,107,final,B-Z,False,False,False
750101310621,VHSA,3,2026-04-20,97.09445580394654,105.79627744495133,158.29669765509527,219.33259568416145,224.65584872247425,lgbm,2026-03-30,107,final,B-Z,False,False,False
750101310621,VHSA,4,2026-04-27,95.35397463683513,103.62722892191606,158.46059098260318,221.03231361596747,225.88172526387743,lgbm,2026-03-30,107,final,B-Z,False,False,False
750101310621,VHSA,5,2026-05-04,90.19522257150888,104.04752515532012,156.7999255456967,221.49375981535132,229.78458500349447,lgbm,2026-03-30,107,final,B-Z,False,False,False
750101310621,VHSA,6,2026-05-11,84.81138123091921,98.0417151611172,159.42837670792,234.19779863880086,239.79858660988953,lgbm,2026-03-30,107,final,B-Z,False,False,False
750101310621,VHSA,7,2026-05-18,91.15782722862048,105.27642213895086,162.77726335367842,230.39212504432868,235.84632273233828,lgbm,2026-03-30,107,final,B-Z,False,False,False
750101310621,VHSA,8,2026-05-25,80.74701592727199,97.21866748462921,156.2543591619051,231.6441547403115,238.42172102561892,lgbm,2026-03-30,107,final,B-Z,False,False,False
750101310624,CMD2,1,2026-04-06,459.07536565446924,508.28676238437674,638.586769499784,762.5871102673385,839.5812317173605,lgbm,2026-03-30,107,final,B-Z,False,False,False
750101310624,CMD2,2,2026-04-13,453.9848489487123,519.2973289533403,701.2900743863639,837.0718143812994,916.5284287584212,lgbm,2026-03-30,107,final,B-Z,False,False,False
750101310624,CMD2,3,2026-04-20,456.42519551146614,489.6014835710494,636.3016497819285,797.8467141430777,866.0313650007474,lgbm,2026-03-30,107,final,B-Z,False,False,False
750101310624,CMD2,4,2026-04-27,463.51932433238767,513.7925555496863,696.8607491585605,853.6451288754381,903.0756281368692,lgbm,2026-03-30,107,final,B-Z,False,False,False
750101310624,CMD2,5,2026-05-04,416.0750758104919,464.36047828167386,622.6408448788192,819.0111250676133,896.4272886404585,lgbm,2026-03-30,107,final,B-Z,False,False,False
750101310624,CMD2,6,2026-05-11,400.51123159108374,474.5860761384618,670.8574078474273,859.3087717113772,943.9688227516191,lgbm,2026-03-30,107,final,B-Z,False,False,False
750101310624,CMD2,7,2026-05-18,401.11547677533656,462.0586203935021,615.4674857661496,736.9483318602992,845.8374225017482,lgbm,2026-03-30,107,final,B-Z,False,False,False
750101310624,CMD2,8,2026-05-25,384.4268596219699,463.26492826970156,622.5552911524023,776.2293745110776,892.4038110883401,lgbm,2026-03-30,107,final,B-Z,False,False,False
750101310624,CMTY,1,2026-04-06,61.67372695557961,72.16250050880942,104.12923957893577,152.62726348104354,159.47691774881926,lgbm,2026-03-30,107,final,B-Z,False,False,False
750101310624,CMTY,2,2026-04-13,63.12869925675981,75.18337036243129,109.34355793751504,148.65308400340717,157.64774893949738,lgbm,2026-03-30,107,final,B-Z,False,False,False
750101310624,CMTY,3,2026-04-20,59.443686681659884,70.84550375473326,110.27427858576623,159.70717615963292,169.1876120347048,lgbm,2026-03-30,107,final,B-Z,False,False,False
750101310624,CMTY,4,2026-04-27,68.13859293695461,80.23010841675413,126.37755292736938,165.7851259349358,172.71930370552536,lgbm,2026-03-30,107,final,B-Z,False,False,False
750101310624,CMTY,5,2026-05-04,55.172695416986876,64.2401942019787,103.75846491254222,163.95932978237062,171.39815329734748,lgbm,2026-03-30,107,final,B-Z,False,False,False
750101310624,CMTY,6,2026-05-11,59.19895750654371,73.65290402413234,122.33543640183511,164.4995401915113,174.95693532760754,lgbm,2026-03-30,107,final,B-Z,False,False,False
750101310624,CMTY,7,2026-05-18,55.19682294288276,68.4867107439853,113.7734756879862,153.12450007915834,170.8023250307858,lgbm,2026-03-30,107,final,B-Z,False,False,False
750101310624,CMTY,8,2026-05-25,55.49726852105241,67.93812373546228,104.48432108291343,150.39637786851384,161.4725273356752,lgbm,2026-03-30,107,final,B-Z,False,False,False
750101310624,TLJ,1,2026-04-06,88.87029299956681,100.47319883671457,140.71596501634107,171.21118982948553,182.7824505615736,lgbm,2026-03-30,107,final,B-Z,False,False,False
750101310624,TLJ,2,2026-04-13,84.44915335211947,99.06954533549884,150.43711287355598,184.87401939102978,198.4957735277588,lgbm,2026-03-30,107,final,B-Z,False,False,False
750101310624,TLJ,3,2026-04-20,86.68366545409822,93.20007562397564,142.45692105912693,185.85059098674333,196.74246140361126,lgbm,2026-03-30,107,final,B-Z,False,False,False
750101310624,TLJ,4,2026-04-27,86.21999430807328,100.18489665438574,147.5277251783741,188.0030997646068,198.73672460115523,lgbm,2026-03-30,107,final,B-Z,False,False,False
750101310624,TLJ,5,2026-05-04,78.8092563182321,90.55842345826451,135.0783649080324,175.39259708882793,193.06667220868354,lgbm,2026-03-30,107,final,B-Z,False,False,False
750101310624,TLJ,6,2026-05-11,79.36057791350515,92.99475259641159,146.67689381788006,184.92947015111065,197.1110381420656,lgbm,2026-03-30,107,final,B-Z,False,False,False
750101310624,TLJ,7,2026-05-18,73.85426377793335,85.92306866594228,120.33732211704756,157.7874563207965,177.81125906764788,lgbm,2026-03-30,107,final,B-Z,False,False,False
750101310624,TLJ,8,2026-05-25,71.76915262091057,87.9180869271122,129.31422158062892,172.84107334091598,193.88706171056677,lgbm,2026-03-30,107,final,B-Z,False,False,False
750101310624,VHSA,1,2026-04-06,56.66330507435856,61.49349257196194,105.04410735086002,151.8983256535109,160.5826933166691,lgbm,2026-03-30,107,final,B-Z,False,False,False
750101310624,VHSA,2,2026-04-13,58.63279293575356,65.45147482948647,114.08079012835658,155.0799322794933,163.98473203454316,lgbm,2026-03-30,107,final,B-Z,False,False,False
750101310624,VHSA,3,2026-04-20,43.13934149375633,59.658849388658666,107.5758678468272,165.97135832575054,224.59233735343219,lgbm,2026-03-30,107,final,B-Z,False,False,False
750101310624,VHSA,4,2026-04-27,47.16343799413437,70.7194803025818,123.6970896212217,173.97143442503557,235.25298817800115,lgbm,2026-03-30,107,final,B-Z,False,False,False
750101310624,VHSA,5,2026-05-04,40.172402147114255,58.54780541473288,104.35528168116954,162.96798596074873,222.8148918563897,lgbm,2026-03-30,107,final,B-Z,False,False,False
750101310624,VHSA,6,2026-05-11,41.336282565072494,62.01997054963897,112.99777992718192,169.5331603081562,225.58363076966367,lgbm,2026-03-30,107,final,B-Z,False,False,False
750101310624,VHSA,7,2026-05-18,39.76471375728893,60.042460231340485,102.51566976471557,155.85999390959353,217.9307113057813,lgbm,2026-03-30,107,final,B-Z,False,False,False
750101310624,VHSA,8,2026-05-25,52.35376051526002,62.95032807826772,100.41204760596112,149.22782704248598,157.4654087771191,lgbm,2026-03-30,107,final,B-Z,False,False,False
750101310689,CCUL,1,2026-04-06,429.28607899780536,468.1410213556372,589.6145412527804,695.1405855651856,706.6608911874112,lgbm,2026-03-30,107,final,B-Z,False,False,False
750101310689,CCUL,2,2026-04-13,451.14765983201414,500.06841536189654,639.0729035234929,724.8081319373447,737.7144135495922,lgbm,2026-03-30,107,final,B-Z,False,False,False
750101310689,CCUL,3,2026-04-20,417.1284262589091,450.1507900177034,586.7779821560858,700.8349974665534,707.454998561671,lgbm,2026-03-30,107,final,B-Z,False,False,False
750101310689,CCUL,4,2026-04-27,431.68109973164303,471.11464311155214,630.7765529020104,716.6756122974655,739.0806617530634,lgbm,2026-03-30,107,final,B-Z,False,False,False
750101310689,CCUL,5,2026-05-04,423.69643554085087,453.3289784530337,616.736758440117,712.3411530130062,726.1016308580946,lgbm,2026-03-30,107,final,B-Z,False,False,False
750101310689,CCUL,6,2026-05-11,410.432045450836,457.7062217155089,625.683183867231,737.1409667395297,758.9710807621893,lgbm,2026-03-30,107,final,B-Z,False,False,False
750101310689,CCUL,7,2026-05-18,396.85876284513597,445.55889078111977,613.4817889880175,720.458785025527,735.428434168565,lgbm,2026-03-30,107,final,B-Z,False,False,False
750101310689,CCUL,8,2026-05-25,0.0,475.3407560017613,643.2711978727599,767.979372857334,5619.864628845568,lgbm,2026-03-30,107,final,B-Z,False,False,False
750101310689,CMD2,1,2026-04-06,4669.422422585436,5180.971381544374,5754.0854255404765,6276.346049866072,6554.44319693379,lgbm,2026-03-30,107,final,B-Z,False,False,False
750101310689,CMD2,2,2026-04-13,4859.392091761967,5183.017486156738,6038.851257691534,6811.8481905829485,7015.306881492987,lgbm,2026-03-30,107,final,B-Z,False,False,False
750101310689,CMD2,3,2026-04-20,4604.504109438079,5018.604241970299,5758.589130424889,6335.03605134246,6660.638379222832,lgbm,2026-03-30,107,final,B-Z,False,False,False
750101310689,CMD2,4,2026-04-27,4939.04405377952,5290.947382955609,6466.92525332296,6812.653085852927,7091.9009911629255,lgbm,2026-03-30,107,final,B-Z,False,False,False
750101310689,CMD2,5,2026-05-04,4667.371447482224,4997.86693232393,5988.741760954882,6525.26460250145,6729.420748857312,lgbm,2026-03-30,107,final,B-Z,False,False,False
750101310689,CMD2,6,2026-05-11,4706.905134185321,5120.131125575893,6383.529998671067,7028.93382416935,7462.311361718718,lgbm,2026-03-30,107,final,B-Z,False,False,False
750101310689,CMD2,7,2026-05-18,4508.8494764631305,4989.201082072688,6244.8138545094935,6687.027418621309,7004.231081368774,lgbm,2026-03-30,107,final,B-Z,False,False,False
750101310689,CMD2,8,2026-05-25,4489.371809354663,4986.585013458545,5999.397582471007,6961.735900915872,7343.553789360275,lgbm,2026-03-30,107,final,B-Z,False,False,False
750101310689,CMTY,1,2026-04-06,628.4992513753737,691.7723474942889,812.0891417883071,918.6546255588346,946.6853206234496,lgbm,2026-03-30,107,final,B-Z,False,False,False
750101310689,CMTY,2,2026-04-13,675.1768471299139,700.6603877279789,849.6556039441246,995.0091201201351,1001.7650328620141,lgbm,2026-03-30,107,final,B-Z,False,False,False
750101310689,CMTY,3,2026-04-20,649.0788842072295,671.7913516731414,818.7061231934655,952.1208010937539,968.2534007093635,lgbm,2026-03-30,107,final,B-Z,False,False,False
750101310689,CMTY,4,2026-04-27,704.5094826933728,751.1379642099232,934.9584714332397,987.5549416667438,1023.4437127376776,lgbm,2026-03-30,107,final,B-Z,False,False,False
750101310689,CMTY,5,2026-05-04,647.7037170485255,670.6212621176684,838.7780173060081,974.4772590953643,979.7553902832815,lgbm,2026-03-30,107,final,B-Z,False,False,False
750101310689,CMTY,6,2026-05-11,652.0761797610767,687.8998259005584,872.236427760954,1038.0216770074232,1073.209586129696,lgbm,2026-03-30,107,final,B-Z,False,False,False
750101310689,CMTY,7,2026-05-18,629.9147807439414,670.1800488650242,876.4678051662877,1009.1555774921653,1017.586206534305,lgbm,2026-03-30,107,final,B-Z,False,False,False
750101310689,CMTY,8,2026-05-25,0.0,727.6925367031494,948.5580146067645,1046.0859554170513,8107.198200948644,lgbm,2026-03-30,107,final,B-Z,False,False,False
750101310689,MXLI,1,2026-04-06,438.6716536554248,490.95347978077825,618.6674040862636,720.5142401604863,756.1406611407541,lgbm,2026-03-30,107,final,B-Z,False,False,False
750101310689,MXLI,2,2026-04-13,441.47135102280043,496.3189609511448,637.3728916703985,752.7166995149722,779.6987754107303,lgbm,2026-03-30,107,final,B-Z,False,False,False
750101310689,MXLI,3,2026-04-20,422.82391571534436,472.66509976310425,615.8294078713245,715.0344424651564,741.7493784944975,lgbm,2026-03-30,107,final,B-Z,False,False,False
750101310689,MXLI,4,2026-04-27,436.09197853929413,491.53589074888595,662.1482195775727,740.7150352208043,781.1505961421315,lgbm,2026-03-30,107,final,B-Z,False,False,False
750101310689,MXLI,5,2026-05-04,410.4154624573382,465.60617277043417,628.6634728447083,711.9077959196587,742.3956914019865,lgbm,2026-03-30,107,final,B-Z,False,False,False
750101310689,MXLI,6,2026-05-11,358.58396202450564,449.3941562974619,637.6210404768879,736.9459032943954,763.0852952533676,lgbm,2026-03-30,107,final,B-Z,False,False,False
750101310689,MXLI,7,2026-05-18,406.7404490064455,470.62310318199883,639.4703174322877,727.2149315953942,777.8940696943645,lgbm,2026-03-30,107,final,B-Z,False,False,False
750101310689,MXLI,8,2026-05-25,392.13805547464597,479.58269659383933,630.8910058090293,752.123805356625,813.7550176583646,lgbm,2026-03-30,107,final,B-Z,False,False,False
750101310689,TLJ,1,2026-04-06,1209.0106657399558,1283.0288357437678,1561.1402977525916,1780.5221051261378,1789.4347486669822,lgbm,2026-03-30,107,final,B-Z,False,False,False
750101310689,TLJ,2,2026-04-13,1270.8003821404757,1338.9138101596468,1653.126226590716,1908.447352219807,1932.864346597343,lgbm,2026-03-30,107,final,B-Z,False,False,False
750101310689,TLJ,3,2026-04-20,1213.3842460597011,1236.354897080292,1598.0219265540072,1857.1613922971271,1872.3090084491405,lgbm,2026-03-30,107,final,B-Z,False,False,False
750101310689,TLJ,4,2026-04-27,1270.3697835524433,1323.3942806718608,1760.6330564300763,1905.0219155275897,1970.2117635627608,lgbm,2026-03-30,107,final,B-Z,False,False,False
750101310689,TLJ,5,2026-05-04,1159.19855903113,1237.4738674207192,1613.6021823178178,1812.8353008229064,1835.185502591166,lgbm,2026-03-30,107,final,B-Z,False,False,False
750101310689,TLJ,6,2026-05-11,1163.8634493713294,1255.2337866003593,1674.5968907270012,1917.551944886114,2000.3300956554708,lgbm,2026-03-30,107,final,B-Z,False,False,False
750101310689,TLJ,7,2026-05-18,1156.8267397353675,1239.8618253645116,1675.4791628133196,1895.3220807447697,1949.3184060010408,lgbm,2026-03-30,107,final,B-Z,False,False,False
750101310689,TLJ,8,2026-05-25,0.0,1288.655892639246,1725.5045655199904,2007.720042137439,15213.826274766629,lgbm,2026-03-30,107,final,B-Z,False,False,False
750101310689,VHSA,1,2026-04-06,680.251414226465,752.1679447545874,907.243572538232,1042.562023279443,1083.1745331461796,lgbm,2026-03-30,107,final,B-Z,False,False,False
750101310689,VHSA,2,2026-04-13,731.4263928864177,771.3045585455216,951.6549231986813,1125.617300414117,1157.930748066688,lgbm,2026-03-30,107,final,B-Z,False,False,False
750101310689,VHSA,3,2026-04-20,675.0316790753851,738.9013065058248,901.7751229130525,1043.4690089495452,1084.1012185164407,lgbm,2026-03-30,107,final,B-Z,False,False,False
750101310689,VHSA,4,2026-04-27,715.963925893428,761.9421988849275,972.5077829525572,1104.754048525126,1136.8921902177074,lgbm,2026-03-30,107,final,B-Z,False,False,False
750101310689,VHSA,5,2026-05-04,679.2028824673864,739.9138033650543,921.1434488548854,1074.0499275401658,1109.008177776397,lgbm,2026-03-30,107,final,B-Z,False,False,False
750101310689,VHSA,6,2026-05-11,670.101508792807,742.1173712571876,953.9901098200446,1122.0501005130454,1169.4325670845697,lgbm,2026-03-30,107,final,B-Z,False,False,False
750101310689,VHSA,7,2026-05-18,684.630454110824,739.1620293254834,962.3096941865854,1128.5773086704128,1140.4359545552704,lgbm,2026-03-30,107,final,B-Z,False,False,False
750101310689,VHSA,8,2026-05-25,0.0,812.3957553008643,1069.3513773175305,1176.0330337804153,9300.088324323171,lgbm,2026-03-30,107,final,B-Z,False,False,False
750101310690,CCUL,1,2026-04-06,271.5454370630991,286.1855592979984,347.28764901263196,422.97551538968,432.8294234641723,lgbm,2026-03-30,107,final,B-Z,False,False,False
750101310690,CCUL,2,2026-04-13,284.4348970832049,296.37599750081023,365.86520022783697,444.77457410708786,462.17490676974677,lgbm,2026-03-30,107,final,B-Z,False,False,False
750101310690,CCUL,3,2026-04-20,270.7847745465955,284.7018835015141,339.0963092489215,411.3920415334742,432.08621591067833,lgbm,2026-03-30,107,final,B-Z,False,False,False
750101310690,CCUL,4,2026-04-27,284.96998475826405,300.4717043859188,365.5517023498979,434.93646846777943,468.1582006742584,lgbm,2026-03-30,107,final,B-Z,False,False,False
750101310690,CCUL,5,2026-05-04,270.01548005452923,286.2235728293247,344.70751037850613,417.30837076624323,442.8374422302313,lgbm,2026-03-30,107,final,B-Z,False,False,False
750101310690,CCUL,6,2026-05-11,270.4532537559504,285.41868523673264,370.99105476691517,458.9084021564294,481.4919839592582,lgbm,2026-03-30,107,final,B-Z,False,False,False
750101310690,CCUL,7,2026-05-18,266.9547200448827,287.8084288814279,355.6770635486941,436.2632979489497,465.9850980004078,lgbm,2026-03-30,107,final,B-Z,False,False,False
750101310690,CCUL,8,2026-05-25,0.0,314.4984618555483,389.0065694045556,458.68077867797575,3576.1051199219246,lgbm,2026-03-30,107,final,B-Z,False,False,False
750101310690,CMD2,1,2026-04-06,2230.003784730369,2293.9837776197605,2536.2544096215656,2768.3385614964914,2898.9619799926936,lgbm,2026-03-30,107,final,B-Z,False,False,False
750101310690,CMD2,2,2026-04-13,2284.982175663748,2309.8330733114244,2673.513505768845,3123.6692824426113,3247.618792916199,lgbm,2026-03-30,107,final,B-Z,False,False,False
750101310690,CMD2,3,2026-04-20,2218.8798172103657,2277.763238947488,2486.0445671427415,2845.1520328103948,2978.9627943941323,lgbm,2026-03-30,107,final,B-Z,False,False,False
750101310690,CMD2,4,2026-04-27,2376.1450742456273,2416.671573906511,2736.8876930378196,3127.518606371783,3264.236708634812,lgbm,2026-03-30,107,final,B-Z,False,False,False
750101310690,CMD2,5,2026-05-04,2230.154062744291,2305.089527047177,2537.3070394983793,2827.311005408462,3014.981772047303,lgbm,2026-03-30,107,final,B-Z,False,False,False
750101310690,CMD2,6,2026-05-11,2233.2629771847865,2263.1529446364007,2728.304159961066,3287.819771399112,3322.487379305322,lgbm,2026-03-30,107,final,B-Z,False,False,False
750101310690,CMD2,7,2026-05-18,2228.993824479594,2322.6855867202494,2656.9134275539354,3067.714213046377,3174.5944244357142,lgbm,2026-03-30,107,final,B-Z,False,False,False
750101310690,CMD2,8,2026-05-25,2284.1368357954902,2364.291353329997,2784.234721103325,3314.286089905128,3375.371858632384,lgbm,2026-03-30,107,final,B-Z,False,False,False
750101310690,CMTY,1,2026-04-06,400.59076911355413,409.50708855754345,477.09346571854036,551.2203998329037,580.6601593830818,lgbm,2026-03-30,107,final,B-Z,False,False,False
750101310690,CMTY,2,2026-04-13,409.92120080979566,411.4954174332427,496.56947399823133,597.4725383522509,613.5780663035648,lgbm,2026-03-30,107,final,B-Z,False,False,False
750101310690,CMTY,3,2026-04-20,389.15591200041183,403.6891166480343,466.25803890579357,547.5244089295778,573.5662818508446,lgbm,2026-03-30,107,final,B-Z,False,False,False
750101310690,CMTY,4,2026-04-27,426.1025004202606,431.6717178206282,506.6086379613612,591.1375352137156,625.1051453611311,lgbm,2026-03-30,107,final,B-Z,False,False,False
750101310690,CMTY,5,2026-05-04,410.6747383610907,418.9520866921246,488.4128098913174,566.307647283988,592.3442872840476,lgbm,2026-03-30,107,final,B-Z,False,False,False
750101310690,CMTY,6,2026-05-11,401.74246722181675,402.06257970100717,512.6908285035096,631.8109750863485,632.8729506522731,lgbm,2026-03-30,107,final,B-Z,False,False,False
750101310690,CMTY,7,2026-05-18,402.1897380636188,414.3023942632715,496.66731049892894,589.9215656334615,606.5631608613146,lgbm,2026-03-30,107,final,B-Z,False,False,False
750101310690,CMTY,8,2026-05-25,0.0,429.24207890046733,531.777835245668,625.455267382519,4900.623635911789,lgbm,2026-03-30,107,final,B-Z,False,False,False
750101310690,TLJ,1,2026-04-06,598.4510332905892,612.382744032955,721.1790169274825,849.0128784388949,888.0416343414042,lgbm,2026-03-30,107,final,B-Z,False,False,False
750101310690,TLJ,2,2026-04-13,634.8422576279546,635.5559972828561,764.9683620141464,914.7823681094784,924.8955951119913,lgbm,2026-03-30,107,final,B-Z,False,False,False
750101310690,TLJ,3,2026-04-20,600.0953178733025,608.9962322099805,723.1927886530232,857.7208266615226,875.3001151621218,lgbm,2026-03-30,107,final,B-Z,False,False,False
750101310690,TLJ,4,2026-04-27,660.7287935202759,664.4676468204368,783.8040346212518,928.7974266568764,938.0779566470537,lgbm,2026-03-30,107,final,B-Z,False,False,False
750101310690,TLJ,5,2026-05-04,602.5651871679096,611.7897409506376,724.6095300456235,859.9925229165101,889.7566622201531,lgbm,2026-03-30,107,final,B-Z,False,False,False
750101310690,TLJ,6,2026-05-11,0.0,623.3708285316613,791.7560257336138,1005.2224438681191,5831.632255635888,lgbm,2026-03-30,107,final,B-Z,False,False,False
750101310690,TLJ,7,2026-05-18,596.5468529454458,606.9477580586608,736.9139324961448,894.9349573170323,897.8878385664099,lgbm,2026-03-30,107,final,B-Z,False,False,False
750101310690,TLJ,8,2026-05-25,587.3956522779847,606.2382456573266,773.0951071049313,962.1001027872419,966.0806847629269,lgbm,2026-03-30,107,final,B-Z,False,False,False
750101310690,VHSA,1,2026-04-06,353.8027151907399,366.2652474150634,452.4807683435229,527.2084568162525,550.4978786318437,lgbm,2026-03-30,107,final,B-Z,False,False,False
750101310690,VHSA,2,2026-04-13,358.8852783381262,367.22185023524503,473.20174821994294,560.3234182366699,584.2286357653976,lgbm,2026-03-30,107,final,B-Z,False,False,False
750101310690,VHSA,3,2026-04-20,354.80104007312315,366.42868842154667,445.45754375115655,508.0961460137977,531.6880770414757,lgbm,2026-03-30,107,final,B-Z,False,False,False
750101310690,VHSA,4,2026-04-27,378.35430070513684,385.9215947379039,491.27017856151076,574.3682364497483,599.1636862890499,lgbm,2026-03-30,107,final,B-Z,False,False,False
750101310690,VHSA,5,2026-05-04,357.60531252346317,367.28066109328694,454.8599716100932,528.0215807773834,551.113233464666,lgbm,2026-03-30,107,final,B-Z,False,False,False
750101310690,VHSA,6,2026-05-11,349.96204014665057,355.13798660356167,483.84861477950284,583.4253770854102,585.7192713207658,lgbm,2026-03-30,107,final,B-Z,False,False,False
750101310690,VHSA,7,2026-05-18,349.635940484417,363.8305329532101,469.00436250016725,555.3652481611957,569.3080753249521,lgbm,2026-03-30,107,final,B-Z,False,False,False
750101310690,VHSA,8,2026-05-25,0.0,406.94166547877717,525.5469789059055,585.8554434227564,4648.8961703396735,lgbm,2026-03-30,107,final,B-Z,False,False,False
750101310691,CCUL,1,2026-04-06,390.2661642371471,410.04976863861674,507.120050740209,556.3457113152307,584.7977533895804,lgbm,2026-03-30,107,final,B-Z,False,False,False
750101310691,CCUL,2,2026-04-13,397.1436084329639,400.7238757372756,522.878795728863,626.811268392559,627.7872307120664,lgbm,2026-03-30,107,final,B-Z,False,False,False
750101310691,CCUL,3,2026-04-20,397.2220225330763,403.64576726058635,508.2749174910875,573.6497849856733,607.3198654135492,lgbm,2026-03-30,107,final,B-Z,False,False,False
750101310691,CCUL,4,2026-04-27,396.6032568473318,405.7425180603243,528.3237717024582,608.5159818198684,637.0707419645756,lgbm,2026-03-30,107,final,B-Z,False,False,False
750101310691,CCUL,5,2026-05-04,386.3966103887059,402.4696316633003,496.6752905964675,569.1217801792366,590.7281836520241,lgbm,2026-03-30,107,final,B-Z,False,False,False
750101310691,CCUL,6,2026-05-11,382.71791573070027,388.2971361482502,531.0634538638832,659.1414847742769,673.9704146103297,lgbm,2026-03-30,107,final,B-Z,False,False,False
750101310691,CCUL,7,2026-05-18,390.03419796743526,403.30279595750034,535.2789708281008,621.5481753348706,625.6503108424866,lgbm,2026-03-30,107,final,B-Z,False,False,False
750101310691,CCUL,8,2026-05-25,379.68491586327366,391.98042853452785,531.8039866262184,645.3712295687139,662.3126594663144,lgbm,2026-03-30,107,final,B-Z,False,False,False
750101310691,CMD2,1,2026-04-06,3839.996988256951,4004.5661532586596,4705.049530621981,4941.7692723533555,5255.015433023598,lgbm,2026-03-30,107,final,B-Z,False,False,False
750101310691,CMD2,2,2026-04-13,3902.16817574446,3968.0099893914366,4854.418771117659,5599.681750871361,5751.852344249879,lgbm,2026-03-30,107,final,B-Z,False,False,False
750101310691,CMD2,3,2026-04-20,3858.8341326636273,3908.0912782702426,4770.651761847609,5360.266153061178,5613.421680229079,lgbm,2026-03-30,107,final,B-Z,False,False,False
750101310691,CMD2,4,2026-04-27,4070.003591030621,4104.600835444438,4994.073300259401,5632.354399935843,5867.333763634512,lgbm,2026-03-30,107,final,B-Z,False,False,False
750101310691,CMD2,5,2026-05-04,3820.9904081586665,3990.0160662765516,4727.5188184501385,5180.745301951782,5561.842409027427,lgbm,2026-03-30,107,final,B-Z,False,False,False
750101310691,CMD2,6,2026-05-11,3833.492589777299,3844.725738902795,4957.163100172672,6059.843901790928,6122.946452978672,lgbm,2026-03-30,107,final,B-Z,False,False,False
750101310691,CMD2,7,2026-05-18,3794.0958899573625,3878.1455034596256,4868.443743400229,5666.992340695124,5808.350149054778,lgbm,2026-03-30,107,final,B-Z,False,False,False
750101310691,CMD2,8,2026-05-25,3810.4050401225113,3819.7146017379428,4999.902543488326,6229.188826960712,6245.12775979421,lgbm,2026-03-30,107,final,B-Z,False,False,False
750101310691,CMTY,1,2026-04-06,442.0402891538484,452.3827261477537,536.5071203189004,569.9905212276266,596.9164688174919,lgbm,2026-03-30,107,final,B-Z,False,False,False
750101310691,CMTY,2,2026-04-13,446.5286703565114,449.4241505198318,550.8151802877911,621.7152393019784,635.8551454980511,lgbm,2026-03-30,107,final,B-Z,False,False,False
750101310691,CMTY,3,2026-04-20,441.01084261689067,447.855273114984,533.0245170674247,572.5963354951474,596.1184355975819,lgbm,2026-03-30,107,final,B-Z,False,False,False
750101310691,CMTY,4,2026-04-27,455.81198129281734,466.30825785943193,559.5992825091474,620.8591573421191,647.9136394785344,lgbm,2026-03-30,107,final,B-Z,False,False,False
750101310691,CMTY,5,2026-05-04,437.8539520809496,447.30649484702303,541.2995565366027,594.6909485897853,624.0664027629757,lgbm,2026-03-30,107,final,B-Z,False,False,False
750101310691,CMTY,6,2026-05-11,425.80609747768744,430.73679125262845,560.361042610266,686.0145349004157,696.6601009885538,lgbm,2026-03-30,107,final,B-Z,False,False,False
750101310691,CMTY,7,2026-05-18,438.72199544238697,440.1210248912361,573.8702672207003,657.8640245632463,660.5168824434384,lgbm,2026-03-30,107,final,B-Z,False,False,False
750101310691,CMTY,8,2026-05-25,428.9213597692998,433.2108951780695,580.9385383855822,691.622294061175,707.0786062122384,lgbm,2026-03-30,107,final,B-Z,False,False,False
750101310691,MXLI,1,2026-04-06,267.24085056515935,281.5512082395286,351.94312864296074,418.25890744058955,432.16631728515887,lgbm,2026-03-30,107,final,B-Z,False,False,False
750101310691,MXLI,2,2026-04-13,267.1983348673107,275.2378035632914,367.4371731776469,444.49393145690345,463.86666504469764,lgbm,2026-03-30,107,final,B-Z,False,False,False
750101310691,MXLI,3,2026-04-20,263.3866121932304,275.7181108371234,345.32811360057474,429.4744078692143,443.2068561994209,lgbm,2026-03-30,107,final,B-Z,False,False,False
750101310691,MXLI,4,2026-04-27,265.70327929399474,276.67070894571066,354.20868795406903,428.82720454096886,448.50243889379846,lgbm,2026-03-30,107,final,B-Z,False,False,False
750101310691,MXLI,5,2026-05-04,261.9566354955626,276.13835828688497,332.99638932972204,415.4363728554067,427.51398877961003,lgbm,2026-03-30,107,final,B-Z,False,False,False
750101310691,MXLI,6,2026-05-11,256.5095155985604,266.27079943775254,345.80091942618805,450.2140089214894,450.7955377285543,lgbm,2026-03-30,107,final,B-Z,False,False,False
750101310691,MXLI,7,2026-05-18,256.56799614783597,271.6537389416055,359.07881408868,444.7418818375217,452.53594958029305,lgbm,2026-03-30,107,final,B-Z,False,False,False
750101310691,MXLI,8,2026-05-25,249.23143471141282,263.69381516916053,346.23289247788034,456.0769196585666,463.38330405632985,lgbm,2026-03-30,107,final,B-Z,False,False,False
750101310691,TLJ,1,2026-04-06,823.7963599128132,861.6076846930856,1063.0159523220343,1178.504228038718,1249.5251375792727,lgbm,2026-03-30,107,final,B-Z,False,False,False
750101310691,TLJ,2,2026-04-13,838.8826866260457,847.3446731628626,1084.1887598501567,1285.597449360538,1330.017073238718,lgbm,2026-03-30,107,final,B-Z,False,False,False
750101310691,TLJ,3,2026-04-20,826.8160737580348,849.1849736953583,1054.7655416345017,1212.7455693276722,1278.0171937445962,lgbm,2026-03-30,107,final,B-Z,False,False,False
750101310691,TLJ,4,2026-04-27,870.5594423722266,885.5710158748877,1106.4733654635827,1266.9633983542276,1331.4030103113741,lgbm,2026-03-30,107,final,B-Z,False,False,False
750101310691,TLJ,5,2026-05-04,816.1019218219674,855.1999166853664,1033.6676603664628,1179.4036560467546,1247.5338222186333,lgbm,2026-03-30,107,final,B-Z,False,False,False
750101310691,TLJ,6,2026-05-11,800.3828176660759,823.3199879832044,1040.3583928216908,1290.3955472132868,1290.6732565072398,lgbm,2026-03-30,107,final,B-Z,False,False,False
750101310691,TLJ,7,2026-05-18,790.5413804868551,833.1048546644555,1054.4267692857052,1248.1312945589102,1289.1604746144656,lgbm,2026-03-30,107,final,B-Z,False,False,False
750101310691,TLJ,8,2026-05-25,797.1296511006371,810.8757258488406,1086.0088064167044,1378.5755271473706,1391.7487760007202,lgbm,2026-03-30,107,final,B-Z,False,False,False
750101310691,VHSA,1,2026-04-06,656.705275820029,680.0145637200244,803.1925721346951,887.6913599863894,943.6477091575778,lgbm,2026-03-30,107,final,B-Z,False,False,False
750101310691,VHSA,2,2026-04-13,658.4391826370226,673.9158788228393,819.6608076654397,959.1259655291034,1014.9481596758419,lgbm,2026-03-30,107,final,B-Z,False,False,False
750101310691,VHSA,3,2026-04-20,656.2991922873262,662.7960545507195,818.9300640207139,964.2528179366426,999.8522389060777,lgbm,2026-03-30,107,final,B-Z,False,False,False
750101310691,VHSA,4,2026-04-27,665.4157431225158,681.1094140810933,855.6242753632953,1009.694174253184,1055.306100274362,lgbm,2026-03-30,107,final,B-Z,False,False,False
750101310691,VHSA,5,2026-05-04,641.2054596626342,664.8241143184752,808.1546685509522,939.6544412588721,993.0263410438341,lgbm,2026-03-30,107,final,B-Z,False,False,False
750101310691,VHSA,6,2026-05-11,640.8906932455635,648.9669516276891,842.4962550005721,1067.4623019407609,1088.603782848346,lgbm,2026-03-30,107,final,B-Z,False,False,False
750101310691,VHSA,7,2026-05-18,643.5581835216141,648.1389835135468,848.5980348619303,1019.6187582784544,1022.9550527617041,lgbm,2026-03-30,107,final,B-Z,False,False,False
750101310691,VHSA,8,2026-05-25,641.0316455930767,650.6463884474499,858.9689789629305,1075.7626622701982,1121.480176764828,lgbm,2026-03-30,107,final,B-Z,False,False,False
750101310692,CCUL,1,2026-04-06,405.9066199011275,428.3875779440938,520.0964059742469,635.2872178730555,685.2533026842461,lgbm,2026-03-30,107,final,B-Z,False,False,False
750101310692,CCUL,2,2026-04-13,399.5824087151807,414.51875433489647,537.4894829466245,683.4946864855591,713.0993460547763,lgbm,2026-03-30,107,final,B-Z,False,False,False
750101310692,CCUL,3,2026-04-20,410.16445346820535,424.6744735466862,517.5267396679832,644.341677040941,673.2210631446648,lgbm,2026-03-30,107,final,B-Z,False,False,False
750101310692,CCUL,4,2026-04-27,419.9053854708471,423.26316864743694,563.0487921714305,703.8620900788075,709.7089752973488,lgbm,2026-03-30,107,final,B-Z,False,False,False
750101310692,CCUL,5,2026-05-04,403.8147441847141,422.72339110061057,527.4893805964036,664.2409565094703,690.5273847603141,lgbm,2026-03-30,107,final,B-Z,False,False,False
750101310692,CCUL,6,2026-05-11,390.90837693544063,404.04187663906424,552.5055730541557,731.4254924305421,732.026611698291,lgbm,2026-03-30,107,final,B-Z,False,False,False
750101310692,CCUL,7,2026-05-18,408.7844034745474,422.97550952412354,552.9667403674869,672.517133789432,685.4511818581478,lgbm,2026-03-30,107,final,B-Z,False,False,False
750101310692,CCUL,8,2026-05-25,385.2944310362596,402.52438446625456,551.4986460769676,716.4825674486635,720.1833751674388,lgbm,2026-03-30,107,final,B-Z,False,False,False
750101310692,CMD2,1,2026-04-06,4152.430143222059,4461.017635523224,5014.555510755525,5844.746307220138,5894.769408456468,lgbm,2026-03-30,107,final,B-Z,False,False,False
750101310692,CMD2,2,2026-04-13,4132.737231027477,4323.2640004209625,5312.080492654057,6401.334184484701,6486.14129654252,lgbm,2026-03-30,107,final,B-Z,False,False,False
750101310692,CMD2,3,2026-04-20,4179.635061790191,4323.7383327240905,5028.962515132519,5976.639440696171,6081.076325117231,lgbm,2026-03-30,107,final,B-Z,False,False,False
750101310692,CMD2,4,2026-04-27,4361.3354760663315,4493.681522668385,5569.475959847554,6457.071751218807,6473.929520756551,lgbm,2026-03-30,107,final,B-Z,False,False,False
750101310692,CMD2,5,2026-05-04,4058.6735085691316,4375.4003759593725,5149.505218449164,5981.104303516623,6132.784647416332,lgbm,2026-03-30,107,final,B-Z,False,False,False
750101310692,CMD2,6,2026-05-11,3949.5984225375923,4216.123146650954,5381.092940531475,6579.939213889278,6769.263573273899,lgbm,2026-03-30,107,final,B-Z,False,False,False
750101310692,CMD2,7,2026-05-18,4057.4032120479324,4317.899242698342,5300.682261523239,6214.0578456361445,6262.281922002476,lgbm,2026-03-30,107,final,B-Z,False,False,False
750101310692,CMD2,8,2026-05-25,3938.638142073874,4221.317573482111,5451.175665604241,6719.574648138617,6817.67272744044,lgbm,2026-03-30,107,final,B-Z,False,False,False
750101310692,CMTY,1,2026-04-06,396.2057952704087,428.6524772992107,491.69242197692915,602.0799892793234,649.7430718716815,lgbm,2026-03-30,107,final,B-Z,False,False,False
750101310692,CMTY,2,2026-04-13,391.61862560008177,417.00858057046395,523.2402605007857,646.0520630374607,680.9326555944072,lgbm,2026-03-30,107,final,B-Z,False,False,False
750101310692,CMTY,3,2026-04-20,400.98306704310085,423.28734938404716,493.8275822651887,615.6175541242956,649.6064853054635,lgbm,2026-03-30,107,final,B-Z,False,False,False
750101310692,CMTY,4,2026-04-27,418.85666550276613,429.62356210109533,548.5327586907719,667.8757370957247,680.8410128016598,lgbm,2026-03-30,107,final,B-Z,False,False,False
750101310692,CMTY,5,2026-05-04,404.44653492783806,428.67113557245733,518.16085533493,629.4696038936245,662.2308903021268,lgbm,2026-03-30,107,final,B-Z,False,False,False
750101310692,CMTY,6,2026-05-11,392.93248695926707,404.78629679145655,536.9287676176328,692.7045399803616,697.1945842364647,lgbm,2026-03-30,107,final,B-Z,False,False,False
750101310692,CMTY,7,2026-05-18,397.37782695912455,417.77234979277404,516.670272180397,640.5005223070593,648.4381347728652,lgbm,2026-03-30,107,final,B-Z,False,False,False
750101310692,CMTY,8,2026-05-25,389.8896067125809,396.62262936248095,533.368143488287,700.1361659429347,700.2178025717063,lgbm,2026-03-30,107,final,B-Z,False,False,False
750101310692,MXLI,1,2026-04-06,188.61339100721517,201.02913176613782,264.5342781315747,337.237189931746,349.8471482021374,lgbm,2026-03-30,107,final,B-Z,False,False,False
750101310692,MXLI,2,2026-04-13,182.85492783281575,189.1927049848113,268.39051532142315,341.6619708067455,353.4681595154649,lgbm,2026-03-30,107,final,B-Z,False,False,False
750101310692,MXLI,3,2026-04-20,191.39970988296363,192.65016900284945,267.2204060208077,339.30150627783826,347.7982909462375,lgbm,2026-03-30,107,final,B-Z,False,False,False
750101310692,MXLI,4,2026-04-27,188.85496141971547,190.21239775306327,274.50731771236434,353.67336578026095,356.4711381432474,lgbm,2026-03-30,107,final,B-Z,False,False,False
750101310692,MXLI,5,2026-05-04,184.53927534509157,191.5985035931508,258.06688862252116,332.96060367907177,345.15402303497257,lgbm,2026-03-30,107,final,B-Z,False,False,False
750101310692,MXLI,6,2026-05-11,176.7222069575605,184.06026860442444,266.6228991561516,362.04937939184856,362.3369031624632,lgbm,2026-03-30,107,final,B-Z,False,False,False
750101310692,MXLI,7,2026-05-18,181.3792725745478,188.79017522179652,262.32186467812676,342.84791150136556,351.03195075843365,lgbm,2026-03-30,107,final,B-Z,False,False,False
750101310692,MXLI,8,2026-05-25,177.92286825859625,187.6046768107098,268.05192085182296,361.1213084682322,369.9729344806044,lgbm,2026-03-30,107,final,B-Z,False,False,False
750101310692,TLJ,1,2026-04-06,822.848632961658,883.3374345159023,1082.7302178605642,1243.2629558511305,1272.8692215897984,lgbm,2026-03-30,107,final,B-Z,False,False,False
750101310692,TLJ,2,2026-04-13,829.0699744407748,858.4008896460574,1127.5787302374927,1333.6810939666077,1347.4374723356925,lgbm,2026-03-30,107,final,B-Z,False,False,False
750101310692,TLJ,3,2026-04-20,840.1536969468406,875.623539550504,1095.2000892086853,1282.5051652860989,1301.7886084525983,lgbm,2026-03-30,107,final,B-Z,False,False,False
750101310692,TLJ,4,2026-04-27,870.4523175921571,893.5958918885143,1157.802170381254,1355.203272242743,1360.591833806796,lgbm,2026-03-30,107,final,B-Z,False,False,False
750101310692,TLJ,5,2026-05-04,810.8478476441921,865.2787903547969,1071.5865141199297,1266.519893856513,1283.6817249898759,lgbm,2026-03-30,107,final,B-Z,False,False,False
750101310692,TLJ,6,2026-05-11,790.4975193566858,830.1850873378155,1124.3912770794986,1374.3924292763259,1413.3187011491536,lgbm,2026-03-30,107,final,B-Z,False,False,False
750101310692,TLJ,7,2026-05-18,798.9180302045892,854.5935995987425,1103.3971297134942,1313.5758774549956,1320.6326783132786,lgbm,2026-03-30,107,final,B-Z,False,False,False
750101310692,TLJ,8,2026-05-25,804.2587797609015,841.6373802073638,1154.5927648762681,1430.6844675415723,1432.2880340045024,lgbm,2026-03-30,107,final,B-Z,False,False,False
750101310692,VHSA,1,2026-04-06,632.8727228844982,662.1970850939799,794.2573489181378,961.2605260394614,972.900618722545,lgbm,2026-03-30,107,final,B-Z,False,False,False
750101310692,VHSA,2,2026-04-13,628.8206661363395,633.1147872875422,820.9543057456161,1033.4628742971108,1038.1225673680353,lgbm,2026-03-30,107,final,B-Z,False,False,False
750101310692,VHSA,3,2026-04-20,638.4288922450859,639.7127998261924,765.033509023844,963.1884861246608,965.7744624422979,lgbm,2026-03-30,107,final,B-Z,False,False,False
750101310692,VHSA,4,2026-04-27,646.9055838554027,649.0404627655947,860.6222637169519,1045.2650326683015,1046.274233266464,lgbm,2026-03-30,107,final,B-Z,False,False,False
750101310692,VHSA,5,2026-05-04,631.2654141231442,646.390015658115,801.9040589933693,989.0130056610415,991.9886955603164,lgbm,2026-03-30,107,final,B-Z,False,False,False
750101310692,VHSA,6,2026-05-11,601.4651779901178,618.0873327580995,824.7868535370333,1051.0207286610878,1071.9840866257775,lgbm,2026-03-30,107,final,B-Z,False,False,False
750101310692,VHSA,7,2026-05-18,604.3659851273326,631.5734486819762,797.505938544033,995.4329883916452,1006.8139241835711,lgbm,2026-03-30,107,final,B-Z,False,False,False
750101310692,VHSA,8,2026-05-25,608.5208702856228,624.5596322196673,834.6839590747812,1082.7038589771682,1084.3216133910546,lgbm,2026-03-30,107,final,B-Z,False,False,False
750101310693,CCUL,1,2026-04-06,1575.6870817379524,1674.638009221314,1911.9848071934093,2083.227115279956,2264.7628405633436,lgbm,2026-03-30,107,final,B-Z,False,False,False
750101310693,CCUL,2,2026-04-13,1602.3321858999977,1631.4476440103426,1932.2886806543302,2251.1209719493954,2354.5037220162376,lgbm,2026-03-30,107,final,B-Z,False,False,False
750101310693,CCUL,3,2026-04-20,1569.5734969819885,1655.0710781006926,1906.2459628575132,2042.1030666833128,2184.571635011097,lgbm,2026-03-30,107,final,B-Z,False,False,False
750101310693,CCUL,4,2026-04-27,1656.1756880184614,1677.9629548710304,2025.1293935848196,2232.8825020114386,2296.447975917572,lgbm,2026-03-30,107,final,B-Z,False,False,False
750101310693,CCUL,5,2026-05-04,1567.9522284037341,1650.4205935354958,1923.656470183268,2109.9935452830964,2243.434368480842,lgbm,2026-03-30,107,final,B-Z,False,False,False
750101310693,CCUL,6,2026-05-11,1566.0981550325075,1594.298825042949,1956.8006601696309,2352.6296135796338,2435.0461487788143,lgbm,2026-03-30,107,final,B-Z,False,False,False
750101310693,CCUL,7,2026-05-18,1559.778383429534,1634.767696524216,1898.0580564219883,2186.30869008909,2305.620945787802,lgbm,2026-03-30,107,final,B-Z,False,False,False
750101310693,CCUL,8,2026-05-25,0.0,1723.7946483957066,2076.8712760207286,2355.1591919611674,18987.52282004687,lgbm,2026-03-30,107,final,B-Z,False,False,False
750101310693,CMD2,1,2026-04-06,21567.397575402065,23530.917944109708,25784.925919224374,27706.52456251799,29691.57940050943,lgbm,2026-03-30,107,final,B-Z,False,False,False
750101310693,CMD2,2,2026-04-13,21599.725852882195,22506.103308723217,26184.307900610493,30036.604235473773,31436.94580145321,lgbm,2026-03-30,107,final,B-Z,False,False,False
750101310693,CMD2,3,2026-04-20,21258.65465157477,22841.558308756063,25292.470060012463,27941.351506090083,30299.86055103961,lgbm,2026-03-30,107,final,B-Z,False,False,False
750101310693,CMD2,4,2026-04-27,22970.357171241823,23541.46204134343,27204.06000613081,30013.54396985864,31223.8792375638,lgbm,2026-03-30,107,final,B-Z,False,False,False
750101310693,CMD2,5,2026-05-04,21513.45403031243,22809.363683167103,25462.643324646375,27794.756358345297,30249.852146138986,lgbm,2026-03-30,107,final,B-Z,False,False,False
750101310693,CMD2,6,2026-05-11,21152.300022941883,22339.682261868882,26338.289092684277,30588.9946509999,32279.440550582323,lgbm,2026-03-30,107,final,B-Z,False,False,False
750101310693,CMD2,7,2026-05-18,20960.371952926707,22874.021435662617,25281.446832269783,28224.001303362624,31138.862890503446,lgbm,2026-03-30,107,final,B-Z,False,False,False
750101310693,CMD2,8,2026-05-25,20722.503824057814,22375.749137067356,25478.554824983243,30188.001275335348,32394.716793504078,lgbm,2026-03-30,107,final,B-Z,False,False,False
750101310693,CMTY,1,2026-04-06,2818.3649506091556,2910.308312263541,3328.7908787146853,3771.5409045131423,3947.028736370068,lgbm,2026-03-30,107,final,B-Z,False,False,False
750101310693,CMTY,2,2026-04-13,2936.9142067972643,2980.2397163891237,3463.1774454740344,3909.162186027853,4021.081666715602,lgbm,2026-03-30,107,final,B-Z,False,False,False
750101310693,CMTY,3,2026-04-20,2844.2010228536537,2887.5995318128666,3347.484997940464,3830.2134512528983,3917.2641083782514,lgbm,2026-03-30,107,final,B-Z,False,False,False
750101310693,CMTY,4,2026-04-27,3039.385608031005,3060.6802074881048,3617.427670846575,4037.886079446128,4071.5626032975038,lgbm,2026-03-30,107,final,B-Z,False,False,False
750101310693,CMTY,5,2026-05-04,2830.1302746755164,2859.990966295668,3396.456236903676,3870.41479293146,3954.4216795474786,lgbm,2026-03-30,107,final,B-Z,False,False,False
750101310693,CMTY,6,2026-05-11,2874.182383193359,2890.3483121669324,3533.6619494068564,4166.789424367846,4167.194017607328,lgbm,2026-03-30,107,final,B-Z,False,False,False
750101310693,CMTY,7,2026-05-18,2875.5652654633627,2932.219281519405,3453.343753435655,3865.2578697331637,3896.370148095772,lgbm,2026-03-30,107,final,B-Z,False,False,False
750101310693,CMTY,8,2026-05-25,2830.599055794176,2922.405886857008,3491.214715889813,4238.953413014238,4251.683108075333,lgbm,2026-03-30,107,final,B-Z,False,False,False
750101310693,MXLI,1,2026-04-06,1307.544027216642,1429.1005428346573,1657.508770991732,1833.1955368993597,1899.8619172513688,lgbm,2026-03-30,107,final,B-Z,False,False,False
750101310693,MXLI,2,2026-04-13,1312.5610648930324,1390.2465101518865,1692.8563368444813,1895.0467912079594,1929.0374655278135,lgbm,2026-03-30,107,final,B-Z,False,False,False
750101310693,MXLI,3,2026-04-20,1304.3212712753386,1415.9690065828179,1646.273907754736,1833.4587644917583,1896.8254409931315,lgbm,2026-03-30,107,final,B-Z,False,False,False
750101310693,MXLI,4,2026-04-27,1349.192847777722,1413.2208151010432,1743.3907238250838,1967.4005735640415,2002.5140157796168,lgbm,2026-03-30,107,final,B-Z,False,False,False
750101310693,MXLI,5,2026-05-04,1304.4188731899912,1424.0007952582275,1664.6034598412903,1865.4899106614218,1966.5019188093959,lgbm,2026-03-30,107,final,B-Z,False,False,False
750101310693,MXLI,6,2026-05-11,1264.271077569871,1361.22410092865,1698.4938576497177,2032.1497571956743,2070.447672420888,lgbm,2026-03-30,107,final,B-Z,False,False,False
750101310693,MXLI,7,2026-05-18,1296.9257724727756,1400.5105279211382,1656.9274408118508,1967.02680186418,2010.7804478139617,lgbm,2026-03-30,107,final,B-Z,False,False,False
750101310693,MXLI,8,2026-05-25,1281.1575599452233,1397.7263166564644,1672.1520657854744,2092.5904186381326,2125.7692349356826,lgbm,2026-03-30,107,final,B-Z,False,False,False
750101310693,TLJ,1,2026-04-06,4663.013901491764,5040.219071374916,5722.84812321845,6180.01153514145,6611.980186953233,lgbm,2026-03-30,107,final,B-Z,False,False,False
750101310693,TLJ,2,2026-04-13,4719.067902915449,4931.232241546672,5859.351011788142,6653.242773832072,7015.281907269508,lgbm,2026-03-30,107,final,B-Z,False,False,False
750101310693,TLJ,3,2026-04-20,4718.148805458149,4987.127509645507,5623.8233238829325,6295.408393241212,6667.8842079729075,lgbm,2026-03-30,107,final,B-Z,False,False,False
750101310693,TLJ,4,2026-04-27,5066.639468642955,5171.95343894349,6004.953965285309,6830.497880064424,6871.353815122244,lgbm,2026-03-30,107,final,B-Z,False,False,False
750101310693,TLJ,5,2026-05-04,4725.1567717262615,5024.100141559508,5680.571796043463,6200.549983192823,6699.120780964624,lgbm,2026-03-30,107,final,B-Z,False,False,False
750101310693,TLJ,6,2026-05-11,4657.846438574948,4865.492677661813,5856.311587668394,6928.60619474669,7198.563811285368,lgbm,2026-03-30,107,final,B-Z,False,False,False
750101310693,TLJ,7,2026-05-18,0.0,4984.806642321907,5626.953847674802,6480.038877328599,43867.982131908146,lgbm,2026-03-30,107,final,B-Z,False,False,False
750101310693,TLJ,8,2026-05-25,0.0,5312.298487352136,5932.4666238958025,6909.98905542302,94156.31425764813,lgbm,2026-03-30,107,final,B-Z,False,False,False
750101310693,VHSA,1,2026-04-06,2607.517468685966,2802.0921200237976,3167.90576216997,3557.191374806153,3881.4848841535404,lgbm,2026-03-30,107,final,B-Z,False,False,False
750101310693,VHSA,2,2026-04-13,2690.51814417117,2762.182590348259,3229.3582792399243,3866.1410351979844,4062.8845182472764,lgbm,2026-03-30,107,final,B-Z,False,False,False
750101310693,VHSA,3,2026-04-20,2623.1697988551255,2769.775161448665,3166.805814426805,3578.8119235567474,3850.2363316763676,lgbm,2026-03-30,107,final,B-Z,False,False,False
750101310693,VHSA,4,2026-04-27,2759.254099907592,2784.070484719118,3377.9627909652922,3956.2622111433693,3990.5391866141968,lgbm,2026-03-30,107,final,B-Z,False,False,False
750101310693,VHSA,5,2026-05-04,2629.7644632903325,2758.7306471902343,3214.8779938537255,3670.51725227368,3919.0888376971875,lgbm,2026-03-30,107,final,B-Z,False,False,False
750101310693,VHSA,6,2026-05-11,2611.7407252439166,2634.006905182975,3329.4314592107,4105.200354048582,4196.750905249845,lgbm,2026-03-30,107,final,B-Z,False,False,False
750101310693,VHSA,7,2026-05-18,2646.173279642442,2764.2151458475932,3238.1063801740343,3832.2015994961525,3906.009082648291,lgbm,2026-03-30,107,final,B-Z,False,False,False
750101310693,VHSA,8,2026-05-25,0.0,2945.4278682606773,3595.735889452059,4157.630451824502,33104.197811149796,lgbm,2026-03-30,107,final,B-Z,False,False,False
750101310694,CCUL,1,2026-04-06,2837.9754393436147,2879.1982111376847,3291.2432468886946,3800.999290212974,4017.8495997768155,lgbm,2026-03-30,107,final,B-Z,False,False,False
750101310694,CCUL,2,2026-04-13,2847.7431077993538,2947.629623128168,3497.794582900028,4003.161023157345,4251.72971630952,lgbm,2026-03-30,107,final,B-Z,False,False,False
750101310694,CCUL,3,2026-04-20,2809.213282061344,2869.0390636392767,3305.2652141079607,3801.0874605983586,4032.6083880160336,lgbm,2026-03-30,107,final,B-Z,False,False,False
750101310694,CCUL,4,2026-04-27,2885.3925592139562,2969.544572667892,3469.78483571319,4002.803381729626,4090.3110456768045,lgbm,2026-03-30,107,final,B-Z,False,False,False
750101310694,CCUL,5,2026-05-04,2746.8037876519306,2782.5156215744673,3298.785713479247,3961.164516580595,4036.512161485276,lgbm,2026-03-30,107,final,B-Z,False,False,False
750101310694,CCUL,6,2026-05-11,2750.5608169659363,2768.538375465815,3608.1516169436395,4457.854344750711,4474.12211318893,lgbm,2026-03-30,107,final,B-Z,False,False,False
750101310694,CCUL,7,2026-05-18,2744.517977337315,2746.9073823419926,3495.854172880585,4221.933184827102,4237.0359224926115,lgbm,2026-03-30,107,final,B-Z,False,False,False
750101310694,CCUL,8,2026-05-25,2792.211975921701,2824.058129322999,3605.9668797867753,4500.170639610626,4571.021620708605,lgbm,2026-03-30,107,final,B-Z,False,False,False
750101310694,CMD2,1,2026-04-06,22356.056689634297,23123.966135403603,25894.711132228338,28367.81328925232,29792.830035148796,lgbm,2026-03-30,107,final,B-Z,False,False,False
750101310694,CMD2,2,2026-04-13,23171.22172095957,23575.204833681088,27198.507981357026,29974.162805924218,30907.76597023732,lgbm,2026-03-30,107,final,B-Z,False,False,False
750101310694,CMD2,3,2026-04-20,21993.244681014876,22519.449973060582,25461.51481207436,27985.947146919087,29543.017738323608,lgbm,2026-03-30,107,final,B-Z,False,False,False
750101310694,CMD2,4,2026-04-27,22835.40766741381,23376.108762434425,27378.127132820053,29835.15704703127,30780.380724961615,lgbm,2026-03-30,107,final,B-Z,False,False,False
750101310694,CMD2,5,2026-05-04,21778.214687178155,21935.791276209395,26061.10656964709,29126.56736632962,30106.042049281743,lgbm,2026-03-30,107,final,B-Z,False,False,False
750101310694,CMD2,6,2026-05-11,22052.993868447364,22053.97995235645,27562.387408232305,32064.300856028014,32118.391505532112,lgbm,2026-03-30,107,final,B-Z,False,False,False
750101310694,CMD2,7,2026-05-18,21966.360230702547,22407.223266773453,27004.35507054151,30414.435923109802,30744.075633899174,lgbm,2026-03-30,107,final,B-Z,False,False,False
750101310694,CMD2,8,2026-05-25,22203.598916782244,22895.269540455294,27837.541539555026,32518.809456245566,33248.17117419022,lgbm,2026-03-30,107,final,B-Z,False,False,False
750101310694,CMTY,1,2026-04-06,2872.8446852539014,2910.5058871558927,3442.1938291703264,4127.726058179142,4234.092287556498,lgbm,2026-03-30,107,final,B-Z,False,False,False
750101310694,CMTY,2,2026-04-13,2959.5182671602174,2978.907170669702,3609.2937057037366,4338.229735707399,4512.066045277412,lgbm,2026-03-30,107,final,B-Z,False,False,False
750101310694,CMTY,3,2026-04-20,2881.078088603145,2909.9528899587917,3454.1130449192597,4145.571873972815,4233.2406131102725,lgbm,2026-03-30,107,final,B-Z,False,False,False
750101310694,CMTY,4,2026-04-27,2998.417981037379,3060.3164539203876,3646.879497139568,4288.704448713247,4339.765129229649,lgbm,2026-03-30,107,final,B-Z,False,False,False
750101310694,CMTY,5,2026-05-04,2832.993796831053,2839.6441375143363,3493.8246012204972,4268.325971946221,4318.150487920737,lgbm,2026-03-30,107,final,B-Z,False,False,False
750101310694,CMTY,6,2026-05-11,2820.8763689495886,2851.3229853528983,3731.85582495529,4763.439670605238,4773.354624570874,lgbm,2026-03-30,107,final,B-Z,False,False,False
750101310694,CMTY,7,2026-05-18,2825.3702984883334,2858.463671987981,3615.898710963315,4574.366654751684,4607.111243171113,lgbm,2026-03-30,107,final,B-Z,False,False,False
750101310694,CMTY,8,2026-05-25,2947.0602516890117,3075.3234076607173,3904.838490358121,5007.024075510981,5189.292490644115,lgbm,2026-03-30,107,final,B-Z,False,False,False
750101310694,MXLI,1,2026-04-06,2348.361326546605,2422.1301636430485,2890.8744849667683,3402.4891991239574,3579.6776942020438,lgbm,2026-03-30,107,final,B-Z,False,False,False
750101310694,MXLI,2,2026-04-13,2449.8958031198868,2471.191489656912,2995.481996712533,3519.7624663857973,3676.454593667924,lgbm,2026-03-30,107,final,B-Z,False,False,False
750101310694,MXLI,3,2026-04-20,2335.7517762491602,2376.031672628445,2898.936667093189,3423.942479665583,3623.341935470328,lgbm,2026-03-30,107,final,B-Z,False,False,False
750101310694,MXLI,4,2026-04-27,2389.911365569782,2424.8393458279543,3063.3246152693996,3568.9745585481023,3699.9595464422737,lgbm,2026-03-30,107,final,B-Z,False,False,False
750101310694,MXLI,5,2026-05-04,2322.3522658946276,2346.9932735232674,2964.069762944015,3536.1458223191003,3662.2538803502116,lgbm,2026-03-30,107,final,B-Z,False,False,False
750101310694,MXLI,6,2026-05-11,2333.6543282215916,2346.092266005734,3083.2117610322675,3840.7373241603077,3890.8078473448513,lgbm,2026-03-30,107,final,B-Z,False,False,False
750101310694,MXLI,7,2026-05-18,2312.5585735684526,2371.254557448826,3070.9793494343044,3810.1631706758094,3812.248947279851,lgbm,2026-03-30,107,final,B-Z,False,False,False
750101310694,MXLI,8,2026-05-25,2381.3707569798157,2510.199606657444,3211.9358212130387,3993.6743603470795,4028.893966248154,lgbm,2026-03-30,107,final,B-Z,False,False,False
750101310694,TLJ,1,2026-04-06,6042.058456908296,6165.77101208636,7006.857070458407,8004.98321732415,8017.994842431599,lgbm,2026-03-30,107,final,B-Z,False,False,False
750101310694,TLJ,2,2026-04-13,6173.000773241253,6196.440678186923,7427.178846940796,8436.498258680671,8477.510826139212,lgbm,2026-03-30,107,final,B-Z,False,False,False
750101310694,TLJ,3,2026-04-20,5996.888017280811,6020.530793665804,6934.564054450685,7954.554667741898,8046.530955000841,lgbm,2026-03-30,107,final,B-Z,False,False,False
750101310694,TLJ,4,2026-04-27,6274.33427871499,6289.70659377763,7303.959748676095,8232.601150082019,8264.139690921449,lgbm,2026-03-30,107,final,B-Z,False,False,False
750101310694,TLJ,5,2026-05-04,5870.8817511953785,5922.696121776481,6965.4320496434975,8136.79108888791,8138.165479007397,lgbm,2026-03-30,107,final,B-Z,False,False,False
750101310694,TLJ,6,2026-05-11,5927.21619788716,5934.611465620468,7649.058622087228,8924.44878776652,9137.087864577776,lgbm,2026-03-30,107,final,B-Z,False,False,False
750101310694,TLJ,7,2026-05-18,5653.432780564789,5863.949981832761,7269.343653289403,8430.50971661803,8674.508086831653,lgbm,2026-03-30,107,final,B-Z,False,False,False
750101310694,TLJ,8,2026-05-25,5797.572977448225,5825.100861888384,7626.694662903437,9239.026577178245,9248.591418855358,lgbm,2026-03-30,107,final,B-Z,False,False,False
750101310694,VHSA,1,2026-04-06,3317.713151981654,3353.9462181322656,4005.8909816377627,4725.855952348552,4927.562618444193,lgbm,2026-03-30,107,final,B-Z,False,False,False
750101310694,VHSA,2,2026-04-13,3330.3095878398626,3465.3838577626875,4203.867694793704,4968.516159359444,5199.802717452581,lgbm,2026-03-30,107,final,B-Z,False,False,False
750101310694,VHSA,3,2026-04-20,3298.2901693639324,3348.113474922208,3993.9478351205557,4733.8366470527435,4895.609781792049,lgbm,2026-03-30,107,final,B-Z,False,False,False
750101310694,VHSA,4,2026-04-27,3286.165165224104,3450.3192294424116,4312.3519678522125,5112.845973972031,5283.511882688815,lgbm,2026-03-30,107,final,B-Z,False,False,False
750101310694,VHSA,5,2026-05-04,3226.483107500697,3270.9074897111855,4152.825237826018,5028.271696759414,5180.865033330389,lgbm,2026-03-30,107,final,B-Z,False,False,False
750101310694,VHSA,6,2026-05-11,3207.7265867841006,3285.8767191283296,4379.513156817131,5491.580300555011,5547.009692743295,lgbm,2026-03-30,107,final,B-Z,False,False,False
750101310694,VHSA,7,2026-05-18,3274.2723781569853,3297.7012408511223,4272.868855874609,5244.546536210844,5270.376086619883,lgbm,2026-03-30,107,final,B-Z,False,False,False
750101310694,VHSA,8,2026-05-25,3378.761856057028,3441.2139493153113,4467.79422214384,5601.961788821561,5651.317820474101,lgbm,2026-03-30,107,final,B-Z,False,False,False
750101310695,CCUL,1,2026-04-06,1394.693559998379,1451.5415522730073,1666.4552554490406,1849.1489032627983,2052.159459820136,lgbm,2026-03-30,107,final,B-Y,False,False,False
750101310695,CCUL,2,2026-04-13,1431.6289411474581,1452.439303576663,1717.6890681024843,1957.4110446968898,2102.6189385920834,lgbm,2026-03-30,107,final,B-Y,False,False,False
750101310695,CCUL,3,2026-04-20,1411.9474475766724,1435.8355626943148,1674.8226746259984,1906.1941414847754,2070.824645013745,lgbm,2026-03-30,107,final,B-Y,False,False,False
750101310695,CCUL,4,2026-04-27,1490.3997016619862,1505.0215662999642,1783.1056213477852,1963.8682076706573,2086.7769110890367,lgbm,2026-03-30,107,final,B-Y,False,False,False
750101310695,CCUL,5,2026-05-04,1270.0836563852333,1377.2022060713055,1681.6113250223918,1893.742424670526,2035.5605378122607,lgbm,2026-03-30,107,final,B-Y,False,False,False
750101310695,CCUL,6,2026-05-11,1306.165200261732,1337.1178391008032,1782.59418127891,2226.2233113750794,2237.0078996633138,lgbm,2026-03-30,107,final,B-Y,False,False,False
750101310695,CCUL,7,2026-05-18,1273.9807600448335,1341.2665922799515,1729.539190837071,1996.3474287142221,2009.3995419589924,lgbm,2026-03-30,107,final,B-Y,False,False,False
750101310695,CCUL,8,2026-05-25,1293.3788150671764,1332.1628847837824,1777.6716841121456,2173.233733235692,2174.3039903751387,lgbm,2026-03-30,107,final,B-Y,False,False,False
750101310695,CMD2,1,2026-04-06,9073.136672466531,9317.191005999184,10443.860341908992,11087.440266787848,11385.693137721539,lgbm,2026-03-30,107,final,B-Y,False,False,False
750101310695,CMD2,2,2026-04-13,9224.100269060384,9251.006301718002,10840.872332051045,12183.756855903875,12202.88965201017,lgbm,2026-03-30,107,final,B-Y,False,False,False
750101310695,CMD2,3,2026-04-20,9057.08328805027,9121.901880327663,10622.656469210096,11661.123518116648,11679.554741438851,lgbm,2026-03-30,107,final,B-Y,False,False,False
750101310695,CMD2,4,2026-04-27,9615.185561483198,9724.245752488188,11280.879785501847,11963.362665841867,12074.229134687916,lgbm,2026-03-30,107,final,B-Y,False,False,False
750101310695,CMD2,5,2026-05-04,8050.923670102669,8805.970875848787,10690.872835769196,11447.332254837129,11908.987980686112,lgbm,2026-03-30,107,final,B-Y,False,False,False
750101310695,CMD2,6,2026-05-11,8230.371145637368,8636.170038802176,11395.043140835922,12777.94834460079,13063.848476230763,lgbm,2026-03-30,107,final,B-Y,False,False,False
750101310695,CMD2,7,2026-05-18,8091.061665634463,8607.203482787472,10861.772369901171,12013.700382069735,12445.764489877558,lgbm,2026-03-30,107,final,B-Y,False,False,False
750101310695,CMD2,8,2026-05-25,7753.875958972012,8450.188012283434,10818.33214799469,12343.318114766495,12561.648416599703,lgbm,2026-03-30,107,final,B-Y,False,False,False
750101310695,CMTY,1,2026-04-06,2109.996407505111,2194.6047416178667,2427.6197564813237,2668.3819676805965,2753.441377150768,lgbm,2026-03-30,107,final,B-Y,False,False,False
750101310695,CMTY,2,2026-04-13,2154.8437731466215,2160.4178931387287,2499.9790809202404,2901.3180029214277,2922.667205667662,lgbm,2026-03-30,107,final,B-Y,False,False,False
750101310695,CMTY,3,2026-04-20,2123.4844255795433,2149.54091069323,2458.0800642544,2827.0154744888328,2844.41107247737,lgbm,2026-03-30,107,final,B-Y,False,False,False
750101310695,CMTY,4,2026-04-27,2242.7215945785133,2255.433899774058,2625.910520290553,2886.137867193639,2904.433516307281,lgbm,2026-03-30,107,final,B-Y,False,False,False
750101310695,CMTY,5,2026-05-04,2012.8317185821425,2078.5153520779727,2512.0730065204416,2900.4709585947426,2906.0168602031695,lgbm,2026-03-30,107,final,B-Y,False,False,False
750101310695,CMTY,6,2026-05-11,1973.3794833356685,2038.245576320051,2582.2245328409795,3077.853531234205,3162.281526267719,lgbm,2026-03-30,107,final,B-Y,False,False,False
750101310695,CMTY,7,2026-05-18,1947.6586279622413,2061.9362313684983,2516.757449476733,2887.4006395035813,3006.8988096783746,lgbm,2026-03-30,107,final,B-Y,False,False,False
750101310695,CMTY,8,2026-05-25,0.0,1959.6642691563743,2540.368107365166,3188.7660762587248,23386.460399470034,lgbm,2026-03-30,107,final,B-Y,False,False,False
750101310695,MXLI,1,2026-04-06,826.92796061324,868.2039240869814,1048.9693844224212,1252.8907516151264,1334.4526818098318,lgbm,2026-03-30,107,final,B-Y,False,False,False
750101310695,MXLI,2,2026-04-13,844.2503794301173,872.2796931145297,1076.0382315031018,1285.1018455144826,1338.825390747522,lgbm,2026-03-30,107,final,B-Y,False,False,False
750101310695,MXLI,3,2026-04-20,838.1940113104962,858.4477556333397,1075.5869750503282,1283.9924683704305,1357.710967549458,lgbm,2026-03-30,107,final,B-Y,False,False,False
750101310695,MXLI,4,2026-04-27,868.0704966733172,894.8243964210201,1137.4215001870289,1305.3684008041919,1360.3032143776882,lgbm,2026-03-30,107,final,B-Y,False,False,False
750101310695,MXLI,5,2026-05-04,785.7529569631406,823.5304207358671,1097.5526500109274,1317.062497662176,1383.755087981981,lgbm,2026-03-30,107,final,B-Y,False,False,False
750101310695,MXLI,6,2026-05-11,788.7706206707786,804.819784904339,1135.691541917351,1428.3361290044722,1428.4883100238003,lgbm,2026-03-30,107,final,B-Y,False,False,False
750101310695,MXLI,7,2026-05-18,768.9263577527836,802.540457427611,1110.5487858800016,1365.272491664551,1374.4673450903913,lgbm,2026-03-30,107,final,B-Y,False,False,False
750101310695,MXLI,8,2026-05-25,0.0,796.895927143328,1138.5568091535,1421.9218987658355,10054.367011902055,lgbm,2026-03-30,107,final,B-Y,False,False,False
750101310695,TLJ,1,2026-04-06,2504.7923866206033,2576.857264715076,3005.7630546638748,3247.199245086461,3381.5532056422153,lgbm,2026-03-30,107,final,B-Y,False,False,False
750101310695,TLJ,2,2026-04-13,2562.04541201813,2582.4329241234373,3120.8124805606867,3576.269292504106,3593.016553630217,lgbm,2026-03-30,107,final,B-Y,False,False,False
750101310695,TLJ,3,2026-04-20,2536.519622583731,2541.5855910118444,3028.666154900557,3295.7268756031713,3413.719992913022,lgbm,2026-03-30,107,final,B-Y,False,False,False
750101310695,TLJ,4,2026-04-27,2668.763067344092,2710.365378493583,3289.4953639190885,3536.132466785269,3578.0058207001794,lgbm,2026-03-30,107,final,B-Y,False,False,False
750101310695,TLJ,5,2026-05-04,2247.3921664431405,2320.9294172246596,3055.1981715614897,3287.0758544388545,3410.1052830761105,lgbm,2026-03-30,107,final,B-Y,False,False,False
750101310695,TLJ,6,2026-05-11,2192.9622134804317,2274.51522635277,3250.3665493806625,3645.7618168626386,3728.515103276777,lgbm,2026-03-30,107,final,B-Y,False,False,False
750101310695,TLJ,7,2026-05-18,2095.842526132122,2255.609208165381,3005.3838766186464,3309.7339965470806,3344.1603793515606,lgbm,2026-03-30,107,final,B-Y,False,False,False
750101310695,TLJ,8,2026-05-25,2056.698968339985,2208.5151695367385,2841.980133923196,3231.2594392300844,3296.888752202729,lgbm,2026-03-30,107,final,B-Y,False,False,False
750101310695,VHSA,1,2026-04-06,1544.7705964762577,1593.2169018886798,1834.7515247519837,2156.440209158634,2280.276490312934,lgbm,2026-03-30,107,final,B-Y,False,False,False
750101310695,VHSA,2,2026-04-13,1570.7024617590153,1585.2736313743544,1920.9795326974242,2288.790781585008,2372.629388820326,lgbm,2026-03-30,107,final,B-Y,False,False,False
750101310695,VHSA,3,2026-04-20,1553.9563682905964,1557.0586804186466,1842.8331019532375,2221.9937530406423,2311.064628682501,lgbm,2026-03-30,107,final,B-Y,False,False,False
750101310695,VHSA,4,2026-04-27,1611.0218468011753,1614.1505168000092,1954.100073712647,2289.358571769219,2353.8707414502724,lgbm,2026-03-30,107,final,B-Y,False,False,False
750101310695,VHSA,5,2026-05-04,1452.1761039009232,1490.085622308041,1863.4226029259084,2291.804543018487,2360.849488029569,lgbm,2026-03-30,107,final,B-Y,False,False,False
750101310695,VHSA,6,2026-05-11,1544.1115848154332,1606.7319954088728,2038.6115711588793,2460.125066504366,2492.331737863511,lgbm,2026-03-30,107,final,B-Y,False,False,False
750101310695,VHSA,7,2026-05-18,1415.1840801062299,1456.2177355171555,1884.2009749600122,2338.79679699573,2364.894704167168,lgbm,2026-03-30,107,final,B-Y,False,False,False
750101310695,VHSA,8,2026-05-25,0.0,1569.2000316897938,2024.7442125963473,2439.479099196303,18202.54194401156,lgbm,2026-03-30,107,final,B-Y,False,False,False
750101310955,CCUL,1,2026-04-06,0.0,0.0,0.23227767186095377,2.211912573674956,4.9438702423904655,lgbm,2026-03-30,89,final,B-Z,True,False,False
750101310955,CCUL,2,2026-04-13,0.0,0.0,0.23115080993910128,2.2090326020812725,4.988778042792935,lgbm,2026-03-30,89,final,B-Z,True,False,False
750101310955,CCUL,3,2026-04-20,0.0,0.0,0.22773454472852853,2.246597159105063,5.098191112118602,lgbm,2026-03-30,89,final,B-Z,True,False,False
750101310955,CCUL,4,2026-04-27,0.0,0.0,0.22428118972264208,2.8113205743570804,5.109288332450324,lgbm,2026-03-30,89,final,B-Z,True,False,False
750101310955,CCUL,5,2026-05-04,0.0,0.0,0.2172451949926892,3.688412875530365,5.11712536634467,lgbm,2026-03-30,89,final,B-Z,True,False,False
750101310955,CCUL,6,2026-05-11,0.0,0.0,0.25322426521429414,3.6926809449477846,5.1282399233588665,lgbm,2026-03-30,89,final,B-Z,True,False,False
750101310955,CCUL,7,2026-05-18,0.0,0.0,0.25795112081248495,3.734558221460199,7.7183768932830965,lgbm,2026-03-30,89,final,B-Z,True,False,False
750101310955,CCUL,8,2026-05-25,0.0,0.0,0.2847829165056384,6.293512364611127,20.406712263126224,lgbm,2026-03-30,89,final,B-Z,True,False,False
750101310955,CMD2,1,2026-04-06,0.0,0.0,0.5357664172022168,1.7009610877059247,1.9397176324124616,lgbm,2026-03-30,88,final,B-Z,True,False,False
750101310955,CMD2,2,2026-04-13,0.0,0.0,0.5645365194097092,1.7782483129669138,1.9375636196116468,lgbm,2026-03-30,88,final,B-Z,True,False,False
750101310955,CMD2,3,2026-04-20,0.0,0.0,0.5324107238497705,1.8887911493508218,2.0173494304263855,lgbm,2026-03-30,88,final,B-Z,True,False,False
750101310955,CMD2,4,2026-04-27,0.0,0.0,0.565717725340894,1.911244827372392,2.0658672269833946,lgbm,2026-03-30,88,final,B-Z,True,False,False
750101310955,CMD2,5,2026-05-04,0.0,0.0,0.6246651593708706,1.923430385782071,2.077948477783652,lgbm,2026-03-30,88,final,B-Z,True,False,False
750101310955,CMD2,6,2026-05-11,0.0,0.0,0.7295730434984912,1.9655403672584173,2.124893135291415,lgbm,2026-03-30,88,final,B-Z,True,False,False
750101310955,CMD2,7,2026-05-18,0.0,0.0,0.7084013225090199,1.9745253101138602,2.114815287271123,lgbm,2026-03-30,88,final,B-Z,True,False,False
750101310955,CMD2,8,2026-05-25,0.0,0.0,0.6979007852881415,2.019576278995971,16.8417687781794,lgbm,2026-03-30,88,final,B-Z,True,False,False
750101310955,CMTY,1,2026-04-06,0.0,0.0,23.638816760633553,80.97735498217334,85.981615731499,lgbm,2026-03-30,89,final,B-Z,False,False,False
750101310955,CMTY,2,2026-04-13,0.0,0.0,24.08195664837399,80.90682679279422,86.07339350109541,lgbm,2026-03-30,89,final,B-Z,False,False,False
750101310955,CMTY,3,2026-04-20,0.0,0.0,23.9501706028814,81.06200015058067,85.82896268752751,lgbm,2026-03-30,89,final,B-Z,False,False,False
750101310955,CMTY,4,2026-04-27,0.0,0.0,23.921940896133894,65.95376585215632,85.54548612933446,lgbm,2026-03-30,89,final,B-Z,False,False,False
750101310955,CMTY,5,2026-05-04,0.0,0.0,24.376088497829212,80.85828869848481,93.83658878423631,lgbm,2026-03-30,89,final,B-Z,False,False,False
750101310955,CMTY,6,2026-05-11,0.0,0.0,26.212625074090166,80.93246006477452,90.58044895095776,lgbm,2026-03-30,89,final,B-Z,False,False,False
750101310955,CMTY,7,2026-05-18,0.0,0.0,26.27956287951437,92.11083206819357,163.12171496347898,lgbm,2026-03-30,89,final,B-Z,False,False,False
750101310955,CMTY,8,2026-05-25,0.0,0.0,26.610269596111323,151.4709016493008,163.3323092171342,lgbm,2026-03-30,89,final,B-Z,False,False,False
750101310968,CMD2,1,2026-04-06,32703.467671827704,37537.33524266798,47950.89788897248,59225.50947007347,65304.9977373612,lgbm,2026-03-30,107,final,B-Y,False,False,False
750101310968,CMD2,2,2026-04-13,34325.494480642075,36033.676586006084,50660.372573421984,64098.70278868983,68242.17195303936,lgbm,2026-03-30,107,final,B-Y,False,False,False
750101310968,CMD2,3,2026-04-20,33168.75791177844,36046.53975309244,48753.83789146119,59845.5198235472,65958.86218118259,lgbm,2026-03-30,107,final,B-Y,False,False,False
750101310968,CMD2,4,2026-04-27,30256.871790071455,34472.98186265406,54274.113682415664,70086.2477362046,92744.71793967151,lgbm,2026-03-30,107,final,B-Y,False,False,False
750101310968,CMD2,5,2026-05-04,28642.473165735122,34240.58997578193,49021.9562248498,61621.298727555964,83788.90477418853,lgbm,2026-03-30,107,final,B-Y,False,False,False
750101310968,CMD2,6,2026-05-11,29343.252417467953,33414.763852729004,50930.75255368845,65964.13333958806,85346.47370792994,lgbm,2026-03-30,107,final,B-Y,False,False,False
750101310968,CMD2,7,2026-05-18,30504.75700854343,31865.78884906906,48242.7989096873,60671.71979110046,63681.104548182724,lgbm,2026-03-30,107,final,B-Y,False,False,False
750101310968,CMD2,8,2026-05-25,28629.78314608788,29491.53541719565,35158.613563336716,52030.89988173623,58931.430174760346,lgbm,2026-03-30,107,final,B-Y,False,False,False
750101310968,TLJ,1,2026-04-06,10377.490060342641,11943.13413704093,15486.122383611424,19457.102854977882,20626.315116314974,lgbm,2026-03-30,107,final,B-Y,False,False,False
750101310968,TLJ,2,2026-04-13,11242.337472484658,11834.06940136485,16338.742773162689,20855.68118436667,21614.33982627107,lgbm,2026-03-30,107,final,B-Y,False,False,False
750101310968,TLJ,3,2026-04-20,10801.00404381126,11632.094142485746,15778.359157680528,19712.837686646133,20970.71969061957,lgbm,2026-03-30,107,final,B-Y,False,False,False
750101310968,TLJ,4,2026-04-27,10036.12289869245,11431.999470304683,17796.465498297115,23436.774918488754,29699.563865140488,lgbm,2026-03-30,107,final,B-Y,False,False,False
750101310968,TLJ,5,2026-05-04,9679.143669895542,11196.436480718983,16146.662676318223,20579.49147471133,26747.68236964049,lgbm,2026-03-30,107,final,B-Y,False,False,False
750101310968,TLJ,6,2026-05-11,9846.832829355846,11258.12955758544,16801.075514458178,21621.342207864716,27499.289057801732,lgbm,2026-03-30,107,final,B-Y,False,False,False
750101310968,TLJ,7,2026-05-18,10664.757945698657,11283.561096176456,16024.537008594292,20074.314531708496,20817.5213110046,lgbm,2026-03-30,107,final,B-Y,False,False,False
750101310968,TLJ,8,2026-05-25,9428.6974611442,10377.360287104188,13267.389939632878,18719.669900393583,20612.731835632072,lgbm,2026-03-30,107,final,B-Y,False,False,False
750101310968,VHSA,1,2026-04-06,5952.6387732772455,6987.828205448535,9438.19406008189,10954.899268447156,12133.767255429591,lgbm,2026-03-30,107,final,B-Y,False,False,False
750101310968,VHSA,2,2026-04-13,6112.133319494083,6921.50822963328,9808.339237657627,11652.483703389486,12914.268804917712,lgbm,2026-03-30,107,final,B-Y,False,False,False
750101310968,VHSA,3,2026-04-20,5997.236268269269,7004.38897059014,9697.980400968889,10969.990144985732,12554.782364271767,lgbm,2026-03-30,107,final,B-Y,False,False,False
750101310968,VHSA,4,2026-04-27,5973.871288592702,6415.430523547092,10653.188939939098,13198.47253052119,14691.148783829556,lgbm,2026-03-30,107,final,B-Y,False,False,False
750101310968,VHSA,5,2026-05-04,5847.014830302107,6603.877380172319,9623.300810702207,11376.232794358644,12734.510324884122,lgbm,2026-03-30,107,final,B-Y,False,False,False
750101310968,VHSA,6,2026-05-11,5967.309253305907,6425.167026504385,10011.523061561667,12181.91008225653,13074.798893789608,lgbm,2026-03-30,107,final,B-Y,False,False,False
750101310968,VHSA,7,2026-05-18,5478.04720299889,6020.653566269293,9673.86480345497,11450.499265835508,12410.673718787446,lgbm,2026-03-30,107,final,B-Y,False,False,False
750101310968,VHSA,8,2026-05-25,5275.158319801672,5608.217345295014,7410.796060128996,10080.240952917651,11321.727354825165,lgbm,2026-03-30,107,final,B-Y,False,False,False
750101310975,CCUL,1,2026-04-06,1005.5302546854132,1081.0632392043374,1573.1879541255987,2024.2485907703103,2037.3330210056731,lgbm,2026-03-30,107,final,B-Y,False,False,False
750101310975,CCUL,2,2026-04-13,1020.1516844965712,1042.6078635386616,1599.8685383570653,2166.7759629253255,2182.8688754525306,lgbm,2026-03-30,107,final,B-Y,False,False,False
750101310975,CCUL,3,2026-04-20,974.1202720227898,993.8225954137201,1504.8159377965555,1958.6738237660682,1979.8163020451645,lgbm,2026-03-30,107,final,B-Y,False,False,False
750101310975,CCUL,4,2026-04-27,972.5193655116497,1023.5722349315051,1636.2096671375677,2166.679038076909,2226.4237365102103,lgbm,2026-03-30,107,final,B-Y,False,False,False
750101310975,CCUL,5,2026-05-04,959.5948907183479,1002.9499274251925,1542.9721363772594,1971.6906885922858,1981.7966323452813,lgbm,2026-03-30,107,final,B-Y,False,False,False
750101310975,CCUL,6,2026-05-11,933.135808597239,948.8635024418232,1568.8235505683097,2117.7240160367273,2159.7730794473305,lgbm,2026-03-30,107,final,B-Y,False,False,False
750101310975,CCUL,7,2026-05-18,908.1708455297361,952.539226985279,1481.1885036892656,1847.4558521043973,1886.9964865743705,lgbm,2026-03-30,107,final,B-Y,False,False,False
750101310975,CCUL,8,2026-05-25,899.3537364097583,912.3055587008608,1469.7401371732672,1902.4426585944314,1938.9223059699918,lgbm,2026-03-30,107,final,B-Y,False,False,False
750101310997,CMD2,1,2026-04-06,0.0,0.0,5.074558877889365,24.835015661748837,33.10944140862773,lgbm,2026-03-30,88,final,B-Z,False,False,False
750101310997,CMD2,2,2026-04-13,0.0,0.0,4.347185623826178,20.248811489200058,26.48601635218902,lgbm,2026-03-30,88,final,B-Z,False,False,False
750101310997,CMD2,3,2026-04-20,0.0,0.0,5.072219517861091,24.990489993080292,32.65502680519906,lgbm,2026-03-30,88,final,B-Z,False,False,False
750101310997,CMD2,4,2026-04-27,0.0,0.0,4.327775236625263,15.728582956604896,23.28080757429507,lgbm,2026-03-30,88,final,B-Z,False,False,False
750101310997,CMD2,5,2026-05-04,0.0,0.0,6.699292741263395,26.424696246806963,27.362153758994396,lgbm,2026-03-30,88,final,B-Z,False,False,False
750101310997,CMD2,6,2026-05-11,0.0,0.0,6.656007287809938,26.397538226444283,27.42611513635215,lgbm,2026-03-30,88,final,B-Z,False,False,False
750101310997,CMD2,7,2026-05-18,0.0,0.0,6.665641722666966,26.433557221346998,27.482126610188608,lgbm,2026-03-30,88,final,B-Z,False,False,False
750101310997,CMD2,8,2026-05-25,0.0,0.0,7.880660221392448,32.73726872973145,45.90278035519765,lgbm,2026-03-30,88,final,B-Z,False,False,False
750101310997,CMTY,1,2026-04-06,0.0,0.0,3.843431130404761,16.734300388167064,30.96573187895935,lgbm,2026-03-30,89,final,B-Z,False,False,False
750101310997,CMTY,2,2026-04-13,0.0,0.0,3.8987693367482095,16.804105369900434,30.98682581493363,lgbm,2026-03-30,89,final,B-Z,False,False,False
750101310997,CMTY,3,2026-04-20,0.0,0.0,3.856960926691903,16.866356736481528,30.48919804035841,lgbm,2026-03-30,89,final,B-Z,False,False,False
750101310997,CMTY,4,2026-04-27,0.0,0.0,3.8944666150580343,13.136903174759407,22.53276389426166,lgbm,2026-03-30,89,final,B-Z,False,False,False
750101310997,CMTY,5,2026-05-04,0.0,0.0,5.869640191644413,23.276755437188704,30.452004174597175,lgbm,2026-03-30,89,final,B-Z,False,False,False
750101310997,CMTY,6,2026-05-11,0.0,0.0,5.826790317682574,23.325224413714274,30.43781096056713,lgbm,2026-03-30,89,final,B-Z,False,False,False
750101310997,CMTY,7,2026-05-18,0.0,0.0,5.823410509212492,23.39450433810801,30.465883256624846,lgbm,2026-03-30,89,final,B-Z,False,False,False
750101310997,CMTY,8,2026-05-25,0.0,0.0,6.179280138304582,35.627680506911645,41.50232798663949,lgbm,2026-03-30,89,final,B-Z,False,False,False
750101310997,MXLI,1,2026-04-06,0.0,0.0,1.8897363564583598,3.794445844853949,12.896417410409311,lgbm,2026-03-30,89,final,B-Z,False,False,False
750101310997,MXLI,2,2026-04-13,0.0,0.0,1.8362266312684896,3.798098190380462,12.915242065956834,lgbm,2026-03-30,89,final,B-Z,False,False,False
750101310997,MXLI,3,2026-04-20,0.0,0.0,1.853067656248997,3.8497848733012776,12.762843770942968,lgbm,2026-03-30,89,final,B-Z,False,False,False
750101310997,MXLI,4,2026-04-27,0.0,0.0,1.8706111350107675,3.8863987007796683,12.838720403799522,lgbm,2026-03-30,89,final,B-Z,False,False,False
750101310997,MXLI,5,2026-05-04,0.0,0.0,3.2262058000365714,4.703941938509127,12.808859262071032,lgbm,2026-03-30,89,final,B-Z,False,False,False
750101310997,MXLI,6,2026-05-11,0.0,0.0,3.237794688698092,4.717056070248951,12.795375075330591,lgbm,2026-03-30,89,final,B-Z,False,False,False
750101310997,MXLI,7,2026-05-18,0.0,0.0,3.2569563282809213,4.718401413270255,16.976677653886203,lgbm,2026-03-30,89,final,B-Z,False,False,False
750101310997,MXLI,8,2026-05-25,0.0,0.0,3.4819332641133385,7.287803051659277,32.76331007540732,lgbm,2026-03-30,89,final,B-Z,False,False,False
750101310997,TLJ,1,2026-04-06,0.0,0.0,2.354158226002896,9.562315166145833,10.604998395911744,lgbm,2026-03-30,88,final,B-Z,False,False,False
750101310997,TLJ,2,2026-04-13,0.0,0.0,2.341154258328261,9.580793807483385,10.617584660237625,lgbm,2026-03-30,88,final,B-Z,False,False,False
750101310997,TLJ,3,2026-04-20,0.0,0.0,2.347094253989685,9.631360875279961,10.286717244735666,lgbm,2026-03-30,88,final,B-Z,False,False,False
750101310997,TLJ,4,2026-04-27,0.0,0.0,2.3169737903718235,4.583253767261447,10.339212079670771,lgbm,2026-03-30,88,final,B-Z,False,False,False
750101310997,TLJ,5,2026-05-04,0.0,0.0,3.6533574179861743,10.501780866271858,13.542015656294506,lgbm,2026-03-30,88,final,B-Z,False,False,False
750101310997,TLJ,6,2026-05-11,0.0,0.0,3.6447947580055637,10.490629021764583,13.551002668213812,lgbm,2026-03-30,88,final,B-Z,False,False,False
750101310997,TLJ,7,2026-05-18,0.0,0.0,3.6552332355281214,10.511216574084632,13.575578800717746,lgbm,2026-03-30,88,final,B-Z,False,False,False
750101310997,TLJ,8,2026-05-25,0.0,0.0,3.6641260069660335,14.148846647132608,14.284374221311456,lgbm,2026-03-30,88,final,B-Z,False,False,False
750101310997,VHSA,1,2026-04-06,0.0,0.0,0.08646159021369265,1.4773439428291586,12.08607704681183,lgbm,2026-03-30,89,final,B-Z,True,False,False
750101310997,VHSA,2,2026-04-13,0.0,0.0,0.08634473224617768,1.486630051687059,12.120882795180288,lgbm,2026-03-30,89,final,B-Z,True,False,False
750101310997,VHSA,3,2026-04-20,0.0,0.0,0.09668480348943871,1.5288481778684109,18.514168213633013,lgbm,2026-03-30,89,final,B-Z,True,False,False
750101310997,VHSA,4,2026-04-27,0.0,0.0,0.11425987037693598,2.0681295754048286,18.551426891323402,lgbm,2026-03-30,89,final,B-Z,True,False,False
750101310997,VHSA,5,2026-05-04,0.0,0.0,0.12643716340290456,4.2638404706588675,18.554660996488355,lgbm,2026-03-30,89,final,B-Z,True,False,False
750101310997,VHSA,6,2026-05-11,0.0,0.0,0.16039140004393837,4.3014661655958895,12.91026643051404,lgbm,2026-03-30,89,final,B-Z,True,False,False
750101310997,VHSA,7,2026-05-18,0.0,0.0,0.17697905595728577,8.582370107890469,26.67679090372656,lgbm,2026-03-30,89,final,B-Z,True,False,False
750101310997,VHSA,8,2026-05-25,0.0,0.0,0.4821703608296497,11.13705600534528,75.17998518172921,lgbm,2026-03-30,89,final,B-Z,True,False,False
750101311750,CCUL,1,2026-04-06,668.7641797120832,738.023469791047,1250.2614892568663,2087.804171005442,2320.2080824543364,lgbm,2026-03-30,107,final,B-Z,False,False,False
750101311750,CCUL,2,2026-04-13,652.9124849130976,741.9218753629848,1219.3264243875071,2149.8083439449265,2368.60037452888,lgbm,2026-03-30,107,final,B-Z,False,False,False
750101311750,CCUL,3,2026-04-20,520.5549719314927,717.4799276326125,1301.7242903008241,2153.239409325528,3018.8987699220415,lgbm,2026-03-30,107,final,B-Z,False,False,False
750101311750,CCUL,4,2026-04-27,560.1421581227083,749.8310212805318,1340.8029137155015,2259.8428447523747,3005.830224750159,lgbm,2026-03-30,107,final,B-Z,False,False,False
750101311750,CCUL,5,2026-05-04,441.7273399910274,645.3609955788836,1279.50019547948,2235.952703063939,3105.4823746251886,lgbm,2026-03-30,107,final,B-Z,False,False,False
750101311750,CCUL,6,2026-05-11,392.1394447146678,626.5695996136392,1243.2225700418207,2341.9384129338464,3209.2141560064138,lgbm,2026-03-30,107,final,B-Z,False,False,False
750101311750,CCUL,7,2026-05-18,474.17964734821965,665.8349162351958,1223.9274882998614,1956.5868651365672,2807.480698502896,lgbm,2026-03-30,107,final,B-Z,False,False,False
750101311750,CCUL,8,2026-05-25,431.0935341068678,681.9213886397021,1204.6593680478354,2006.9733321878534,3002.8164702885842,lgbm,2026-03-30,107,final,B-Z,False,False,False
750101311750,CMD2,1,2026-04-06,3617.7302295006757,3794.6109663960406,5460.733418518168,7588.062562671856,8125.130848710553,lgbm,2026-03-30,107,final,B-Z,False,False,False
750101311750,CMD2,2,2026-04-13,3558.4081285987386,3634.7664417267283,5399.365773568322,7917.650942950995,8439.90034634506,lgbm,2026-03-30,107,final,B-Z,False,False,False
750101311750,CMD2,3,2026-04-20,3451.5339174793935,3661.9875065131514,5588.953993798307,7765.810315350817,8341.493375709182,lgbm,2026-03-30,107,final,B-Z,False,False,False
750101311750,CMD2,4,2026-04-27,3749.2099253939273,3796.7574143111306,5630.511654287136,8099.115902270594,8612.39849567131,lgbm,2026-03-30,107,final,B-Z,False,False,False
750101311750,CMD2,5,2026-05-04,3073.972592077457,3269.846217498005,5331.780304217262,7971.724908472222,8757.608548861972,lgbm,2026-03-30,107,final,B-Z,False,False,False
750101311750,CMD2,6,2026-05-11,2858.6356627423893,3265.5466904383547,5393.735305743818,8661.278616045818,9779.526992927196,lgbm,2026-03-30,107,final,B-Z,False,False,False
750101311750,CMD2,7,2026-05-18,3074.798725112639,3440.8209752028306,5332.3760117338015,7066.119812414697,8476.60961544253,lgbm,2026-03-30,107,final,B-Z,False,False,False
750101311750,CMD2,8,2026-05-25,2999.615328425573,3266.4845688342057,5141.920574372424,7267.797462398186,8340.426289494771,lgbm,2026-03-30,107,final,B-Z,False,False,False
750101311750,CMTY,1,2026-04-06,642.6397894386622,666.4583671946539,1058.0830482227925,1609.7193398347868,1740.3759096282765,lgbm,2026-03-30,107,final,B-Z,False,False,False
750101311750,CMTY,2,2026-04-13,636.4178035738512,655.6437125726491,1026.949179083829,1645.8698822069425,1761.7306509292018,lgbm,2026-03-30,107,final,B-Z,False,False,False
750101311750,CMTY,3,2026-04-20,520.4618370641003,660.4161378045042,1103.2113632349951,1671.057328416025,2292.1998250963784,lgbm,2026-03-30,107,final,B-Z,False,False,False
750101311750,CMTY,4,2026-04-27,570.1668777099148,719.739603821409,1150.7758336472914,1725.3962586470866,2324.7703446881505,lgbm,2026-03-30,107,final,B-Z,False,False,False
750101311750,CMTY,5,2026-05-04,469.1498235855409,621.0120678163566,1075.5142807010716,1714.668741978857,2368.3829530241924,lgbm,2026-03-30,107,final,B-Z,False,False,False
750101311750,CMTY,6,2026-05-11,443.3292566400533,613.9931051454458,1073.0022832967911,1813.588890573421,2462.246313301795,lgbm,2026-03-30,107,final,B-Z,False,False,False
750101311750,CMTY,7,2026-05-18,488.2273419616361,666.7164083998787,1066.8439839252378,1510.8233603395593,2239.8765514867982,lgbm,2026-03-30,107,final,B-Z,False,False,False
750101311750,CMTY,8,2026-05-25,459.3605009384018,633.1218184124082,1049.6156602643393,1541.836441953633,2291.1750535692167,lgbm,2026-03-30,107,final,B-Z,False,False,False
750101311750,MXLI,1,2026-04-06,653.8112871621685,691.1466809436162,1084.7492775711844,1788.2466507675747,1937.4956055989105,lgbm,2026-03-30,107,final,B-Z,False,False,False
750101311750,MXLI,2,2026-04-13,641.4509405747079,692.9172988348091,1044.1598778347004,1802.1684306960299,1910.141677793873,lgbm,2026-03-30,107,final,B-Z,False,False,False
750101311750,MXLI,3,2026-04-20,551.5728586498354,705.45096767478,1148.3404892233782,1819.9935546730164,2462.2485408294233,lgbm,2026-03-30,107,final,B-Z,False,False,False
750101311750,MXLI,4,2026-04-27,560.9923140191609,760.2784587245561,1237.8659289819695,1905.41803265214,2516.9434837817785,lgbm,2026-03-30,107,final,B-Z,False,False,False
750101311750,MXLI,5,2026-05-04,460.78081820640034,624.4255734745931,1093.5400270525552,1894.2263688406972,2556.4280685344575,lgbm,2026-03-30,107,final,B-Z,False,False,False
750101311750,MXLI,6,2026-05-11,418.61635808721104,606.7295505063753,1068.6643590970732,1992.6474152155463,2649.462052715243,lgbm,2026-03-30,107,final,B-Z,False,False,False
750101311750,MXLI,7,2026-05-18,501.63700493942514,633.455307434415,1058.1623586016035,1661.1568799647466,2269.549961077042,lgbm,2026-03-30,107,final,B-Z,False,False,False
750101311750,MXLI,8,2026-05-25,449.2774201908532,656.247135030636,1049.064318375684,1690.4096825519123,2468.2949779047535,lgbm,2026-03-30,107,final,B-Z,False,False,False
750101311750,TLJ,1,2026-04-06,1132.5065563922712,1200.8188460693173,1761.8026594538749,2491.08308171266,2719.1774093031217,lgbm,2026-03-30,107,final,B-Z,False,False,False
750101311750,TLJ,2,2026-04-13,1126.3664218980978,1157.365629468555,1705.5868308696731,2619.0941522744006,2816.1362830946864,lgbm,2026-03-30,107,final,B-Z,False,False,False
750101311750,TLJ,3,2026-04-20,1133.4733456278166,1199.381023650121,1776.644402202341,2575.7142221526938,2932.188841269056,lgbm,2026-03-30,107,final,B-Z,False,False,False
750101311750,TLJ,4,2026-04-27,1145.4032491773278,1270.8905497000244,1824.8940206497011,2684.6670518188184,3156.8382056087066,lgbm,2026-03-30,107,final,B-Z,False,False,False
750101311750,TLJ,5,2026-05-04,958.8798132003035,1057.6062303940382,1704.9509052820845,2646.8278823793603,3185.3182225498895,lgbm,2026-03-30,107,final,B-Z,False,False,False
750101311750,TLJ,6,2026-05-11,890.4617969623191,1060.449312765655,1690.6004764958784,2860.887142888573,3360.4511326606535,lgbm,2026-03-30,107,final,B-Z,False,False,False
750101311750,TLJ,7,2026-05-18,970.985702469957,1209.3317645207287,1709.5971455150843,2317.921601016475,2991.9730711876473,lgbm,2026-03-30,107,final,B-Z,False,False,False
750101311750,TLJ,8,2026-05-25,934.4524408236439,1099.2361695306176,1668.070541184004,2436.1834259264115,3035.897097570082,lgbm,2026-03-30,107,final,B-Z,False,False,False
750101311750,VHSA,1,2026-04-06,566.3821601804079,598.626324425267,884.4429545037374,1361.7472522904077,1449.5335118967132,lgbm,2026-03-30,107,final,B-Z,False,False,False
750101311750,VHSA,2,2026-04-13,564.7009186875176,590.3084243341934,876.1518961018518,1404.9811816723561,1506.1362984671946,lgbm,2026-03-30,107,final,B-Z,False,False,False
750101311750,VHSA,3,2026-04-20,445.5432571923462,590.329393274145,949.9641443767896,1416.758352797158,1934.960396121977,lgbm,2026-03-30,107,final,B-Z,False,False,False
750101311750,VHSA,4,2026-04-27,462.7560808084691,612.0947369836089,985.8795752728047,1473.4002067354982,2046.3256122686373,lgbm,2026-03-30,107,final,B-Z,False,False,False
750101311750,VHSA,5,2026-05-04,408.1302335586392,549.7570751708777,951.2543040269314,1460.5026269054947,2089.258335167571,lgbm,2026-03-30,107,final,B-Z,False,False,False
750101311750,VHSA,6,2026-05-11,386.69649235427755,512.1772317847905,911.7366055533955,1556.4635867847546,2159.2789845748543,lgbm,2026-03-30,107,final,B-Z,False,False,False
750101311750,VHSA,7,2026-05-18,411.4283508071867,571.7786257114205,921.7866252358954,1296.5278062579061,1970.04488736555,lgbm,2026-03-30,107,final,B-Z,False,False,False
750101311750,VHSA,8,2026-05-25,408.75518452470317,565.4432044057313,903.3946003145156,1320.9535012186645,2017.7339539660443,lgbm,2026-03-30,107,final,B-Z,False,False,False
