upc,cedis,cluster,model,origin,protection_period_days,on_hand_as_of,sales_after_snapshot,on_hand_projected,demand_p50,demand_p90,demand_mean,service_level_target,safety_stock_policy,safety_stock_quantile,safety_stock,safety_stock_binding,order_up_to,moq,order_qty,implied_service_level,expected_fill_rate,expected_lost_sales,days_of_cover_after_order,unit_value,working_capital,stock_value_after_order,ma4_order_qty,ma4_service_level,ma4_expected_lost_sales,ma4_working_capital,ly_order_qty,ly_service_level,ly_working_capital,delta_working_capital_vs_ma4,delta_service_level_vs_ma4,delta_lost_sales_vs_ma4,fq_order_up_to,fq_order_qty,fq_service_level,fq_expected_lost_sales,fq_working_capital,target_stock_value,fq_target_stock_value,flags
750101310276,VHSA,A-X,lgbm,2026-03-30,14,2541.0000,159.0000,2382.0000,719.0393,859.3170,726.0260,0.9500,154.0799,184.8088,184.8088,forecast_quantile,903.8482,100,0.0000,1.0000,1.0000,0.0000,46.3785,49.9176,0.0000,118903.8417,0.0000,1.0000,0.0000,0.0000,0.0000,1.0000,0.0000,0.0000,0.0000,0.0000,903.8482,0.0000,1.0000,0.0000,0.0000,45117.9755,45117.9755,
750101310280,CCUL,A-X,lgbm,2026-03-30,14,6001.0000,182.0000,5819.0000,903.4654,1141.5085,918.6350,0.9500,193.5997,316.2883,316.2883,forecast_quantile,1219.7537,100,0.0000,1.0000,1.0000,0.0000,90.1706,43.6540,0.0000,254022.7562,0.0000,1.0000,0.0000,0.0000,0.0000,1.0000,0.0000,0.0000,0.0000,0.0000,1219.7537,0.0000,1.0000,0.0000,0.0000,53247.1552,53247.1552,
750101310280,MXLI,A-X,lgbm,2026-03-30,14,7370.0000,235.0000,7135.0000,928.9623,1175.4869,944.7626,0.9500,199.0634,327.6336,327.6336,forecast_quantile,1256.5959,100,0.0000,1.0000,1.0000,0.0000,107.5286,43.2991,0.0000,308939.4351,0.0000,1.0000,0.0000,0.0000,0.0000,1.0000,0.0000,0.0000,0.0000,0.0000,1256.5959,0.0000,1.0000,0.0000,0.0000,54409.5357,54409.5357,
750101310409,CCUL,A-X,lgbm,2026-03-30,14,9615.0000,485.0000,9130.0000,2752.6821,3112.7133,2765.3730,0.9500,589.8605,470.4082,589.8605,policy_days,3342.5426,100,0.0000,1.0000,1.0000,0.0000,46.4347,42.8932,0.0000,391614.7606,0.0000,1.0000,0.0000,0.0000,0.0000,1.0000,0.0000,0.0000,0.0000,0.0000,3223.0903,0.0000,1.0000,0.0000,0.0000,143372.2907,138248.6031,
750101310409,MXLI,A-X,lgbm,2026-03-30,14,11156.0000,245.0000,10911.0000,1228.9515,1472.9314,1241.2827,0.9500,263.3467,321.5710,321.5710,forecast_quantile,1550.5225,100,0.0000,1.0000,1.0000,0.0000,124.2962,43.4873,0.0000,474489.4338,0.0000,1.0000,0.0000,0.0000,0.0000,1.0000,0.0000,0.0000,0.0000,0.0000,1550.5225,0.0000,1.0000,0.0000,0.0000,67427.9670,67427.9670,
750101310470,VHSA,A-X,lgbm,2026-03-30,14,2475.0000,290.0000,2185.0000,1110.3997,1756.7202,1183.8636,0.9500,237.9428,890.2896,890.2896,forecast_quantile,2000.6892,100,0.0000,0.9707,0.9915,10.1001,27.5486,47.4358,0.0000,103647.1809,0.0000,0.9707,10.1001,0.0000,0.0000,0.9707,0.0000,0.0000,0.0000,0.0000,2000.6892,0.0000,0.9707,10.1001,0.0000,94904.2549,94904.2549,
61300876519,CMD2,A-Y,lgbm,2026-03-30,14,44566.0000,14250.3355,30315.6645,59646.8258,77747.4557,60935.9955,0.9500,29823.4129,24166.8929,29823.4129,policy_days,89470.2387,100,59200.0000,0.9752,0.9969,186.5702,21.0107,21.4560,1270193.7609,1920645.9208,56200.0000,0.9639,276.9285,1205825.8338,139500.0000,1.0000,2993108.6088,64367.9271,0.0112,-90.3583,83813.7187,53500.0000,0.9500,392.1778,1147894.6994,1919671.2673,1798305.1105,
61300876519,CMTY,A-Y,lgbm,2026-03-30,14,43098.0000,9434.4256,33663.5744,47995.0923,57238.1691,48450.4735,0.9500,23997.5461,12173.4201,23997.5461,policy_days,71992.6384,100,38400.0000,0.9984,0.9999,4.5620,21.0207,21.7276,834340.3529,1565769.4817,36800.0000,0.9974,7.8152,799576.1715,55000.0000,1.0000,1195018.7346,34764.1814,0.0011,-3.2532,60168.5124,26600.0000,0.9512,177.3851,577954.5153,1564228.2126,1307318.1730,
61300876519,MXLI,A-Y,lgbm,2026-03-30,14,48522.0000,2418.6336,46103.3664,10939.9036,14168.9700,11164.9767,0.9500,5469.9518,4306.9699,5469.9518,policy_days,16409.8554,100,0.0000,1.0000,1.0000,0.0000,58.9993,21.5285,0.0000,992534.4634,0.0000,1.0000,0.0000,0.0000,0.0000,1.0000,0.0000,0.0000,0.0000,0.0000,15246.8735,0.0000,1.0000,0.0000,0.0000,353278.9104,328241.7012,
61300876519,TLJ,A-Y,lgbm,2026-03-30,14,44916.0000,6442.2022,38473.7978,25904.3912,32181.2337,26278.3212,0.9500,12952.1956,8318.3968,12952.1956,policy_days,38856.5868,100,400.0000,0.9917,0.9993,19.0237,21.0093,21.6337,8653.4663,840982.7448,0.0000,0.9903,22.6136,0.0000,28300.0000,1.0000,612232.7380,8653.4663,0.0015,-3.5899,34222.7880,0.0000,0.9903,22.6136,0.0000,840610.4069,740364.3525,
61300876522,CCUL,A-Y,lgbm,2026-03-30,14,30056.0000,1343.1032,28712.8968,6034.1021,7961.3887,6176.8966,0.9500,3017.0510,2578.0919,3017.0510,policy_days,9051.1531,100,0.0000,1.0000,1.0000,0.0000,66.6181,20.2053,0.0000,580153.3343,0.0000,1.0000,0.0000,0.0000,0.0000,1.0000,0.0000,0.0000,0.0000,0.0000,8612.1939,0.0000,1.0000,0.0000,0.0000,182881.4654,174012.1538,
61300876522,CMD2,A-Y,lgbm,2026-03-30,14,33792.0000,11927.1601,21864.8399,52407.3262,67051.8046,53385.1466,0.9500,26203.6631,19495.9566,26203.6631,policy_days,78610.9893,100,56800.0000,0.9827,0.9981,100.9471,21.0144,20.7737,1179947.2290,1634161.2651,53400.0000,0.9701,179.4361,1109316.5850,133400.0000,1.0000,2771214.0905,70630.6440,0.0126,-78.4890,71903.2828,50100.0000,0.9505,308.0351,1040763.3129,1633042.5882,1493698.5801,
61300876522,CMTY,A-Y,lgbm,2026-03-30,14,30805.0000,6320.3174,24484.6826,32354.3821,41730.6384,32998.6218,0.9500,16177.1910,12498.0975,16177.1910,policy_days,48531.5731,100,24100.0000,0.9797,0.9977,77.2039,21.0230,20.0984,484372.4332,976476.3869,24500.0000,0.9816,69.4738,492411.8097,38100.0000,0.9996,765750.6102,-8039.3765,-0.0019,7.7300,44852.4795,20400.0000,0.9504,199.3117,410008.2007,975408.9690,901464.9234,
61300876522,MXLI,A-Y,lgbm,2026-03-30,14,32966.0000,1379.0000,31587.0000,6541.6791,8731.1047,6709.7901,0.9500,3270.8396,2934.0508,3270.8396,policy_days,9812.5187,100,0.0000,1.0000,1.0000,0.0000,67.6001,20.4587,0.0000,646230.5182,0.0000,1.0000,0.0000,0.0000,0.0000,1.0000,0.0000,0.0000,0.0000,0.0000,9475.7299,0.0000,1.0000,0.0000,0.0000,200751.8610,193861.5838,
61300876522,TLJ,A-Y,lgbm,2026-03-30,14,30693.0000,4344.0611,26348.9389,19006.8520,23351.5909,19253.6719,0.9500,9503.4260,5748.0898,9503.4260,policy_days,28510.2780,100,2200.0000,0.9943,0.9995,8.7206,21.0285,20.8150,45792.9342,594245.3082,600.0000,0.9851,24.0567,12488.9820,23600.0000,1.0000,491233.2939,33303.9521,0.0092,-15.3360,24754.9419,0.0000,0.9790,34.7240,0.0000,593440.5842,515273.3741,
61300876522,VHSA,A-Y,lgbm,2026-03-30,14,31708.0000,2497.2399,29210.7601,12748.1739,16353.0781,12991.1417,0.9500,6374.0870,4801.0925,6374.0870,policy_days,19122.2609,100,0.0000,1.0000,1.0000,0.0125,32.0792,20.3944,0.0000,595734.6110,0.0000,1.0000,0.0125,0.0000,6000.0000,1.0000,122366.1298,0.0000,0.0000,0.0000,17549.2664,0.0000,1.0000,0.0125,0.0000,389986.1759,357905.9683,
61300876525,CCUL,A-Y,lgbm,2026-03-30,14,29169.0000,2207.0000,26962.0000,11033.8939,13801.9475,11203.4878,0.9500,5516.9469,3672.2394,5516.9469,policy_days,16550.8408,100,0.0000,1.0000,1.0000,0.0001,34.2099,24.2576,0.0000,654034.1570,0.0000,1.0000,0.0001,0.0000,0.0000,1.0000,0.0000,0.0000,0.0000,0.0000,14706.1333,0.0000,1.0000,0.0001,0.0000,401484.1343,356735.9062,
61300876525,CMD2,A-Y,lgbm,2026-03-30,14,29093.0000,8616.0807,20476.9193,37691.0225,43923.4843,37960.6858,0.9500,18845.5112,8179.8446,18845.5112,policy_days,56536.5337,100,36100.0000,0.9997,1.0000,0.5992,21.0150,24.0107,866786.8886,1358452.4045,31700.0000,0.9968,6.3267,761139.7332,65700.0000,1.0000,1577504.1158,105647.1554,0.0029,-5.7275,45870.8670,25400.0000,0.9501,119.4656,609872.2152,1357482.7180,1101392.4135,
61300876525,CMTY,A-Y,lgbm,2026-03-30,14,25869.0000,2896.1554,22972.8446,14980.3825,17288.8719,15074.3553,0.9500,7490.1912,3025.3957,7490.1912,policy_days,22470.5737,100,0.0000,0.9999,1.0000,0.0406,21.4694,23.3145,0.0000,535601.2471,0.0000,0.9999,0.0406,0.0000,8300.0000,1.0000,193510.6610,0.0000,0.0000,0.0000,18005.7782,0.0000,0.9999,0.0406,0.0000,523891.0328,419796.3899,
61300876525,MXLI,A-Y,lgbm,2026-03-30,14,28548.0000,2134.1695,26413.8305,10664.2016,13660.1335,10865.0868,0.9500,5332.1008,3989.1592,5332.1008,policy_days,15996.3023,100,0.0000,1.0000,1.0000,0.0014,34.6762,23.3838,0.0000,617655.4378,0.0000,1.0000,0.0014,0.0000,0.0000,1.0000,0.0000,0.0000,0.0000,0.0000,14653.3607,0.0000,1.0000,0.0014,0.0000,374054.1576,342651.0942,
61300876525,TLJ,A-Y,lgbm,2026-03-30,14,26479.0000,4004.0805,22474.9195,18499.6945,21258.1015,18608.8055,0.9500,9249.8473,3612.6950,9249.8473,policy_days,27749.5418,100,5300.0000,0.9999,1.0000,0.0657,21.0192,24.0660,127549.7843,668431.1291,2900.0000,0.9982,1.4641,69791.3914,24000.0000,1.0000,577583.9287,57758.3929,0.0017,-1.3983,22112.3895,0.0000,0.9637,36.6763,0.0000,667820.3896,532156.6998,
61300876525,VHSA,A-Y,lgbm,2026-03-30,14,30896.0000,2336.0000,28560.0000,11822.7034,14622.6010,11986.4277,0.9500,5911.3517,3708.0534,5911.3517,policy_days,17734.0551,100,0.0000,1.0000,1.0000,0.0000,33.8197,23.5937,0.0000,673834.9850,0.0000,1.0000,0.0000,0.0000,1400.0000,1.0000,33031.1267,0.0000,0.0000,0.0000,15530.7568,0.0000,1.0000,0.0000,0.0000,418411.3012,366427.4252,
61300876528,CMD2,A-Y,lgbm,2026-03-30,14,41974.0000,13273.6710,28700.3290,56830.7295,73298.6991,57962.1581,0.9500,28415.3648,21950.9395,28415.3648,policy_days,85246.0943,100,56600.0000,0.9796,0.9976,136.3316,21.0134,18.3009,1035830.6741,1561072.3904,52300.0000,0.9628,256.8238,957136.8243,139800.0000,1.0000,2558465.1632,78693.8498,0.0167,-120.4922,78781.6690,50100.0000,0.9501,351.9386,916874.8546,1560079.8466,1441775.0761,
61300876528,CMTY,A-Y,lgbm,2026-03-30,14,37182.0000,6109.2841,31072.7159,31085.5255,39575.8662,31642.2865,0.9500,15542.7627,11294.4055,15542.7627,policy_days,46628.2882,100,15600.0000,0.9845,0.9984,51.7082,21.0200,18.2055,284005.0805,849697.9775,15400.0000,0.9836,54.8997,280363.9897,36700.0000,1.0000,668140.1573,3641.0908,0.0009,-3.1915,42379.9310,11400.0000,0.9512,174.8257,207542.1742,848889.1506,771545.8793,
61300876528,TLJ,A-Y,lgbm,2026-03-30,14,40352.0000,5858.1548,34493.8452,24298.4894,30465.0076,24679.8291,0.9500,12149.2447,8183.7428,12149.2447,policy_days,36447.7341,100,2000.0000,0.9894,0.9990,24.6173,21.0266,18.5335,37066.9574,676357.9040,500.0000,0.9806,46.4772,9266.7394,33400.0000,1.0000,619018.1893,27800.2181,0.0088,-21.8599,32482.2322,0.0000,0.9764,57.1774,0.0000,675503.3049,602008.7593,
750101135109,CCUL,A-Y,lgbm,2026-03-30,14,23740.0000,2482.9269,21257.0731,12446.3897,14891.2862,12568.8657,0.9500,6223.1949,3221.5759,6223.1949,policy_days,18669.5846,100,0.0000,0.9999,1.0000,0.0470,23.9105,24.3993,0.0000,518658.3637,0.0000,0.9999,0.0470,0.0000,200.0000,1.0000,4879.8662,0.0000,0.0000,0.0000,15667.9656,0.0000,0.9999,0.0470,0.0000,455525.3749,382287.8799,
750101135109,CMD2,A-Y,lgbm,2026-03-30,14,26234.0000,5858.1589,20375.8411,23484.4051,28015.0155,23707.9441,0.9500,11742.2026,5967.2094,11742.2026,policy_days,35226.6077,100,14900.0000,0.9984,0.9999,2.2505,21.0293,24.6226,366876.0003,868581.1734,14800.0000,0.9983,2.4117,364413.7453,22300.0000,1.0000,549082.8730,2462.2550,0.0001,-0.1612,29451.6145,9100.0000,0.9506,88.0730,224065.2083,867368.9226,725173.8612,
750101135109,CMTY,A-Y,lgbm,2026-03-30,14,25994.0000,4723.5731,21270.4269,19648.7228,23147.6347,19810.0331,0.9500,9824.3614,4599.6710,9824.3614,policy_days,29473.0842,100,8300.0000,0.9993,1.0000,0.7334,21.0694,24.7934,205785.2696,733151.5991,8400.0000,0.9994,0.6669,208264.6102,11500.0000,1.0000,285124.1687,-2479.3406,-0.0001,0.0664,24248.3938,3000.0000,0.9507,66.9324,74380.2179,730738.1416,601200.2725,
750101135109,MXLI,A-Y,lgbm,2026-03-30,14,26486.0000,498.0464,25987.9536,2615.5372,3184.6211,2646.5796,0.9500,1307.7686,751.8646,1307.7686,policy_days,3923.3058,100,0.0000,1.0000,1.0000,0.0000,139.1039,24.8130,0.0000,644838.7525,0.0000,1.0000,0.0000,0.0000,0.0000,1.0000,0.0000,0.0000,0.0000,0.0000,3367.4018,0.0000,1.0000,0.0000,0.0000,97348.9344,83555.2966,
750101135109,TLJ,A-Y,lgbm,2026-03-30,14,24737.0000,2630.4882,22106.5118,10967.5844,13380.9570,11100.4602,0.9500,5483.7922,3189.4937,5483.7922,policy_days,16451.3765,100,0.0000,1.0000,1.0000,0.0023,28.2187,24.8493,0.0000,549331.6755,0.0000,1.0000,0.0023,0.0000,0.0000,1.0000,0.0000,0.0000,0.0000,0.0000,14157.0780,0.0000,1.0000,0.0023,0.0000,408805.4385,351793.6920,
750101135109,VHSA,A-Y,lgbm,2026-03-30,14,25871.0000,813.0000,25058.0000,4631.7369,5495.1945,4673.1247,0.9500,2315.8684,1136.3109,2315.8684,policy_days,6947.6053,100,0.0000,1.0000,1.0000,0.0000,75.7409,24.6701,0.0000,618183.1199,0.0000,1.0000,0.0000,0.0000,0.0000,1.0000,0.0000,0.0000,0.0000,0.0000,5768.0478,0.0000,1.0000,0.0000,0.0000,171398.0505,142298.2595,
750101310054,CCUL,A-Y,lgbm,2026-03-30,14,6514.0000,2329.1644,4184.8356,8925.3331,13149.1077,9342.7200,0.9500,4462.6665,5750.3732,5750.3732,forecast_quantile,14675.7063,100,10500.0000,0.9502,0.9889,103.9343,23.0342,48.8210,512620.6225,716928.5299,10900.0000,0.9587,85.7668,532149.0271,9200.0000,0.9099,449153.3073,-19528.4047,-0.0085,18.1674,14675.7063,10500.0000,0.9502,103.9343,512620.6225,716482.8300,716482.8300,
750101310054,CMD2,A-Y,lgbm,2026-03-30,14,6154.0000,4069.4607,2084.5393,5588.9898,8314.1847,5863.9321,0.9500,2794.4949,3716.0268,3716.0268,forecast_quantile,9305.0166,100,7300.0000,0.9528,0.9891,64.1926,23.5076,48.5056,354090.6552,455202.4200,9100.0000,0.9874,16.8253,441400.6798,11200.0000,0.9974,543262.3751,-87310.0246,-0.0346,47.3673,9305.0166,7300.0000,0.9528,64.1926,354090.6552,451345.1276,451345.1276,
750101310054,CMTY,A-Y,lgbm,2026-03-30,14,6488.0000,601.5214,5886.4786,2584.9540,3729.5966,2692.9063,0.9500,1292.4770,1553.0929,1553.0929,forecast_quantile,4138.0469,100,0.0000,0.9980,0.9996,1.0708,31.8809,49.0800,0.0000,288908.3674,0.0000,0.9980,1.0708,0.0000,400.0000,0.9991,19632.0000,0.0000,0.0000,0.0000,4138.0469,0.0000,0.9980,1.0708,0.0000,203095.3424,203095.3424,
750101310054,MXLI,A-Y,lgbm,2026-03-30,14,6975.0000,521.7814,6453.2186,1188.7215,1826.6927,1257.4321,0.9500,594.3607,874.5665,874.5665,forecast_quantile,2063.2880,100,0.0000,1.0000,1.0000,0.0001,76.0019,48.7215,0.0000,314410.6828,0.0000,1.0000,0.0001,0.0000,0.0000,1.0000,0.0000,0.0000,0.0000,0.0000,2063.2880,0.0000,1.0000,0.0001,0.0000,100526.5472,100526.5472,
750101310054,TLJ,A-Y,lgbm,2026-03-30,14,6958.0000,1038.4610,5919.5390,2965.1695,4342.3776,3099.4970,0.9500,1482.5847,1873.1553,1873.1553,forecast_quantile,4838.3248,100,0.0000,0.9899,0.9979,6.6565,27.9490,48.6778,0.0000,288150.1645,0.0000,0.9899,6.6565,0.0000,0.0000,0.9899,0.0000,0.0000,0.0000,0.0000,4838.3248,0.0000,0.9899,6.6565,0.0000,235519.0285,235519.0285,
750101310054,VHSA,A-Y,lgbm,2026-03-30,14,6355.0000,310.0000,6045.0000,695.7704,1095.2531,740.7713,0.9500,347.8852,549.8193,549.8193,forecast_quantile,1245.5897,100,0.0000,1.0000,1.0000,0.0000,121.6350,48.6007,0.0000,293791.5258,0.0000,1.0000,0.0000,0.0000,0.0000,1.0000,0.0000,0.0000,0.0000,0.0000,1245.5897,0.0000,1.0000,0.0000,0.0000,60536.5909,60536.5909,
750101310312,CCUL,A-Y,lgbm,2026-03-30,14,153597.0000,9136.5405,144460.4595,45780.3725,58695.0164,46649.1657,0.9500,22890.1863,17198.6026,22890.1863,policy_days,68670.5588,100,0.0000,1.0000,1.0000,0.0000,44.1772,18.8256,0.0000,2719558.2339,0.0000,1.0000,0.0000,0.0000,0.0000,1.0000,0.0000,0.0000,0.0000,0.0000,62978.9752,0.0000,1.0000,0.0000,0.0000,1292766.0913,1185618.4805,
750101310312,CMD2,A-Y,lgbm,2026-03-30,14,161094.0000,20281.3190,140812.6810,106214.3082,131082.2412,107654.9671,0.9500,53107.1541,32922.9321,53107.1541,policy_days,159321.4623,100,18600.0000,0.9933,0.9994,59.8485,21.0120,19.2200,357492.0000,3063911.7289,24300.0000,0.9964,31.3884,467046.0000,99500.0000,1.0000,1912390.0000,-109554.0000,-0.0031,28.4601,139137.2403,0.0000,0.9571,430.5192,0.0000,3062158.5059,2674217.7580,
750101310312,CMTY,A-Y,lgbm,2026-03-30,14,162113.0000,13211.9524,148901.0476,70693.6896,96894.9170,72865.5566,0.9500,35346.8448,35259.9820,35346.8448,policy_days,106040.5343,100,0.0000,0.9988,0.9998,13.5516,29.4880,19.1432,0.0000,2850442.4695,0.0000,0.9988,13.5516,0.0000,8100.0000,0.9994,155059.9165,0.0000,0.0000,0.0000,105953.6716,0.0000,0.9988,13.5516,0.0000,2029955.1111,2028292.2800,
750101310312,MXLI,A-Y,lgbm,2026-03-30,14,172445.0000,3484.8461,168960.1539,15650.2083,18832.0313,15814.2597,0.9500,7825.1042,4196.2467,7825.1042,policy_days,23475.3125,100,0.0000,1.0000,1.0000,0.0000,151.1445,18.2551,0.0000,3084380.7030,0.0000,1.0000,0.0000,0.0000,0.0000,1.0000,0.0000,0.0000,0.0000,0.0000,19846.4550,0.0000,1.0000,0.0000,0.0000,428543.6488,362298.5743,
750101310312,TLJ,A-Y,lgbm,2026-03-30,14,161813.0000,23999.9270,137813.0730,112216.2385,155897.8824,115970.3954,0.9500,56108.1192,58910.4083,58910.4083,forecast_quantile,171126.6468,100,33400.0000,0.9502,0.9913,1009.3813,21.3604,18.6845,624063.6091,3199037.3739,41700.0000,0.9665,667.7306,779145.2844,89000.0000,0.9970,1662923.9884,-155081.6753,-0.0163,341.6507,171126.6468,33400.0000,0.9502,1009.3813,624063.6091,3197422.5395,3197422.5395,
750101310312,VHSA,A-Y,lgbm,2026-03-30,14,161357.0000,7278.9296,154078.0704,39966.2405,55329.1506,41274.4522,0.9500,19983.1202,20707.3158,20707.3158,forecast_quantile,60673.5562,100,0.0000,1.0000,1.0000,0.0004,53.9729,18.6875,0.0000,2879330.9043,0.0000,1.0000,0.0004,0.0000,0.0000,1.0000,0.0000,0.0000,0.0000,0.0000,60673.5562,0.0000,1.0000,0.0004,0.0000,1133835.8869,1133835.8869,
750101310314,CCUL,A-Y,lgbm,2026-03-30,14,115782.0000,7211.3359,108570.6641,36932.4999,47151.5672,37609.5431,0.9500,18466.2500,13599.9603,18466.2500,policy_days,55398.7499,100,0.0000,1.0000,1.0000,0.0000,41.1559,19.1258,0.0000,2076498.3589,0.0000,1.0000,0.0000,0.0000,0.0000,1.0000,0.0000,0.0000,0.0000,0.0000,50532.4603,0.0000,1.0000,0.0000,0.0000,1059544.1614,966472.5888,
750101310314,CMD2,A-Y,lgbm,2026-03-30,14,128199.0000,18214.4345,109984.5655,99379.6099,123748.6433,100845.4190,0.9500,49689.8050,32306.6788,49689.8050,policy_days,149069.4149,100,39100.0000,0.9911,0.9992,80.1640,21.0021,19.3666,757234.9183,2887264.4191,42200.0000,0.9936,56.6884,817271.4464,121600.0000,1.0000,2354981.2293,-60036.5280,-0.0025,23.4757,131686.2887,21800.0000,0.9504,497.9408,422192.3585,2886971.0033,2550318.5697,
750101310314,CMTY,A-Y,lgbm,2026-03-30,14,124912.0000,11409.8776,113502.1224,62496.9575,83222.2750,64077.2148,0.9500,31248.4788,27763.9689,31248.4788,policy_days,93745.4363,100,0.0000,0.9962,0.9995,31.6660,25.4257,19.1830,0.0000,2177306.3103,0.0000,0.9962,31.6660,0.0000,28900.0000,0.9999,554387.4515,0.0000,0.0000,0.0000,90260.9264,0.0000,0.9962,31.6660,0.0000,1798314.6543,1731471.4514,
750101310314,MXLI,A-Y,lgbm,2026-03-30,14,127042.0000,2390.0000,124652.0000,12683.2497,17449.4738,13082.3938,0.9500,6341.6249,6417.9148,6417.9148,forecast_quantile,19101.1645,100,0.0000,1.0000,1.0000,0.0000,137.5931,19.8242,0.0000,2471127.0367,0.0000,1.0000,0.0000,0.0000,0.0000,1.0000,0.0000,0.0000,0.0000,0.0000,19101.1645,0.0000,1.0000,0.0000,0.0000,378665.4360,378665.4360,
750101310314,TLJ,A-Y,lgbm,2026-03-30,14,137308.0000,18524.0076,118783.9924,89274.7628,130028.1215,93201.7284,0.9500,44637.3814,55380.0883,55380.0883,forecast_quantile,144654.8511,100,25900.0000,0.9501,0.9893,993.4790,22.6892,19.9739,517324.0294,2889903.7046,25500.0000,0.9491,1013.6460,509334.4691,75700.0000,0.9960,1512024.2866,7989.5603,0.0010,-20.1670,144654.8511,25900.0000,0.9501,993.4790,517324.0294,2889321.6376,2889321.6376,
750101310314,VHSA,A-Y,lgbm,2026-03-30,14,117141.0000,6696.6763,110444.3237,33947.3718,47355.5326,35112.0466,0.9500,16973.6859,18094.4837,18094.4837,forecast_quantile,52041.8555,100,0.0000,1.0000,1.0000,0.0171,45.5476,19.6798,0.0000,2173519.8453,0.0000,1.0000,0.0171,0.0000,0.0000,1.0000,0.0000,0.0000,0.0000,0.0000,52041.8555,0.0000,1.0000,0.0171,0.0000,1024172.1968,1024172.1968,
750101310315,CCUL,A-Y,lgbm,2026-03-30,14,86924.0000,3084.1738,83839.8262,16159.4674,20556.2329,16446.9160,0.9500,8079.7337,5848.1234,8079.7337,policy_days,24239.2011,100,0.0000,1.0000,1.0000,0.0000,72.6359,19.2695,0.0000,1615550.8976,0.0000,1.0000,0.0000,0.0000,0.0000,1.0000,0.0000,0.0000,0.0000,0.0000,22007.5908,0.0000,1.0000,0.0000,0.0000,467077.1020,424075.1046,
750101310315,CMD2,A-Y,lgbm,2026-03-30,14,88126.0000,11068.6750,77057.3250,60558.1268,73505.5899,61254.2286,0.9500,30279.0634,17097.8948,30279.0634,policy_days,90837.1902,100,13800.0000,0.9964,0.9997,16.0724,21.0047,19.1715,264566.3736,1741869.0570,15600.0000,0.9975,10.6505,299075.0310,64400.0000,1.0000,1234643.0766,-34508.6574,-0.0012,5.4219,77656.0216,600.0000,0.9500,259.8663,11502.8858,1741483.0427,1488780.5802,
750101310315,CMTY,A-Y,lgbm,2026-03-30,14,92052.0000,7024.3832,85027.6168,39586.4043,51690.0393,40453.4896,0.9500,19793.2021,16164.4840,19793.2021,policy_days,59379.6064,100,0.0000,0.9999,1.0000,0.5402,30.0706,19.2548,0.0000,1637189.4680,0.0000,0.9999,0.5402,0.0000,1300.0000,0.9999,25031.2356,0.0000,0.0000,0.0000,55750.8883,0.0000,0.9999,0.5402,0.0000,1143342.2452,1073472.0149,
750101310315,MXLI,A-Y,lgbm,2026-03-30,14,93953.0000,1578.0000,92375.0000,8695.7586,11812.2954,8947.7190,0.9500,4347.8793,4188.0883,4347.8793,policy_days,13043.6378,100,0.0000,1.0000,1.0000,0.0000,148.7219,19.3342,0.0000,1785995.2281,0.0000,1.0000,0.0000,0.0000,0.0000,1.0000,0.0000,0.0000,0.0000,0.0000,12883.8469,0.0000,1.0000,0.0000,0.0000,252188.0915,249098.6640,
750101310315,TLJ,A-Y,lgbm,2026-03-30,14,87881.0000,5846.3303,82034.6697,29339.9402,37104.4181,29836.4775,0.9500,14669.9701,10318.1396,14669.9701,policy_days,44009.9103,100,0.0000,1.0000,1.0000,0.0000,39.1441,19.2836,0.0000,1581922.5291,0.0000,1.0000,0.0000,0.0000,0.0000,1.0000,0.0000,0.0000,0.0000,0.0000,39658.0798,0.0000,1.0000,0.0000,0.0000,848668.8474,764749.9544,
750101310315,VHSA,A-Y,lgbm,2026-03-30,14,91052.0000,4788.4449,86263.5551,26106.7139,34274.8178,26702.3664,0.9500,13053.3570,10917.8300,13053.3570,policy_days,39160.0709,100,0.0000,1.0000,1.0000,0.0000,46.2597,18.6349,0.0000,1607510.0055,0.0000,1.0000,0.0000,0.0000,0.0000,1.0000,0.0000,0.0000,0.0000,0.0000,37024.5439,0.0000,1.0000,0.0000,0.0000,729742.7709,689947.5065,
750101310326,CCUL,A-Y,lgbm,2026-03-30,14,10413.0000,756.0000,9657.0000,4103.5637,5306.7163,4186.9894,0.9500,2051.7819,1604.4007,2051.7819,policy_days,6155.3456,100,0.0000,1.0000,1.0000,0.0043,32.9465,22.0818,0.0000,213243.5784,0.0000,1.0000,0.0043,0.0000,0.0000,1.0000,0.0000,0.0000,0.0000,0.0000,5707.9645,0.0000,1.0000,0.0043,0.0000,135920.8788,126041.9147,
750101310326,CMD2,A-Y,lgbm,2026-03-30,14,11082.0000,3507.5493,7574.4507,16955.7197,20756.8189,17168.2313,0.9500,8477.8598,5026.0935,8477.8598,policy_days,25433.5795,100,17900.0000,0.9950,0.9996,6.5934,21.0337,22.3895,400771.4039,570359.2944,18800.0000,0.9974,3.3233,420921.9215,23100.0000,0.9999,517196.6163,-20150.5175,-0.0024,3.2700,21981.8131,14500.0000,0.9527,72.5045,324647.2267,569444.2099,492161.0121,
750101310326,CMTY,A-Y,lgbm,2026-03-30,14,9575.0000,1258.6054,8316.3946,6951.6903,8721.4693,7061.4115,0.9500,3475.8452,2348.9494,3475.8452,policy_days,10427.5355,100,2200.0000,0.9903,0.9991,6.4275,21.1790,22.3889,49255.6058,235450.6300,2500.0000,0.9938,4.0758,55972.2793,2300.0000,0.9916,51494.4970,-6716.6735,-0.0034,2.3517,9300.6397,1000.0000,0.9510,36.0328,22388.9117,233461.1707,208231.2008,
750101310326,MXLI,A-Y,lgbm,2026-03-30,14,12034.0000,579.1117,11454.8883,3576.2645,4388.1344,3622.1258,0.9500,1788.1322,1073.8939,1788.1322,policy_days,5364.3967,100,0.0000,1.0000,1.0000,0.0000,44.8424,22.6469,0.0000,259417.9165,0.0000,1.0000,0.0000,0.0000,0.0000,1.0000,0.0000,0.0000,0.0000,0.0000,4650.1583,0.0000,1.0000,0.0000,0.0000,121487.0526,105311.7550,
750101310326,TLJ,A-Y,lgbm,2026-03-30,14,10479.0000,1465.8398,9013.1602,6490.0286,8521.5241,6638.2264,0.9500,3245.0143,2715.4286,3245.0143,policy_days,9735.0429,100,800.0000,0.9742,0.9967,22.0603,21.1685,22.8281,18262.4699,224015.6780,1500.0000,0.9884,9.5706,34242.1310,300.0000,0.9554,6848.4262,-15979.6611,-0.0142,12.4897,9205.4572,200.0000,0.9504,43.9892,4565.6175,222232.4089,210142.9812,
750101310326,VHSA,A-Y,lgbm,2026-03-30,14,11019.0000,1179.0000,9840.0000,5181.7328,6689.3190,5285.6386,0.9500,2590.8664,2009.8167,2590.8664,policy_days,7772.5992,100,0.0000,0.9994,0.9999,0.3573,26.5857,23.0527,0.0000,226839.0260,0.0000,0.9994,0.3573,0.0000,0.0000,0.9994,0.0000,0.0000,0.0000,0.0000,7191.5495,0.0000,0.9994,0.3573,0.0000,179179.7588,165784.9673,
750101310327,CCUL,A-Y,lgbm,2026-03-30,14,8996.0000,875.0801,8120.9199,4203.3536,5040.8045,4245.8064,0.9500,2101.6768,1103.8777,2101.6768,policy_days,6305.0304,100,0.0000,1.0000,1.0000,0.0004,27.0481,24.2704,0.0000,197098.0485,0.0000,1.0000,0.0004,0.0000,0.0000,1.0000,0.0000,0.0000,0.0000,0.0000,5307.2314,0.0000,1.0000,0.0004,0.0000,153025.6678,128808.6763,
750101310327,CMD2,A-Y,lgbm,2026-03-30,14,10379.0000,3620.9456,6758.0544,18243.0795,21257.4794,18373.4227,0.9500,9121.5398,3956.2115,9121.5398,policy_days,27364.6193,100,20700.0000,0.9997,1.0000,0.2637,21.0717,24.0835,498529.3067,661287.1889,21300.0000,0.9998,0.1306,512979.4316,25900.0000,1.0000,623763.7220,-14450.1248,-0.0002,0.1331,22199.2911,15500.0000,0.9522,55.0488,373294.8915,659036.9405,534637.5449,
750101310327,CMTY,A-Y,lgbm,2026-03-30,14,9322.0000,1405.2330,7916.7670,8258.1881,9706.0758,8324.0609,0.9500,4129.0940,1902.7254,4129.0940,policy_days,12387.2821,100,4500.0000,0.9994,1.0000,0.2625,21.0500,23.4792,105656.3885,291535.7229,4100.0000,0.9985,0.6527,96264.7095,4200.0000,0.9988,98612.6293,9391.6790,0.0009,-0.3902,10160.9135,2300.0000,0.9543,25.4092,54002.1541,290843.4431,238570.0948,
750101310327,MXLI,A-Y,lgbm,2026-03-30,14,12241.0000,737.5491,11503.4509,3550.5923,4473.0566,3608.7214,0.9500,1775.2961,1225.1301,1775.2961,policy_days,5325.8884,100,0.0000,1.0000,1.0000,0.0000,45.3582,23.6342,0.0000,271874.6695,0.0000,1.0000,0.0000,0.0000,0.0000,1.0000,0.0000,0.0000,0.0000,0.0000,4775.7224,0.0000,1.0000,0.0000,0.0000,125873.0239,112870.2988,
750101310327,TLJ,A-Y,lgbm,2026-03-30,14,10365.0000,1340.0000,9025.0000,6281.2712,7949.9290,6388.3086,0.9500,3140.6356,2217.7386,3140.6356,policy_days,9421.9068,100,400.0000,0.9864,0.9986,8.8096,21.0069,24.0924,9636.9590,227070.8457,800.0000,0.9925,4.7014,19273.9179,1100.0000,0.9953,26501.6372,-9636.9590,-0.0062,4.1082,8499.0098,0.0000,0.9757,16.2147,0.0000,226996.3233,204761.5228,
750101310327,VHSA,A-Y,lgbm,2026-03-30,14,11044.0000,1154.0000,9890.0000,5057.4648,6311.0011,5133.5228,0.9500,2528.7324,1662.3886,2528.7324,policy_days,7586.1972,100,0.0000,0.9999,1.0000,0.0213,27.3774,24.0433,0.0000,237788.3253,0.0000,0.9999,0.0213,0.0000,0.0000,0.9999,0.0000,0.0000,0.0000,0.0000,6719.8535,0.0000,0.9999,0.0213,0.0000,182397.2833,161567.5125,
750101310406,CCUL,A-Y,lgbm,2026-03-30,14,34521.0000,2725.5389,31795.4611,14103.9473,16916.3393,14246.6178,0.9500,7051.9736,3707.2071,7051.9736,policy_days,21155.9209,100,0.0000,1.0000,1.0000,0.0000,31.5611,19.2219,0.0000,611169.0802,0.0000,1.0000,0.0000,0.0000,0.0000,1.0000,0.0000,0.0000,0.0000,0.0000,17811.1544,0.0000,1.0000,0.0000,0.0000,406656.9339,342364.1768,
750101310406,CMD2,A-Y,lgbm,2026-03-30,14,39634.0000,16669.5260,22964.4740,75350.9503,87235.5339,75844.5955,0.9500,37675.4752,15582.6673,37675.4752,policy_days,113026.4255,100,90100.0000,0.9998,1.0000,0.6334,21.0071,18.7117,1685924.5389,2115628.9818,78500.0000,0.9954,17.3516,1468868.7714,102700.0000,1.0000,1921692.0105,217055.7675,0.0044,-16.7182,90933.6176,68000.0000,0.9503,225.2391,1272395.8784,2114917.0285,1701522.9447,
750101310406,CMTY,A-Y,lgbm,2026-03-30,14,34920.0000,5641.1110,29278.8890,28300.0186,33243.2173,28524.1938,0.9500,14150.0093,6495.5033,14150.0093,policy_days,42450.0279,100,13200.0000,0.9994,1.0000,0.9024,21.0143,19.4351,256543.1457,825580.8942,8400.0000,0.9887,19.2092,163254.7291,13400.0000,0.9995,260430.1630,93288.4166,0.0107,-18.3068,34795.5219,5600.0000,0.9519,91.7207,108836.4860,825019.9773,676253.9889,
750101310406,MXLI,A-Y,lgbm,2026-03-30,14,33873.0000,1275.3571,32597.6429,5891.3695,7262.2559,5970.3905,0.9500,2945.6848,1814.6084,2945.6848,policy_days,8837.0543,100,0.0000,1.0000,1.0000,0.0000,77.4637,19.2726,0.0000,628239.9233,0.0000,1.0000,0.0000,0.0000,0.0000,1.0000,0.0000,0.0000,0.0000,0.0000,7705.9779,0.0000,1.0000,0.0000,0.0000,170312.6310,148513.8965,
750101310406,TLJ,A-Y,lgbm,2026-03-30,14,38020.0000,7951.3695,30068.6305,36335.4316,42164.3349,36581.1227,0.9500,18167.7158,7645.3244,18167.7158,policy_days,54503.1473,100,24500.0000,0.9998,1.0000,0.3767,21.0252,19.4187,475758.5075,1059652.6620,18500.0000,0.9938,11.7226,359246.2200,25800.0000,0.9999,501002.8365,116512.2876,0.0060,-11.3459,43980.7559,14000.0000,0.9517,107.1867,271862.0043,1058381.0624,854049.7465,
750101310406,VHSA,A-Y,lgbm,2026-03-30,14,35504.0000,3952.0000,31552.0000,18889.3458,22733.0236,19087.6643,0.9500,9444.6729,5069.2250,9444.6729,policy_days,28334.0187,100,0.0000,0.9998,1.0000,0.2263,23.3850,18.8621,0.0000,595136.5842,0.0000,0.9998,0.2263,0.0000,0.0000,0.9998,0.0000,0.0000,0.0000,0.0000,23958.5708,0.0000,0.9998,0.2263,0.0000,534438.7394,451908.6577,
750101310407,CCUL,A-Y,lgbm,2026-03-30,14,32245.0000,2536.3579,29708.6421,13039.3147,16001.7645,13206.7663,0.9500,6519.6573,3918.6413,6519.6573,policy_days,19558.9720,100,0.0000,1.0000,1.0000,0.0001,31.8975,20.4312,0.0000,606982.6146,0.0000,1.0000,0.0001,0.0000,0.0000,1.0000,0.0000,0.0000,0.0000,0.0000,16957.9560,0.0000,1.0000,0.0001,0.0000,399612.8779,346471.0511,
750101310407,CMD2,A-Y,lgbm,2026-03-30,14,34353.0000,13425.7267,20927.2733,58872.1432,68805.1917,59309.4338,0.9500,29436.0716,13042.3526,29436.0716,policy_days,88308.2149,100,67400.0000,0.9996,1.0000,1.2357,21.0045,20.8557,1405673.2825,1842125.9384,59600.0000,0.9950,16.1172,1242998.9263,86500.0000,1.0000,1804016.8981,162674.3561,0.0046,-14.8816,71914.4958,51000.0000,0.9502,190.8354,1063640.0209,1841728.4606,1499826.1924,
750101310407,CMTY,A-Y,lgbm,2026-03-30,14,31602.0000,5284.5422,26317.4578,25725.2904,30671.9212,25968.6806,0.9500,12862.6452,6514.6215,12862.6452,policy_days,38587.9355,100,12300.0000,0.9985,0.9999,2.4190,21.0161,20.6835,254407.0071,798744.0530,10000.0000,0.9940,10.0125,206834.9652,14900.0000,0.9997,308184.0981,47572.0420,0.0045,-7.5934,32239.9118,6000.0000,0.9518,93.6112,124100.9791,798133.4304,666834.1039,
750101310407,MXLI,A-Y,lgbm,2026-03-30,14,32502.0000,1234.1131,31267.8869,5815.9820,7173.0996,5894.3873,0.9500,2907.9910,1796.5277,2907.9910,policy_days,8723.9730,100,0.0000,1.0000,1.0000,0.0000,75.2668,20.4383,0.0000,639063.9344,0.0000,1.0000,0.0000,0.0000,0.0000,1.0000,0.0000,0.0000,0.0000,0.0000,7612.5097,0.0000,1.0000,0.0000,0.0000,178303.5897,155587.1177,
750101310407,TLJ,A-Y,lgbm,2026-03-30,14,31660.0000,7603.6720,24056.3280,32595.2900,39029.6961,32918.9527,0.9500,16297.6450,8479.4869,16297.6450,policy_days,48892.9351,100,24900.0000,0.9981,0.9999,3.9633,21.0272,20.8438,519010.5213,1020435.7160,20700.0000,0.9879,27.4474,431466.5779,30800.0000,0.9999,641988.9179,87543.9433,0.0101,-23.4841,41074.7769,17100.0000,0.9514,123.2847,356428.9122,1019114.3658,856154.2726,
750101310407,VHSA,A-Y,lgbm,2026-03-30,14,36826.0000,3521.2980,33304.7020,16442.7722,20451.6223,16682.7871,0.9500,8221.3861,5313.7185,8221.3861,policy_days,24664.1582,100,0.0000,1.0000,1.0000,0.0218,28.3569,21.0675,0.0000,701647.9357,0.0000,1.0000,0.0218,0.0000,0.0000,1.0000,0.0000,0.0000,0.0000,0.0000,21756.4907,0.0000,1.0000,0.0218,0.0000,519612.9879,458355.6026,
750101310471,VHSA,A-Y,lgbm,2026-03-30,14,2582.0000,231.0000,2351.0000,921.0453,1689.4690,1030.2465,0.9500,460.5227,1085.4590,1085.4590,forecast_quantile,2006.5043,100,0.0000,0.9761,0.9885,11.8734,35.7355,43.5557,0.0000,102399.5059,0.0000,0.9761,11.8734,0.0000,0.0000,0.9761,0.0000,0.0000,0.0000,0.0000,2006.5043,0.0000,0.9761,11.8734,0.0000,87394.7460,87394.7460,
750101310473,CCUL,A-Y,lgbm,2026-03-30,14,5499.0000,162.0000,5337.0000,1074.1324,1458.9866,1105.2396,0.9500,537.0662,517.1715,537.0662,policy_days,1611.1985,100,0.0000,1.0000,1.0000,0.0000,69.5613,42.0553,0.0000,224449.3386,0.0000,1.0000,0.0000,0.0000,0.0000,1.0000,0.0000,0.0000,0.0000,0.0000,1591.3039,0.0000,1.0000,0.0000,0.0000,67759.4990,66922.8221,
750101310473,CMTY,A-Y,lgbm,2026-03-30,14,5718.0000,321.0000,5397.0000,1702.2858,2272.6300,1746.1141,0.9500,851.1429,764.3509,851.1429,policy_days,2553.4286,100,0.0000,1.0000,1.0000,0.0000,44.3862,42.0404,0.0000,226892.2158,0.0000,1.0000,0.0000,0.0000,0.0000,1.0000,0.0000,0.0000,0.0000,0.0000,2466.6367,0.0000,1.0000,0.0000,0.0000,107347.2446,103698.4725,
750101310473,MXLI,A-Y,lgbm,2026-03-30,14,5696.0000,84.0000,5612.0000,426.6990,587.7532,440.2302,0.9500,213.3495,216.9075,216.9075,forecast_quantile,643.6064,100,0.0000,1.0000,1.0000,0.0000,184.1298,42.2179,0.0000,236926.9426,0.0000,1.0000,0.0000,0.0000,0.0000,1.0000,0.0000,0.0000,0.0000,0.0000,643.6064,0.0000,1.0000,0.0000,0.0000,27171.7218,27171.7218,
750101310473,TLJ,A-Y,lgbm,2026-03-30,14,4725.0000,120.0000,4605.0000,627.5916,907.3281,654.0969,0.9500,313.7958,379.6807,379.6807,forecast_quantile,1007.2723,100,0.0000,1.0000,1.0000,0.0000,102.7260,42.2407,0.0000,194518.1985,0.0000,1.0000,0.0000,0.0000,0.0000,1.0000,0.0000,0.0000,0.0000,0.0000,1007.2723,0.0000,1.0000,0.0000,0.0000,42547.8385,42547.8385,
750101310473,VHSA,A-Y,lgbm,2026-03-30,14,5323.0000,158.0000,5165.0000,1161.5625,1698.0267,1213.6806,0.9500,580.7812,729.4393,729.4393,forecast_quantile,1891.0018,100,0.0000,1.0000,1.0000,0.0001,62.2524,41.6291,0.0000,215014.2089,0.0000,1.0000,0.0001,0.0000,0.0000,1.0000,0.0000,0.0000,0.0000,0.0000,1891.0018,0.0000,1.0000,0.0001,0.0000,78720.6673,78720.6673,
750101310474,CCUL,A-Y,lgbm,2026-03-30,14,5518.0000,75.3975,5442.6025,502.4247,672.4492,515.5896,0.9500,251.2123,227.9498,251.2123,policy_days,753.6370,100,0.0000,1.0000,1.0000,0.0000,151.6574,51.0395,0.0000,277787.8629,0.0000,1.0000,0.0000,0.0000,0.0000,1.0000,0.0000,0.0000,0.0000,0.0000,730.3745,0.0000,1.0000,0.0000,0.0000,38465.2763,37277.9703,
750101310474,CMD2,A-Y,lgbm,2026-03-30,14,5110.0000,504.0000,4606.0000,3091.3490,3847.9845,3136.7930,0.9500,1545.6745,1003.0358,1545.6745,policy_days,4637.0236,100,100.0000,0.9930,0.9994,1.9228,21.3124,51.1532,5115.3206,240726.9858,300.0000,0.9966,0.9235,15345.9617,300.0000,0.9966,15345.9617,-10230.6411,-0.0035,0.9993,4094.3849,0.0000,0.9902,2.7526,0.0000,237198.6199,209440.9120,
750101310474,CMTY,A-Y,lgbm,2026-03-30,14,5956.0000,401.3975,5554.6025,2252.4847,2786.2305,2283.7100,0.9500,1126.2423,706.8799,1126.2423,policy_days,3378.7270,100,0.0000,1.0000,1.0000,0.0000,34.5238,51.3214,0.0000,285069.7718,0.0000,1.0000,0.0000,0.0000,0.0000,1.0000,0.0000,0.0000,0.0000,0.0000,2959.3645,0.0000,1.0000,0.0000,0.0000,173400.8774,151878.6236,
750101310474,MXLI,A-Y,lgbm,2026-03-30,14,5714.0000,52.0000,5662.0000,277.2947,395.4605,288.1384,0.9500,138.6473,160.0318,160.0318,forecast_quantile,437.3265,100,0.0000,1.0000,1.0000,0.0000,285.8620,50.9629,0.0000,288552.0690,0.0000,1.0000,0.0000,0.0000,0.0000,1.0000,0.0000,0.0000,0.0000,0.0000,437.3265,0.0000,1.0000,0.0000,0.0000,22287.4348,22287.4348,
750101310474,TLJ,A-Y,lgbm,2026-03-30,14,4899.0000,132.0000,4767.0000,625.9933,851.3184,644.2689,0.9500,312.9967,302.8527,312.9967,policy_days,938.9900,100,0.0000,1.0000,1.0000,0.0000,106.6114,50.9964,0.0000,243099.9420,0.0000,1.0000,0.0000,0.0000,0.0000,1.0000,0.0000,0.0000,0.0000,0.0000,928.8460,0.0000,1.0000,0.0000,0.0000,47885.1302,47367.8231,
750101310474,VHSA,A-Y,lgbm,2026-03-30,14,5222.0000,142.0000,5080.0000,830.0285,1154.2411,857.9628,0.9500,415.0143,437.3102,437.3102,forecast_quantile,1267.3388,100,0.0000,1.0000,1.0000,0.0000,85.6838,51.1621,0.0000,259903.5967,0.0000,1.0000,0.0000,0.0000,0.0000,1.0000,0.0000,0.0000,0.0000,0.0000,1267.3388,0.0000,1.0000,0.0000,0.0000,64839.7448,64839.7448,
750101310475,CCUL,A-Y,lgbm,2026-03-30,14,5213.0000,187.0000,5026.0000,1029.2170,1330.3366,1050.0616,0.9500,514.6085,401.5119,514.6085,policy_days,1543.8255,100,0.0000,1.0000,1.0000,0.0000,68.3665,51.0748,0.0000,256701.8654,0.0000,1.0000,0.0000,0.0000,0.0000,1.0000,0.0000,0.0000,0.0000,0.0000,1430.7289,0.0000,1.0000,0.0000,0.0000,78850.5539,73074.1718,
750101310475,CMD2,A-Y,lgbm,2026-03-30,14,5514.0000,401.0000,5113.0000,2594.0134,3350.0143,2646.1882,0.9500,1297.0067,1007.9121,1297.0067,policy_days,3891.0201,100,0.0000,0.9997,1.0000,0.0929,27.5951,50.6432,0.0000,258938.6282,0.0000,0.9997,0.0929,0.0000,0.0000,0.9997,0.0000,0.0000,0.0000,0.0000,3601.9255,0.0000,0.9997,0.0929,0.0000,197053.6680,182412.9978,
750101310475,CMTY,A-Y,lgbm,2026-03-30,14,5920.0000,326.0000,5594.0000,1869.7349,2344.7112,1899.1311,0.9500,934.8675,630.3726,934.8675,policy_days,2804.6024,100,0.0000,1.0000,1.0000,0.0000,41.8862,51.0683,0.0000,285675.8848,0.0000,1.0000,0.0000,0.0000,0.0000,1.0000,0.0000,0.0000,0.0000,0.0000,2500.1075,0.0000,1.0000,0.0000,0.0000,143226.1830,127676.1568,
750101310475,MXLI,A-Y,lgbm,2026-03-30,14,5853.0000,73.0000,5780.0000,382.9307,564.0547,400.8228,0.9500,191.4654,246.5811,246.5811,forecast_quantile,629.5118,100,0.0000,1.0000,1.0000,0.0000,211.3176,51.1788,0.0000,295813.3169,0.0000,1.0000,0.0000,0.0000,0.0000,1.0000,0.0000,0.0000,0.0000,0.0000,629.5118,0.0000,1.0000,0.0000,0.0000,32217.6430,32217.6430,
750101310475,TLJ,A-Y,lgbm,2026-03-30,14,5577.0000,90.0000,5487.0000,730.0960,1026.1707,756.3124,0.9500,365.0480,400.0384,400.0384,forecast_quantile,1130.1344,100,0.0000,1.0000,1.0000,0.0000,105.2163,51.4572,0.0000,282345.6027,0.0000,1.0000,0.0000,0.0000,0.0000,1.0000,0.0000,0.0000,0.0000,0.0000,1130.1344,0.0000,1.0000,0.0000,0.0000,58153.5397,58153.5397,
750101310475,VHSA,A-Y,lgbm,2026-03-30,14,6030.0000,156.0000,5874.0000,1093.1042,1567.9106,1137.2750,0.9500,546.5521,643.6253,643.6253,forecast_quantile,1736.7294,100,0.0000,1.0000,1.0000,0.0000,75.2316,50.9272,0.0000,299146.4018,0.0000,1.0000,0.0000,0.0000,0.0000,1.0000,0.0000,0.0000,0.0000,0.0000,1736.7294,0.0000,1.0000,0.0000,0.0000,88446.7763,88446.7763,
750101310478,CMD2,A-Y,lgbm,2026-03-30,14,4246.0000,2895.7546,1350.2454,12969.7533,17178.7021,13285.4211,0.9500,6484.8767,5633.6446,6484.8767,policy_days,19454.6300,100,18200.0000,0.9693,0.9958,55.2936,21.1032,40.3848,735002.5292,789531.8597,15500.0000,0.8837,231.5225,625963.6924,20200.0000,0.9897,815772.0379,109038.8367,0.0857,-176.2289,18603.3980,17300.0000,0.9512,90.4835,698656.2502,785670.4528,751293.6564,
750101310478,MXLI,A-Y,lgbm,2026-03-30,14,4334.0000,187.0000,4147.0000,838.4518,1261.8132,882.2019,0.9500,419.2259,578.3811,578.3811,forecast_quantile,1416.8329,100,0.0000,1.0000,1.0000,0.0001,69.2443,40.5060,0.0000,167978.4006,0.0000,1.0000,0.0001,0.0000,0.0000,1.0000,0.0000,0.0000,0.0000,0.0000,1416.8329,0.0000,1.0000,0.0001,0.0000,57390.2401,57390.2401,
750101310478,TLJ,A-Y,lgbm,2026-03-30,14,3050.0000,703.0000,2347.0000,2685.5770,3898.7584,2801.6198,0.9500,1342.7885,1647.7308,1647.7308,forecast_quantile,4333.3077,100,2000.0000,0.9511,0.9897,28.8374,22.6611,40.4790,80957.9389,175962.0801,1100.0000,0.8046,125.6334,44526.8664,1300.0000,0.8536,52622.6603,36431.0725,0.1465,-96.7961,4333.3077,2000.0000,0.9511,28.8374,80957.9389,175407.8307,175407.8307,
750101310478,VHSA,A-Y,lgbm,2026-03-30,14,3864.0000,1331.0000,2533.0000,5773.4144,8001.2275,5963.6566,0.9500,2886.7072,3003.3285,3003.3285,forecast_quantile,8776.7428,100,6300.0000,0.9525,0.9918,48.8232,21.4192,40.1252,252788.6507,354425.7383,4500.0000,0.7808,256.0577,180563.3219,9900.0000,0.9987,397239.3082,72225.3288,0.1717,-207.2345,8776.7428,6300.0000,0.9525,48.8232,252788.6507,352168.4094,352168.4094,
750101310480,CCUL,A-Y,lgbm,2026-03-30,14,13306.0000,543.0000,12763.0000,2344.2589,3092.1758,2399.6253,0.9500,1172.1295,1000.4306,1172.1295,policy_days,3516.3884,100,0.0000,1.0000,1.0000,0.0000,76.2211,37.6656,0.0000,480726.4498,0.0000,1.0000,0.0000,0.0000,0.0000,1.0000,0.0000,0.0000,0.0000,0.0000,3344.6896,0.0000,1.0000,0.0000,0.0000,132446.9871,125979.8432,
750101310480,CMD2,A-Y,lgbm,2026-03-30,14,11520.0000,3074.1795,8445.8205,13680.1297,16762.1620,13853.1434,0.9500,6840.0649,4075.8563,6840.0649,policy_days,20520.1946,100,12100.0000,0.9948,0.9996,5.5820,21.0262,37.2614,450862.9556,765566.0608,9400.0000,0.9532,58.1568,350257.1721,8700.0000,0.9228,324174.1912,100605.7835,0.0416,-52.5748,17755.9861,9400.0000,0.9532,58.1568,350257.1721,764611.2049,661612.9220,
750101310480,TLJ,A-Y,lgbm,2026-03-30,14,11851.0000,971.3637,10879.6363,4351.6328,5813.6533,4464.2176,0.9500,2175.8164,1959.5506,2175.8164,policy_days,6527.4492,100,0.0000,1.0000,1.0000,0.0145,35.0018,37.4970,0.0000,407954.0030,0.0000,1.0000,0.0145,0.0000,0.0000,1.0000,0.0000,0.0000,0.0000,0.0000,6311.1834,0.0000,1.0000,0.0145,0.0000,244759.9315,236650.6059,
750101310480,VHSA,A-Y,lgbm,2026-03-30,14,12229.0000,2079.6251,10149.3749,9488.1654,12237.1372,9677.0095,0.9500,4744.0827,3664.2150,4744.0827,policy_days,14232.2480,100,4100.0000,0.9797,0.9977,22.5759,21.0253,37.4764,153653.2720,534015.3839,1600.0000,0.8592,183.5246,59962.2525,5500.0000,0.9941,206120.2429,93691.0195,0.1206,-160.9487,13152.3804,3100.0000,0.9537,54.2337,116176.8642,533373.5315,492903.9711,
750101310482,CCUL,A-Y,lgbm,2026-03-30,14,10072.0000,361.0000,9711.0000,1816.7750,2541.3455,1880.1606,0.9500,908.3875,978.2480,978.2480,forecast_quantile,2795.0230,100,0.0000,1.0000,1.0000,0.0000,74.8326,36.0897,0.0000,350467.4908,0.0000,1.0000,0.0000,0.0000,0.0000,1.0000,0.0000,0.0000,0.0000,0.0000,2795.0230,0.0000,1.0000,0.0000,0.0000,100871.6597,100871.6597,
750101310482,CMD2,A-Y,lgbm,2026-03-30,14,9612.0000,2973.5287,6638.4713,14250.8171,17080.3384,14393.8417,0.9500,7125.4086,3729.3844,7125.4086,policy_days,21376.2257,100,14800.0000,0.9981,0.9999,1.7689,21.0612,35.9909,532665.5344,771590.1884,11700.0000,0.9628,40.5222,421093.6995,12800.0000,0.9860,460683.7054,111571.8349,0.0352,-38.7534,17980.2015,11400.0000,0.9523,53.1936,410296.4251,769349.9101,647123.8933,
750101310482,MXLI,A-Y,lgbm,2026-03-30,14,8209.0000,222.7405,7986.2595,914.2052,1278.2878,946.0219,0.9500,457.1026,491.5185,491.5185,forecast_quantile,1405.7236,100,0.0000,1.0000,1.0000,0.0000,122.3004,35.3099,0.0000,281994.4199,0.0000,1.0000,0.0000,0.0000,0.0000,1.0000,0.0000,0.0000,0.0000,0.0000,1405.7236,0.0000,1.0000,0.0000,0.0000,49636.0297,49636.0297,
750101310482,TLJ,A-Y,lgbm,2026-03-30,14,9560.0000,1045.0000,8515.0000,4337.7362,5610.8063,4426.0781,0.9500,2168.8681,1697.6948,2168.8681,policy_days,6506.6043,100,0.0000,0.9996,1.0000,0.1828,27.4821,36.1463,0.0000,307785.5159,0.0000,0.9996,0.1828,0.0000,0.0000,0.9996,0.0000,0.0000,0.0000,0.0000,6035.4310,0.0000,0.9996,0.1828,0.0000,235189.4946,218158.3364,
750101310482,VHSA,A-Y,lgbm,2026-03-30,14,9323.0000,1779.8828,7543.1172,8868.7266,11432.2902,9044.5148,0.9500,4434.3633,3416.8009,4434.3633,policy_days,13303.0900,100,5800.0000,0.9804,0.9978,20.3391,21.0632,36.2845,210450.2810,484148.7526,3500.0000,0.8658,162.0665,126995.8592,8500.0000,0.9986,308418.5153,83454.4218,0.1146,-141.7275,12285.5275,4800.0000,0.9524,52.0883,174165.7498,482696.3831,445774.6074,
750101310533,CCUL,A-Y,lgbm,2026-03-30,14,114472.0000,4972.6583,109499.3417,28231.9888,39715.1456,29250.9918,0.9500,14115.9944,15517.4980,15517.4980,forecast_quantile,43749.4868,100,0.0000,1.0000,1.0000,0.0010,54.2998,20.3015,0.0000,2222998.8283,0.0000,1.0000,0.0010,0.0000,0.0000,1.0000,0.0000,0.0000,0.0000,0.0000,43749.4868,0.0000,1.0000,0.0010,0.0000,888179.3850,888179.3850,
750101310533,CMTY,A-Y,lgbm,2026-03-30,14,120624.0000,13406.8710,107217.1290,65801.2802,90418.1667,67855.9884,0.9500,32900.6401,33141.2092,33141.2092,forecast_quantile,98942.4894,100,0.0000,0.9755,0.9961,267.9939,22.8117,20.2596,0.0000,2172173.5440,0.0000,0.9755,267.9939,0.0000,50200.0000,0.9998,1017030.7015,0.0000,0.0000,0.0000,98942.4894,0.0000,0.9755,267.9939,0.0000,2004532.8570,2004532.8570,
750101310533,MXLI,A-Y,lgbm,2026-03-30,14,118605.0000,3396.0000,115209.0000,15482.3479,21610.2546,16015.4538,0.9500,7741.1740,8270.4738,8270.4738,forecast_quantile,23752.8217,100,0.0000,1.0000,1.0000,0.0000,104.1784,20.4321,0.0000,2353965.0277,0.0000,1.0000,0.0000,0.0000,0.0000,1.0000,0.0000,0.0000,0.0000,0.0000,23752.8217,0.0000,1.0000,0.0000,0.0000,485320.6922,485320.6922,
750101310533,TLJ,A-Y,lgbm,2026-03-30,14,123646.0000,8081.1957,115564.8043,42969.2603,58335.1842,44209.4783,0.9500,21484.6301,20647.2421,21484.6301,policy_days,64453.8904,100,0.0000,1.0000,1.0000,0.1069,37.6527,20.2350,0.0000,2338456.6824,0.0000,1.0000,0.1069,0.0000,0.0000,1.0000,0.0000,0.0000,0.0000,0.0000,63616.5024,0.0000,1.0000,0.1069,0.0000,1304226.0729,1287281.5043,
750101310533,VHSA,A-Y,lgbm,2026-03-30,14,109084.0000,5849.1669,103234.8331,38748.7267,54062.7884,40079.5576,0.9500,19374.3633,20667.1017,20667.1017,forecast_quantile,59415.8284,100,0.0000,0.9999,1.0000,0.5495,37.2990,20.0922,0.0000,2074213.5476,0.0000,0.9999,0.5495,0.0000,0.0000,0.9999,0.0000,0.0000,0.0000,0.0000,59415.8284,0.0000,0.9999,0.5495,0.0000,1193793.9222,1193793.9222,
750101310534,CCUL,A-Y,lgbm,2026-03-30,14,115488.0000,6100.3973,109387.6027,32645.1687,42612.3231,33358.4139,0.9500,16322.5844,13310.5087,16322.5844,policy_days,48967.7531,100,0.0000,1.0000,1.0000,0.0000,46.9113,18.7861,0.0000,2054968.3582,0.0000,1.0000,0.0000,0.0000,0.0000,1.0000,0.0000,0.0000,0.0000,0.0000,45955.6774,0.0000,1.0000,0.0000,0.0000,919913.9638,863328.7558,
750101310534,CMTY,A-Y,lgbm,2026-03-30,14,132118.0000,16855.0880,115262.9120,79621.5654,106397.9209,81685.0245,0.9500,39810.7827,35889.8036,39810.7827,policy_days,119432.3481,100,4200.0000,0.9636,0.9948,426.4942,21.0054,19.6039,82336.3007,2341936.7241,18900.0000,0.9895,117.2958,370513.3531,43400.0000,0.9988,850808.4404,-288177.0524,-0.0259,309.1984,115511.3690,300.0000,0.9502,593.4235,5881.1643,2341337.5543,2264471.1450,
750101310534,MXLI,A-Y,lgbm,2026-03-30,14,126215.0000,3389.7211,122825.2789,15185.4350,19544.2011,15482.6837,0.9500,7592.7175,5808.0896,7592.7175,policy_days,22778.1525,100,0.0000,1.0000,1.0000,0.0000,113.2371,19.2541,0.0000,2364885.0337,0.0000,1.0000,0.0000,0.0000,0.0000,1.0000,0.0000,0.0000,0.0000,0.0000,20993.5246,0.0000,1.0000,0.0000,0.0000,438571.8674,404210.5384,
750101310534,TLJ,A-Y,lgbm,2026-03-30,14,124899.0000,9253.7158,115645.2842,50540.9020,66809.2611,51753.4261,0.9500,25270.4510,21768.2707,25270.4510,policy_days,75811.3530,100,0.0000,0.9999,1.0000,0.4482,32.0341,19.2984,0.0000,2231770.0216,0.0000,0.9999,0.4482,0.0000,0.0000,0.9999,0.0000,0.0000,0.0000,0.0000,72309.1727,0.0000,0.9999,0.4482,0.0000,1463038.5148,1395452.0055,
750101310534,VHSA,A-Y,lgbm,2026-03-30,14,116290.0000,8063.9921,108226.0079,50824.7327,67450.8805,52079.3245,0.9500,25412.3664,22260.8333,25412.3664,policy_days,76237.0991,100,0.0000,0.9997,1.0000,2.0039,29.8116,19.2979,0.0000,2088533.8680,0.0000,0.9997,2.0039,0.0000,0.0000,0.9997,0.0000,0.0000,0.0000,0.0000,73085.5660,0.0000,0.9997,2.0039,0.0000,1471215.3441,1410397.3973,
539153751156,CMD2,A-Z,lgbm,2026-03-30,14,1672.0000,0.0000,1672.0000,0.2143,13.6371,0.6600,0.9500,0.2143,2.3120,2.3120,forecast_quantile,2.5263,100,0.0000,1.0000,1.0000,0.0000,109247.7125,45.3413,0.0000,75810.6488,0.0000,1.0000,0.0000,0.0000,0.0000,1.0000,0.0000,0.0000,0.0000,0.0000,2.5263,0.0000,1.0000,0.0000,0.0000,114.5440,114.5440,discontinued_review
750101135068,CCUL,A-Z,lgbm,2026-03-30,14,845.0000,39.0000,806.0000,243.2719,341.9674,252.0138,0.9500,243.2719,133.3540,243.2719,policy_days,486.5438,100,0.0000,1.0000,1.0000,0.0002,46.3843,43.3672,0.0000,34953.9919,0.0000,1.0000,0.0002,0.0000,0.0000,1.0000,0.0000,0.0000,0.0000,0.0000,376.6259,0.0000,1.0000,0.0002,0.0000,21100.0596,16333.2262,
750101135068,CMD2,A-Z,lgbm,2026-03-30,14,1204.0000,522.0000,682.0000,2242.9314,2994.1458,2300.6429,0.9500,2242.9314,1006.7310,2242.9314,policy_days,4485.8627,100,3900.0000,0.9992,0.9999,0.2276,28.6001,43.0522,167903.7665,197265.3996,3600.0000,0.9979,0.6203,154988.0922,5800.0000,1.0000,249703.0374,12915.6743,0.0013,-0.3927,3249.6624,2600.0000,0.9544,15.1571,111935.8444,193126.4741,139905.2694,
750101135068,CMTY,A-Z,lgbm,2026-03-30,14,1069.0000,85.0000,984.0000,382.2972,520.7693,393.5809,0.9500,382.2972,186.1653,382.2972,policy_days,764.5943,100,0.0000,1.0000,1.0000,0.0025,36.0348,43.1671,0.0000,42476.4380,0.0000,1.0000,0.0025,0.0000,200.0000,1.0000,8633.4224,0.0000,0.0000,0.0000,568.4624,0.0000,1.0000,0.0025,0.0000,33005.3285,24538.8820,
750101135068,MXLI,A-Z,lgbm,2026-03-30,14,1100.0000,62.0000,1038.0000,213.4367,317.7756,223.9820,0.9500,213.4367,142.2941,213.4367,policy_days,426.8734,100,0.0000,1.0000,1.0000,0.0000,68.0858,42.8296,0.0000,44457.1085,0.0000,1.0000,0.0000,0.0000,0.0000,1.0000,0.0000,0.0000,0.0000,0.0000,355.7308,0.0000,1.0000,0.0000,0.0000,18282.8083,15235.8027,
750101135068,TLJ,A-Z,lgbm,2026-03-30,14,1240.0000,74.0000,1166.0000,348.6295,465.1968,357.5732,0.9500,348.6295,156.2058,348.6295,policy_days,697.2590,100,0.0000,1.0000,1.0000,0.0000,46.8233,43.0031,0.0000,50141.6648,0.0000,1.0000,0.0000,0.0000,0.0000,1.0000,0.0000,0.0000,0.0000,0.0000,504.8353,0.0000,1.0000,0.0000,0.0000,29984.3284,21709.5051,
750101135069,CMD2,A-Z,lgbm,2026-03-30,14,1292.0000,301.0000,991.0000,1468.6769,1897.8718,1498.3604,0.9500,1468.6769,572.2638,1468.6769,policy_days,2937.3538,100,2000.0000,0.9998,1.0000,0.0294,28.5114,41.7446,83489.2004,124858.0993,1800.0000,0.9993,0.1052,75140.2804,3300.0000,1.0000,137757.1807,8348.9200,0.0005,-0.0758,2040.9407,1100.0000,0.9613,7.0062,45919.0602,122618.6606,85198.2552,
750101135069,CMTY,A-Z,lgbm,2026-03-30,14,856.0000,63.0000,793.0000,298.4368,415.7197,308.5871,0.9500,298.4368,158.2389,298.4368,policy_days,596.8736,100,0.0000,0.9999,1.0000,0.0041,37.2005,42.2245,0.0000,33484.0327,0.0000,0.9999,0.0041,0.0000,100.0000,1.0000,4222.4505,0.0000,0.0000,0.0000,456.6757,0.0000,0.9999,0.0041,0.0000,25202.6935,19282.9049,
750101135069,MXLI,A-Z,lgbm,2026-03-30,14,1170.0000,29.0000,1141.0000,122.1100,181.8443,128.1501,0.9500,122.1100,81.4667,122.1100,policy_days,244.2201,100,0.0000,1.0000,1.0000,0.0000,130.8164,42.1909,0.0000,48139.8671,0.0000,1.0000,0.0000,0.0000,0.0000,1.0000,0.0000,0.0000,0.0000,0.0000,203.5768,0.0000,1.0000,0.0000,0.0000,10303.8756,8589.0969,
750101135069,TLJ,A-Z,lgbm,2026-03-30,14,1154.0000,71.0000,1083.0000,276.4557,398.5735,287.9528,0.9500,276.4557,165.6738,276.4557,policy_days,552.9115,100,0.0000,1.0000,1.0000,0.0001,54.8442,41.4363,0.0000,44875.4887,0.0000,1.0000,0.0001,0.0000,0.0000,1.0000,0.0000,0.0000,0.0000,0.0000,442.1295,0.0000,1.0000,0.0001,0.0000,22910.5924,18320.2003,
750101135069,VHSA,A-Z,lgbm,2026-03-30,14,1226.0000,51.0000,1175.0000,213.3028,321.9331,224.5945,0.9500,213.3028,148.4768,213.3028,policy_days,426.6057,100,0.0000,1.0000,1.0000,0.0000,77.1204,42.1520,0.0000,49528.5674,0.0000,1.0000,0.0000,0.0000,0.0000,1.0000,0.0000,0.0000,0.0000,0.0000,361.7796,0.0000,1.0000,0.0000,0.0000,17982.2711,15249.7251,
750101310014,CCUL,A-Z,lgbm,2026-03-30,14,3262.0000,312.0000,2950.0000,3021.9650,5817.3292,3443.5129,0.9500,3021.9650,3982.2068,3982.2068,forecast_quantile,7004.1717,100,4100.0000,0.9513,0.9739,89.8078,32.6609,47.5182,194824.7314,335003.5016,2200.0000,0.8516,259.3884,104540.0998,0.0000,0.4812,0.0000,90284.6316,0.0997,-169.5805,7004.1717,4100.0000,0.9513,89.8078,194824.7314,332825.8235,332825.8235,
750101310014,CMD2,A-Z,lgbm,2026-03-30,14,3164.0000,1741.0000,1423.0000,8124.8080,12359.5231,8571.9758,0.9500,8124.8080,5795.5260,8124.8080,policy_days,16249.6159,100,14900.0000,0.9835,0.9959,35.4689,28.1264,47.8592,713101.3471,781204.9188,14100.0000,0.9760,51.4925,674814.0265,8200.0000,0.6974,392445.0367,38287.3207,0.0074,-16.0236,13920.3339,12500.0000,0.9501,108.1884,598239.3852,777692.8182,666215.3598,
750101310014,CMTY,A-Z,lgbm,2026-03-30,14,2705.0000,338.0000,2367.0000,2031.1715,3752.7514,2278.0919,0.9500,2031.1715,2434.9251,2434.9251,forecast_quantile,4466.0965,100,2100.0000,0.9500,0.9762,54.2103,30.7891,47.7521,100279.4077,213308.6258,1400.0000,0.9014,104.2606,66852.9385,0.0000,0.6253,0.0000,33426.4692,0.0487,-50.0503,4466.0965,2100.0000,0.9500,54.2103,100279.4077,213265.4834,213265.4834,
750101310014,MXLI,A-Z,lgbm,2026-03-30,14,3515.0000,230.0000,3285.0000,1441.9742,2855.9094,1662.2742,0.9500,1441.9742,2024.4317,2024.4317,forecast_quantile,3466.4059,100,200.0000,0.9510,0.9717,47.0957,33.8356,46.9966,9399.3173,163783.1041,0.0000,0.9387,58.0734,0.0000,0.0000,0.9387,0.0000,9399.3173,0.0123,-10.9777,3466.4059,200.0000,0.9510,47.0957,9399.3173,162909.2425,162909.2425,
750101310014,TLJ,A-Z,lgbm,2026-03-30,14,3628.0000,481.0000,3147.0000,2863.7728,5278.1423,3208.9840,0.9500,2863.7728,3413.3223,3413.3223,forecast_quantile,6277.0951,100,3200.0000,0.9523,0.9774,72.4768,31.0283,47.3923,151655.3043,300798.8176,2400.0000,0.9171,123.3820,113741.4782,0.0000,0.5783,0.0000,37913.8261,0.0353,-50.9052,6277.0951,3200.0000,0.9523,72.4768,151655.3043,297485.8657,297485.8657,
750101310014,VHSA,A-Z,lgbm,2026-03-30,14,3689.0000,352.0000,3337.0000,2035.1741,3407.5042,2206.5955,0.9500,2035.1741,1908.4043,2035.1741,policy_days,4070.3482,100,800.0000,0.9611,0.9862,30.3587,28.4585,47.3333,37866.6163,195817.7395,500.0000,0.9426,44.6245,23666.6352,0.0000,0.8906,0.0000,14199.9811,0.0186,-14.2658,3943.5783,700.0000,0.9557,34.5103,33133.2893,192662.8895,186662.4592,
750101310055,CCUL,A-Z,lgbm,2026-03-30,14,607.0000,700.6281,0.0000,3603.5439,6233.7227,3948.5964,0.9500,3603.5439,3677.9783,3677.9783,forecast_quantile,7281.5223,100,7300.0000,0.9506,0.9807,76.3143,28.3610,41.8623,305594.5349,305594.5349,6900.0000,0.9356,98.9364,288849.6289,6200.0000,0.8978,259546.0434,16744.9060,0.0150,-22.6221,7281.5223,7300.0000,0.9506,76.3143,305594.5349,304821.0149,304821.0149,
750101310055,CMD2,A-Z,lgbm,2026-03-30,14,884.0000,2799.2085,0.0000,8148.4100,11428.6497,8437.3209,0.9500,8148.4100,4430.5658,8148.4100,policy_days,16296.8201,100,16300.0000,0.9957,0.9993,6.2646,28.0055,41.6818,679413.4874,679413.4874,16000.0000,0.9947,7.7004,666908.9447,4700.0000,0.0186,195904.5025,12504.5427,0.0010,-1.4358,12578.9758,12600.0000,0.9506,75.8604,525190.7939,679280.9423,524314.4673,
750101310055,CMTY,A-Z,lgbm,2026-03-30,14,963.0000,1244.0000,0.0000,3864.5315,5383.8729,3996.0620,0.9500,3864.5315,2049.9438,3864.5315,policy_days,7729.0629,100,7800.0000,0.9967,0.9994,2.2018,28.2570,42.1339,328644.6232,328644.6232,7100.0000,0.9906,6.2891,299150.8750,6800.0000,0.9855,286510.6972,29493.7482,0.0060,-4.0873,5914.4753,6000.0000,0.9555,31.3260,252803.5563,325655.7660,249200.0641,
750101310055,MXLI,A-Z,lgbm,2026-03-30,14,485.0000,230.0376,254.9624,1105.6367,2261.8647,1292.2591,0.9500,1105.6367,1665.0631,1665.0631,forecast_quantile,2770.6998,100,2600.0000,0.9553,0.9716,36.6704,36.1506,42.0062,109216.2404,119926.2526,1600.0000,0.8229,132.1156,67209.9941,1200.0000,0.6885,50407.4956,42006.2463,0.1324,-95.4451,2770.6998,2600.0000,0.9553,36.6704,109216.2404,116386.6975,116386.6975,
750101310055,TLJ,A-Z,lgbm,2026-03-30,14,1182.0000,767.8006,414.1994,3212.2269,5019.5328,3413.1071,0.9500,3212.2269,2484.4171,3212.2269,policy_days,6424.4538,100,6100.0000,0.9788,0.9941,20.1156,28.3911,41.9141,255675.9657,273036.7572,5300.0000,0.9509,46.7124,222144.6915,4500.0000,0.8889,188613.4174,33531.2742,0.0279,-26.5968,5696.6441,5300.0000,0.9509,46.7124,222144.6915,269275.1535,238769.6674,
750101310055,VHSA,A-Z,lgbm,2026-03-30,14,567.0000,400.0000,167.0000,1254.3094,1955.1952,1331.8580,0.9500,1254.3094,963.0808,1254.3094,policy_days,2508.6188,100,2400.0000,0.9807,0.9947,7.1018,28.6516,41.8534,100448.0657,107437.5770,2200.0000,0.9666,12.2483,92077.3936,0.0000,0.0000,0.0000,8370.6721,0.0140,-5.1465,2217.3902,2100.0000,0.9562,16.0818,87892.0575,104994.1257,92805.2300,
750101310119,CMD2,A-Z,lgbm,2026-03-30,14,4019.0000,26.4048,3992.5952,110.3894,256.4749,137.0534,0.9500,110.3894,215.3229,215.3229,forecast_quantile,325.7123,100,0.0000,1.0000,1.0000,0.0000,506.3559,51.5191,0.0000,205695.0737,0.0000,1.0000,0.0000,0.0000,0.0000,1.0000,0.0000,0.0000,0.0000,0.0000,325.7123,0.0000,1.0000,0.0000,0.0000,16780.4174,16780.4174,
750101310119,CMTY,A-Z,lgbm,2026-03-30,14,4825.0000,27.1578,4797.8422,201.5311,542.9862,271.7847,0.9500,201.5311,517.6105,517.6105,forecast_quantile,719.1416,100,0.0000,1.0000,0.9999,0.0204,333.2974,51.5381,0.0000,247271.6217,0.0000,1.0000,0.0204,0.0000,0.0000,1.0000,0.0000,0.0000,0.0000,0.0000,719.1416,0.0000,1.0000,0.0204,0.0000,37063.1835,37063.1835,
750101310119,TLJ,A-Z,lgbm,2026-03-30,14,4343.0000,0.0000,4343.0000,49.0386,163.9744,76.4168,0.9500,49.0386,181.8434,181.8434,forecast_quantile,230.8820,100,0.0000,1.0000,1.0000,0.0009,1239.8804,50.9767,0.0000,221391.6671,0.0000,1.0000,0.0009,0.0000,0.0000,1.0000,0.0000,0.0000,0.0000,0.0000,230.8820,0.0000,1.0000,0.0009,0.0000,11769.5956,11769.5956,discontinued_review
750101310278,CCUL,A-Z,lgbm,2026-03-30,14,25174.0000,1149.0000,24025.0000,5475.5574,6965.6631,5572.9912,0.9500,5475.5574,1981.9972,5475.5574,policy_days,10951.1148,100,0.0000,1.0000,1.0000,0.0000,61.4275,18.7172,0.0000,449679.8959,0.0000,1.0000,0.0000,0.0000,0.0000,1.0000,0.0000,0.0000,0.0000,0.0000,7457.5546,0.0000,1.0000,0.0000,0.0000,204973.8258,139584.2821,
750101310278,CMD2,A-Z,lgbm,2026-03-30,14,31181.0000,19417.7621,11763.2379,83095.4981,98885.0144,83864.6502,0.9500,83095.4981,20788.5113,83095.4981,policy_days,166190.9961,100,154500.0000,1.0000,1.0000,0.0007,28.0122,18.4178,2845553.6225,3062206.8546,140300.0000,1.0000,0.0186,2584020.5388,173700.0000,1.0000,3199175.8203,261533.0838,0.0000,-0.0180,103884.0094,92200.0000,0.9506,306.3850,1698123.2621,3060876.3179,1913317.2771,
750101310278,CMTY,A-Z,lgbm,2026-03-30,14,25447.0000,8523.7100,16923.2900,39134.6874,46840.1320,39521.4492,0.9500,39134.6874,10153.8544,39134.6874,policy_days,78269.3749,100,61400.0000,1.0000,1.0000,0.0008,28.0193,18.5115,1136604.6365,1449879.7161,56300.0000,1.0000,0.0086,1042196.1081,60600.0000,1.0000,1121795.4556,94408.5284,0.0000,-0.0078,49288.5418,32400.0000,0.9505,150.6528,599771.8277,1448881.6672,912403.6676,
750101310278,MXLI,A-Z,lgbm,2026-03-30,14,26211.0000,958.3579,25252.6421,4183.4655,5126.8968,4236.4690,0.9500,4183.4655,1247.6822,4183.4655,policy_days,8366.9310,100,0.0000,1.0000,1.0000,0.0000,84.5082,18.6772,0.0000,471649.4943,0.0000,1.0000,0.0000,0.0000,0.0000,1.0000,0.0000,0.0000,0.0000,0.0000,5431.1477,0.0000,1.0000,0.0000,0.0000,156271.1235,101438.8136,
750101310278,TLJ,A-Z,lgbm,2026-03-30,14,25015.0000,5043.8140,19971.1860,22303.9103,26605.5163,22516.0978,0.9500,22303.9103,5665.5499,22303.9103,policy_days,44607.8206,100,24700.0000,1.0000,1.0000,0.0003,28.0398,18.5573,458365.4477,828976.8488,19700.0000,1.0000,0.0174,365578.9199,27600.0000,1.0000,512181.6339,92786.5279,0.0000,-0.0172,27969.4602,8000.0000,0.9500,84.6737,148458.4446,827800.9579,519037.8192,
750101310278,VHSA,A-Z,lgbm,2026-03-30,14,27524.0000,2538.5580,24985.4420,12690.3396,15820.0556,12879.4686,0.9500,12690.3396,4149.8695,12690.3396,policy_days,25380.6792,100,400.0000,1.0000,1.0000,0.0282,28.0053,18.1236,7249.4376,460075.4440,0.0000,1.0000,0.0418,0.0000,100.0000,1.0000,1812.3594,7249.4376,0.0000,-0.0136,16840.2091,0.0000,1.0000,0.0418,0.0000,459989.1261,305205.1136,
750101310283,CCUL,A-Z,lgbm,2026-03-30,14,10160.0000,411.0000,9749.0000,1922.9543,2470.8529,1960.1026,0.9500,1922.9543,729.8932,1922.9543,policy_days,3845.9085,100,0.0000,1.0000,1.0000,0.0000,70.9772,22.0489,0.0000,214954.2829,0.0000,1.0000,0.0000,0.0000,0.0000,1.0000,0.0000,0.0000,0.0000,0.0000,2652.8474,0.0000,1.0000,0.0000,0.0000,84797.8780,58492.2474,
750101310283,CMD2,A-Z,lgbm,2026-03-30,14,10939.0000,4053.6032,6885.3968,20579.5224,24726.0309,20791.7094,0.9500,20579.5224,5467.2353,20579.5224,policy_days,41159.0447,100,34300.0000,1.0000,1.0000,0.0007,28.0179,22.4119,768728.8395,923043.7978,35300.0000,1.0000,0.0003,791140.7590,44700.0000,1.0000,1001812.8025,-22411.9195,-0.0000,0.0004,26046.7576,19200.0000,0.9511,80.4268,430308.8548,922453.1973,583757.8358,
750101310283,CMTY,A-Z,lgbm,2026-03-30,14,11095.0000,1809.0341,9285.9659,9991.1824,12276.0548,10121.0304,0.9500,9991.1824,3022.9244,9991.1824,policy_days,19982.3647,100,10700.0000,1.0000,1.0000,0.0056,28.0050,22.3019,238630.5446,445725.4129,11300.0000,1.0000,0.0024,252011.6966,11200.0000,1.0000,249781.5046,-13381.1520,-0.0000,0.0032,13014.1067,3800.0000,0.9534,43.0068,84747.2962,445645.1002,290239.5680,
750101310283,MXLI,A-Z,lgbm,2026-03-30,14,11743.0000,448.4389,11294.5611,2636.3671,3254.8766,2672.2584,0.9500,2636.3671,818.9001,2636.3671,policy_days,5272.7342,100,0.0000,1.0000,1.0000,0.0000,59.9779,22.1734,0.0000,250438.9331,0.0000,1.0000,0.0000,0.0000,0.0000,1.0000,0.0000,0.0000,0.0000,0.0000,3455.2672,0.0000,1.0000,0.0000,0.0000,116914.4970,76615.0557,
750101310283,TLJ,A-Z,lgbm,2026-03-30,14,10060.0000,955.0000,9105.0000,4379.8802,5472.5958,4446.5314,0.9500,4379.8802,1449.4050,4379.8802,policy_days,8759.7604,100,0.0000,1.0000,1.0000,0.0045,29.1035,22.3335,0.0000,203346.5189,300.0000,1.0000,0.0019,6700.0500,0.0000,1.0000,0.0000,-6700.0500,-0.0000,0.0026,5829.2852,0.0000,1.0000,0.0045,0.0000,195636.1099,130188.3421,
750101310283,VHSA,A-Z,lgbm,2026-03-30,14,11198.0000,602.0000,10596.0000,2974.4752,3923.7394,3044.7628,0.9500,2974.4752,1269.7716,2974.4752,policy_days,5948.9505,100,0.0000,1.0000,1.0000,0.0000,49.8723,22.2537,0.0000,235799.8198,0.0000,1.0000,0.0000,0.0000,0.0000,1.0000,0.0000,0.0000,0.0000,0.0000,4244.2469,0.0000,1.0000,0.0000,0.0000,132385.9432,94450.0426,
750101310340,CCUL,A-Z,lgbm,2026-03-30,14,81748.0000,2313.3736,79434.6264,14939.2136,23803.3536,15959.4905,0.9500,14939.2136,12224.5748,14939.2136,policy_days,29878.4273,100,0.0000,1.0000,1.0000,0.0134,74.4406,17.8774,0.0000,1420081.9948,0.0000,1.0000,0.0134,0.0000,0.0000,1.0000,0.0000,0.0000,0.0000,0.0000,27163.7884,0.0000,1.0000,0.0134,0.0000,534147.6194,485617.0232,
750101310340,CMTY,A-Z,lgbm,2026-03-30,14,89095.0000,5498.9042,83596.0958,33506.1771,51238.3738,35398.0393,0.9500,33506.1771,24288.8071,33506.1771,policy_days,67012.3542,100,0.0000,0.9971,0.9992,26.7007,34.9292,18.0212,0.0000,1506499.7607,0.0000,0.9971,26.7007,0.0000,13800.0000,0.9994,248692.1968,0.0000,0.0000,0.0000,57794.9842,0.0000,0.9971,26.7007,0.0000,1207641.2737,1041533.4475,
750101310340,MXLI,A-Z,lgbm,2026-03-30,14,95496.0000,897.7507,94598.2493,5311.1364,8506.6618,5682.2942,0.9500,5311.1364,4410.7916,5311.1364,policy_days,10622.2729,100,0.0000,1.0000,1.0000,0.0000,249.3582,18.4900,0.0000,1749123.9018,0.0000,1.0000,0.0000,0.0000,0.0000,1.0000,0.0000,0.0000,0.0000,0.0000,9721.9281,0.0000,1.0000,0.0000,0.0000,196406.0808,179758.6834,
750101310340,TLJ,A-Z,lgbm,2026-03-30,14,87075.0000,2805.0000,84270.0000,14736.6430,22100.6964,15492.2444,0.9500,14736.6430,10054.7888,14736.6430,policy_days,29473.2861,100,0.0000,1.0000,1.0000,0.0001,80.0576,17.8941,0.0000,1507934.3577,0.0000,1.0000,0.0001,0.0000,0.0000,1.0000,0.0000,0.0000,0.0000,0.0000,24791.4318,0.0000,1.0000,0.0001,0.0000,527397.4210,443619.9334,
750101310340,VHSA,A-Z,lgbm,2026-03-30,14,89797.0000,2935.3902,86861.6098,18624.5914,30215.5848,20000.5997,0.9500,18624.5914,16033.4471,18624.5914,policy_days,37249.1828,100,0.0000,1.0000,1.0000,0.1796,65.2934,18.1723,0.0000,1578476.6299,0.0000,1.0000,0.1796,0.0000,0.0000,1.0000,0.0000,0.0000,0.0000,0.0000,34658.0385,0.0000,1.0000,0.1796,0.0000,676903.9248,629816.8311,
750101310341,CCUL,A-Z,lgbm,2026-03-30,14,59737.0000,1151.8272,58585.1728,6917.7279,9032.1797,7069.1673,0.9500,6917.7279,2823.8321,6917.7279,policy_days,13835.4557,100,0.0000,1.0000,1.0000,0.0000,118.5638,22.7408,0.0000,1332272.4740,0.0000,1.0000,0.0000,0.0000,0.0000,1.0000,0.0000,0.0000,0.0000,0.0000,9741.5599,0.0000,1.0000,0.0000,0.0000,314629.0431,221530.6627,
750101310341,CMTY,A-Z,lgbm,2026-03-30,14,84368.0000,6619.7332,77748.2668,40358.2709,54495.8910,41481.8436,0.9500,40358.2709,18980.5882,40358.2709,policy_days,80716.5419,100,3000.0000,0.9985,0.9998,8.8975,28.0110,23.1700,69510.0000,1870937.3406,4800.0000,0.9989,6.5116,111216.0000,0.0000,0.9974,0.0000,-41706.0000,-0.0004,2.3859,59338.8591,0.0000,0.9974,14.9377,0.0000,1870202.2747,1374881.3665,
750101310341,MXLI,A-Z,lgbm,2026-03-30,14,71581.0000,166.0000,71415.0000,310.8223,664.5324,370.5545,0.9500,310.8223,513.4444,513.4444,forecast_quantile,824.2666,100,0.0000,1.0000,1.0000,0.0000,3216.6616,22.3885,0.0000,1598873.4225,0.0000,1.0000,0.0000,0.0000,0.0000,1.0000,0.0000,0.0000,0.0000,0.0000,824.2666,0.0000,1.0000,0.0000,0.0000,18454.0781,18454.0781,
750101310341,TLJ,A-Z,lgbm,2026-03-30,14,72195.0000,2358.9475,69836.0525,11907.4570,16694.8133,12328.7168,0.9500,11907.4570,6465.8237,11907.4570,policy_days,23814.9140,100,0.0000,1.0000,1.0000,0.0000,82.1086,22.5422,0.0000,1574257.5816,0.0000,1.0000,0.0000,0.0000,0.0000,1.0000,0.0000,0.0000,0.0000,0.0000,18373.2807,0.0000,1.0000,0.0000,0.0000,536840.3230,414173.9889,
750101310341,VHSA,A-Z,lgbm,2026-03-30,14,69777.0000,1716.0000,68061.0000,10572.3983,13919.1263,10818.6622,0.9500,10572.3983,4475.3361,10572.3983,policy_days,21144.7967,100,0.0000,1.0000,1.0000,0.0000,90.1266,22.9813,0.0000,1564131.2703,0.0000,1.0000,0.0000,0.0000,0.0000,1.0000,0.0000,0.0000,0.0000,0.0000,15047.7344,0.0000,1.0000,0.0000,0.0000,485935.2304,345816.7225,
750101310342,CCUL,A-Z,lgbm,2026-03-30,14,68713.0000,1954.9407,66758.0593,12775.5464,20217.0448,13621.7822,0.9500,12775.5464,10250.9191,12775.5464,policy_days,25551.0928,100,0.0000,1.0000,1.0000,0.0100,73.1564,22.7871,0.0000,1521225.0409,0.0000,1.0000,0.0100,0.0000,0.0000,1.0000,0.0000,0.0000,0.0000,0.0000,23026.4655,0.0000,1.0000,0.0100,0.0000,582236.2510,524707.2240,
750101310342,CMTY,A-Z,lgbm,2026-03-30,14,71552.0000,5394.5794,66157.4206,31650.2043,48092.0760,33382.5074,0.9500,31650.2043,22497.7558,31650.2043,policy_days,63300.4087,100,0.0000,0.9880,0.9970,99.4896,29.2638,23.0036,0.0000,1521861.6069,5000.0000,0.9935,54.5965,115018.2090,17700.0000,0.9986,407164.4600,-115018.2090,-0.0054,44.8932,54147.9602,0.0000,0.9880,99.4896,0.0000,1456139.9276,1245600.2804,
750101310342,MXLI,A-Z,lgbm,2026-03-30,14,74638.0000,670.1941,73967.8059,3685.5066,6389.7398,4041.4192,0.9500,3685.5066,3782.9760,3782.9760,forecast_quantile,7468.4826,100,0.0000,1.0000,1.0000,0.0000,280.9788,22.8936,0.0000,1693387.7744,0.0000,1.0000,0.0000,0.0000,0.0000,1.0000,0.0000,0.0000,0.0000,0.0000,7468.4826,0.0000,1.0000,0.0000,0.0000,170980.2933,170980.2933,
750101310342,TLJ,A-Z,lgbm,2026-03-30,14,69438.0000,2394.3050,67043.6950,14292.0569,21203.0695,14985.2989,0.9500,14292.0569,9419.5530,14292.0569,policy_days,28584.1138,100,0.0000,1.0000,1.0000,0.0010,65.6737,23.3739,0.0000,1567069.8568,0.0000,1.0000,0.0010,0.0000,0.0000,1.0000,0.0000,0.0000,0.0000,0.0000,23711.6099,0.0000,1.0000,0.0010,0.0000,668121.0392,554231.8206,
750101310342,VHSA,A-Z,lgbm,2026-03-30,14,65528.0000,2273.9399,63254.0601,14722.2640,23529.3096,15741.3762,0.9500,14722.2640,12152.0111,14722.2640,policy_days,29444.5279,100,0.0000,1.0000,1.0000,0.1924,60.1509,23.0369,0.0000,1457175.7203,0.0000,1.0000,0.1924,0.0000,0.0000,1.0000,0.0000,0.0000,0.0000,0.0000,26874.2751,0.0000,1.0000,0.1924,0.0000,678309.8365,619099.2500,
750101310445,CCUL,A-Z,lgbm,2026-03-30,14,1142.0000,57.0000,1085.0000,301.1866,425.4840,312.3331,0.9500,301.1866,168.0800,301.1866,policy_days,602.3732,100,0.0000,1.0000,1.0000,0.0001,50.4339,46.5021,0.0000,50454.7603,0.0000,1.0000,0.0001,0.0000,0.0000,1.0000,0.0000,0.0000,0.0000,0.0000,469.2666,0.0000,1.0000,0.0001,0.0000,28011.6081,21821.8741,
750101310445,CMD2,A-Z,lgbm,2026-03-30,14,1863.0000,887.5236,975.4764,3618.3234,4711.8742,3695.9620,0.9500,3618.3234,1459.8283,3618.3234,policy_days,7236.6467,100,6300.0000,0.9997,1.0000,0.1423,28.1502,46.5548,293294.9512,338708.0164,6400.0000,0.9997,0.1113,297950.4267,3500.0000,0.8489,162941.6396,-4655.4754,-0.0001,0.0310,5078.1517,4200.0000,0.9588,19.2499,195529.9675,336900.3089,236412.1020,
750101310445,CMTY,A-Z,lgbm,2026-03-30,14,1315.0000,106.0000,1209.0000,473.6220,631.9745,485.7713,0.9500,473.6220,212.1997,473.6220,policy_days,947.2440,100,0.0000,1.0000,1.0000,0.0010,35.7374,46.4293,0.0000,56133.0083,0.0000,1.0000,0.0010,0.0000,0.0000,1.0000,0.0000,0.0000,0.0000,0.0000,685.8217,0.0000,1.0000,0.0010,0.0000,43979.8629,31842.2138,
750101310445,MXLI,A-Z,lgbm,2026-03-30,14,1648.0000,49.0000,1599.0000,236.2067,346.7674,247.0488,0.9500,236.2067,150.4348,236.2067,policy_days,472.4133,100,0.0000,1.0000,1.0000,0.0000,94.7729,46.4934,0.0000,74342.8737,0.0000,1.0000,0.0000,0.0000,0.0000,1.0000,0.0000,0.0000,0.0000,0.0000,386.6415,0.0000,1.0000,0.0000,0.0000,21964.0793,17976.2599,
750101310445,TLJ,A-Z,lgbm,2026-03-30,14,1727.0000,141.0000,1586.0000,613.2639,860.0124,634.9884,0.9500,613.2639,333.2712,613.2639,policy_days,1226.5279,100,0.0000,0.9998,1.0000,0.0174,36.2063,46.4261,0.0000,73631.7359,0.0000,0.9998,0.0174,0.0000,0.0000,0.9998,0.0000,0.0000,0.0000,0.0000,946.5351,0.0000,0.9998,0.0174,0.0000,56942.8599,43943.8999,
750101310445,VHSA,A-Z,lgbm,2026-03-30,14,1622.0000,75.0000,1547.0000,336.4928,476.2596,349.0850,0.9500,336.4928,189.0556,336.4928,policy_days,672.9857,100,0.0000,1.0000,1.0000,0.0000,64.3639,46.4837,0.0000,71910.3571,0.0000,1.0000,0.0000,0.0000,0.0000,1.0000,0.0000,0.0000,0.0000,0.0000,525.5484,0.0000,1.0000,0.0000,0.0000,31282.8955,24429.4595,
750101310448,CCUL,A-Z,lgbm,2026-03-30,14,1801.0000,7.6561,1793.3439,21.9959,73.8934,34.3941,0.9500,21.9959,82.1866,82.1866,forecast_quantile,104.1825,100,0.0000,1.0000,1.0000,0.0007,1141.4330,47.2593,0.0000,84752.2509,0.0000,1.0000,0.0007,0.0000,0.0000,1.0000,0.0000,0.0000,0.0000,0.0000,104.1825,0.0000,1.0000,0.0007,0.0000,4923.5942,4923.5942,
750101310448,CMD2,A-Z,lgbm,2026-03-30,14,2242.0000,0.0000,2242.0000,0.0410,29.7003,0.1263,0.9500,0.0410,0.4425,0.4425,forecast_quantile,0.4836,100,0.0000,1.0000,1.0000,0.0000,765319.1275,47.3446,0.0000,106146.5390,0.0000,1.0000,0.0000,0.0000,0.0000,1.0000,0.0000,0.0000,0.0000,0.0000,0.4836,0.0000,1.0000,0.0000,0.0000,22.8938,22.8938,discontinued_review
750101310448,TLJ,A-Z,lgbm,2026-03-30,14,2233.0000,2.6631,2230.3369,14.7072,37.3168,19.1494,0.9500,14.7072,33.8819,33.8819,forecast_quantile,48.5891,100,0.0000,1.0000,1.0000,0.0000,2123.0884,47.0521,0.0000,104942.0181,0.0000,1.0000,0.0000,0.0000,0.0000,1.0000,0.0000,0.0000,0.0000,0.0000,48.5891,0.0000,1.0000,0.0000,0.0000,2286.2178,2286.2178,discontinued_review
750101310449,CCUL,A-Z,lgbm,2026-03-30,14,1694.0000,75.0000,1619.0000,407.0991,548.7016,418.2931,0.9500,407.0991,190.0548,407.0991,policy_days,814.1982,100,0.0000,1.0000,1.0000,0.0000,55.6769,41.5583,0.0000,67282.9436,0.0000,1.0000,0.0000,0.0000,0.0000,1.0000,0.0000,0.0000,0.0000,0.0000,597.1539,0.0000,1.0000,0.0000,0.0000,33836.7210,24816.7209,
750101310449,CMD2,A-Z,lgbm,2026-03-30,14,2377.0000,1144.8110,1232.1890,5116.0264,6023.0324,5157.6847,0.9500,5116.0264,1192.2306,5116.0264,policy_days,10232.0529,100,9000.0000,1.0000,1.0000,0.0000,28.0004,42.1983,379784.9781,431781.2974,9000.0000,1.0000,0.0000,379784.9781,8400.0000,1.0000,354465.9796,0.0000,0.0000,0.0000,6308.2570,5100.0000,0.9530,16.4609,215211.4876,431775.5527,266197.9172,
750101310449,CMTY,A-Z,lgbm,2026-03-30,14,1695.0000,155.0000,1540.0000,572.5283,836.3411,598.1167,0.9500,572.5283,358.6684,572.5283,policy_days,1145.0566,100,0.0000,0.9996,0.9999,0.0524,37.6575,42.0729,0.0000,64792.2189,0.0000,0.9996,0.0524,0.0000,0.0000,0.9996,0.0000,0.0000,0.0000,0.0000,931.1967,0.0000,0.9996,0.0524,0.0000,48175.8177,39178.1161,
750101310449,MXLI,A-Z,lgbm,2026-03-30,14,2290.0000,108.3704,2181.6296,390.5681,558.8673,406.1359,0.9500,390.5681,228.0498,390.5681,policy_days,781.1362,100,0.0000,1.0000,1.0000,0.0000,78.2010,42.0080,0.0000,91645.8473,0.0000,1.0000,0.0000,0.0000,0.0000,1.0000,0.0000,0.0000,0.0000,0.0000,618.6180,0.0000,1.0000,0.0000,0.0000,32813.9525,25986.8892,
750101310449,TLJ,A-Z,lgbm,2026-03-30,14,2215.0000,179.0000,2036.0000,715.7300,916.6033,729.1885,0.9500,715.7300,267.4590,715.7300,policy_days,1431.4599,100,0.0000,1.0000,1.0000,0.0000,39.8251,41.6624,0.0000,84824.5878,0.0000,1.0000,0.0000,0.0000,0.0000,1.0000,0.0000,0.0000,0.0000,0.0000,983.1889,0.0000,1.0000,0.0000,0.0000,59638.0143,40961.9818,
750101310449,VHSA,A-Z,lgbm,2026-03-30,14,2338.0000,115.0000,2223.0000,569.4610,734.4094,580.7903,0.9500,569.4610,219.8645,569.4610,policy_days,1138.9221,100,0.0000,1.0000,1.0000,0.0000,54.6517,42.0381,0.0000,93450.6504,0.0000,1.0000,0.0000,0.0000,0.0000,1.0000,0.0000,0.0000,0.0000,0.0000,789.3255,0.0000,1.0000,0.0000,0.0000,47878.0971,33181.7288,
750101310541,CCUL,A-Z,lgbm,2026-03-30,14,3291.0000,402.0000,2889.0000,2283.1962,2953.2648,2329.6931,0.9500,2283.1962,893.5649,2283.1962,policy_days,4566.3925,100,1700.0000,0.9997,1.0000,0.0621,28.1386,36.1999,61539.9120,166121.5625,1500.0000,0.9994,0.1402,54299.9224,0.0000,0.8794,0.0000,7239.9896,0.0003,-0.0781,3176.7611,300.0000,0.9519,13.8023,10859.9845,165303.1706,114998.5884,
750101310541,CMD2,A-Z,lgbm,2026-03-30,14,5009.0000,3896.9348,1112.0652,18188.1144,23259.1354,18526.1105,0.9500,18188.1144,6750.4560,18188.1144,policy_days,36376.2288,100,35300.0000,0.9999,1.0000,0.2667,28.0276,36.1581,1276382.3108,1316592.5186,33300.0000,0.9996,0.8091,1204066.0326,15300.0000,0.2962,553219.5285,72316.2782,0.0003,-0.5423,24938.5703,23900.0000,0.9516,104.0522,864179.5249,1315296.7398,901732.2958,
750101310541,CMTY,A-Z,lgbm,2026-03-30,14,3496.0000,1059.1328,2436.8672,5088.2295,6506.1428,5182.6983,0.9500,5088.2295,1887.4689,5088.2295,policy_days,10176.4589,100,7800.0000,0.9999,1.0000,0.0670,28.1662,35.9660,280535.1787,368179.6621,7200.0000,0.9996,0.2206,258955.5496,2400.0000,0.3958,86318.5165,21579.6291,0.0003,-0.1536,6975.6983,4600.0000,0.9545,27.1837,165443.8234,366007.0154,250888.3047,
750101310541,MXLI,A-Z,lgbm,2026-03-30,14,5281.0000,355.0937,4925.9063,1513.9085,1987.3823,1548.4256,0.9500,1513.9085,632.8555,1513.9085,policy_days,3027.8169,100,0.0000,1.0000,1.0000,0.0000,45.5527,36.4845,0.0000,179719.3646,0.0000,1.0000,0.0000,0.0000,0.0000,1.0000,0.0000,0.0000,0.0000,0.0000,2146.7640,0.0000,1.0000,0.0000,0.0000,110468.4714,78323.6715,
750101310541,TLJ,A-Z,lgbm,2026-03-30,14,4703.0000,860.0000,3843.0000,4048.6486,5246.7998,4132.3333,0.9500,4048.6486,1598.2581,4048.6486,policy_days,8097.2971,100,4300.0000,0.9997,1.0000,0.1213,28.1580,36.3236,156191.5130,295783.1373,3900.0000,0.9993,0.2997,141662.0699,0.0000,0.3983,0.0000,14529.4431,0.0004,-0.1785,5646.9067,1900.0000,0.9580,21.3967,69014.8546,294123.0436,205116.0236,
750101310541,VHSA,A-Z,lgbm,2026-03-30,14,4463.0000,1046.7649,3416.2351,4939.5701,6338.3133,5033.9474,0.9500,4939.5701,1862.9662,4939.5701,policy_days,9879.1402,100,6500.0000,0.9998,1.0000,0.0851,28.1051,35.8640,233116.2594,355636.2507,5800.0000,0.9993,0.3421,208011.4315,0.0000,0.0290,0.0000,25104.8279,0.0005,-0.2570,6802.5363,3400.0000,0.9511,29.1295,121937.7357,354305.8769,243966.4328,
750101310546,CCUL,A-Z,lgbm,2026-03-30,14,12903.0000,991.0000,11912.0000,5110.6746,5942.9602,5146.2149,0.9500,5110.6746,1091.9877,5110.6746,policy_days,10221.3492,100,0.0000,1.0000,1.0000,0.0000,32.6313,23.6279,0.0000,281455.7160,0.0000,1.0000,0.0000,0.0000,0.0000,1.0000,0.0000,0.0000,0.0000,0.0000,6202.6622,0.0000,1.0000,0.0000,0.0000,241509.1629,146555.9723,
750101310546,CMD2,A-Z,lgbm,2026-03-30,14,18175.0000,9734.6813,8440.3187,39918.0116,47190.9016,40259.9070,0.9500,39918.0116,9565.9775,39918.0116,policy_days,79836.0233,100,71400.0000,1.0000,1.0000,0.0001,28.0015,23.5351,1680408.5345,1879052.5629,67100.0000,1.0000,0.0010,1579207.4603,73400.0000,1.0000,1727478.8015,101201.0742,0.0000,-0.0009,49483.9891,41100.0000,0.9509,139.1400,967293.9883,1878951.4684,1164612.2916,
750101310546,CMTY,A-Z,lgbm,2026-03-30,14,13969.0000,1738.0000,12231.0000,7939.4707,9330.5284,8002.7211,0.9500,7939.4707,1828.0148,7939.4707,policy_days,15878.9415,100,3700.0000,1.0000,1.0000,0.0000,28.0918,23.7710,87952.5498,378695.1541,3000.0000,1.0000,0.0000,71312.8782,2600.0000,1.0000,61804.4944,16639.6716,0.0000,-0.0000,9767.4856,0.0000,0.9997,0.1224,0.0000,377457.6735,232182.5030,
750101310546,MXLI,A-Z,lgbm,2026-03-30,14,13488.0000,654.0000,12834.0000,2760.7587,3337.8106,2791.2058,0.9500,2760.7587,761.5740,2760.7587,policy_days,5521.5173,100,0.0000,1.0000,1.0000,0.0000,65.0821,23.2771,0.0000,298738.4720,0.0000,1.0000,0.0000,0.0000,0.0000,1.0000,0.0000,0.0000,0.0000,0.0000,3522.3327,0.0000,1.0000,0.0000,0.0000,128524.9841,81989.7374,
750101310546,TLJ,A-Z,lgbm,2026-03-30,14,12923.0000,2356.9843,10566.0157,10998.4214,13056.9676,11097.4269,0.9500,10998.4214,2709.3052,10998.4214,policy_days,21996.8429,100,11500.0000,1.0000,1.0000,0.0001,28.0881,23.0629,265222.8888,508905.4294,10000.0000,1.0000,0.0008,230628.5990,12000.0000,1.0000,276754.3188,34594.2898,0.0000,-0.0008,13707.7267,3200.0000,0.9532,37.5334,73801.1517,507310.1059,316139.3796,
750101310546,VHSA,A-Z,lgbm,2026-03-30,14,14673.0000,2323.0000,12350.0000,10196.1526,11949.4217,10274.6044,0.9500,10196.1526,2303.0432,10196.1526,policy_days,20392.3053,100,8100.0000,1.0000,1.0000,0.0000,28.0792,23.7018,191984.3285,484701.1749,7200.0000,1.0000,0.0000,170652.7364,4500.0000,1.0000,106657.9603,21331.5921,0.0000,-0.0000,12499.1958,200.0000,0.9533,31.4412,4740.3538,483333.7077,296253.0520,
750101310550,CCUL,B-Y,lgbm,2026-03-30,14,19727.0000,1573.0000,18154.0000,6161.9473,7463.6220,6231.2347,0.9000,3080.9736,1301.6747,3080.9736,policy_days,9242.9209,100,0.0000,1.0000,1.0000,0.0000,41.2461,24.9535,0.0000,453005.4511,0.0000,1.0000,0.0000,0.0000,0.0000,1.0000,0.0000,0.0000,0.0000,0.0000,7463.6220,0.0000,1.0000,0.0000,0.0000,230643.0296,186243.3314,
750101310550,CMD2,B-Y,lgbm,2026-03-30,14,22406.0000,11051.3820,11354.6180,41422.6436,49035.8959,41783.2035,0.9000,20711.3218,7613.2523,20711.3218,policy_days,62133.9654,100,50800.0000,0.9990,0.9999,2.4148,21.0070,25.4050,1290574.1795,1579038.2893,49600.0000,0.9983,4.0046,1260088.1752,57200.0000,0.9999,1453166.2021,30486.0042,0.0006,-1.5898,49035.8959,37700.0000,0.9005,321.3543,957768.6332,1578513.6093,1245757.1084,
750101310550,CMTY,B-Y,lgbm,2026-03-30,14,19925.0000,4380.5318,15544.4682,17826.3735,19708.4661,17881.1291,0.9000,8913.1868,1882.0925,8913.1868,policy_days,26739.5603,100,11200.0000,1.0000,1.0000,0.0000,21.0039,24.6821,276439.5163,660109.6288,8900.0000,1.0000,0.0121,219670.6870,9300.0000,1.0000,229543.5269,56768.8292,0.0000,-0.0121,19708.4661,4200.0000,0.9040,71.9976,103664.8186,659988.4921,486446.3234,
750101310550,MXLI,B-Y,lgbm,2026-03-30,14,21192.0000,973.4532,20218.5468,3506.8642,3974.2867,3523.6186,0.9000,1753.4321,467.4225,1753.4321,policy_days,5260.2964,100,0.0000,1.0000,1.0000,0.0000,80.7159,25.0843,0.0000,507168.6694,0.0000,1.0000,0.0000,0.0000,0.0000,1.0000,0.0000,0.0000,0.0000,0.0000,3974.2867,0.0000,1.0000,0.0000,0.0000,131951.0023,99692.3143,
750101310550,TLJ,B-Y,lgbm,2026-03-30,14,20704.0000,3448.2316,17255.7684,14411.9066,16744.0205,14510.9469,0.9000,7205.9533,2332.1139,7205.9533,policy_days,21617.8600,100,4400.0000,0.9997,1.0000,0.1655,21.0368,25.1828,110804.2210,545352.3983,2700.0000,0.9973,1.9590,67993.4993,4300.0000,0.9997,108285.9433,42810.7218,0.0025,-1.7935,16744.0205,0.0000,0.9381,56.6936,0.0000,544397.7577,421660.9429,
750101310550,VHSA,B-Y,lgbm,2026-03-30,14,21832.0000,4582.7315,17249.2685,16750.4180,20249.9530,16934.9934,0.9000,8375.2090,3499.5350,8375.2090,policy_days,25125.6270,100,7900.0000,0.9970,0.9998,3.5505,21.0198,24.6394,194651.4994,619663.6480,8100.0000,0.9974,2.9927,199579.3854,4300.0000,0.9556,105949.5503,-4927.8861,-0.0005,0.5579,20249.9530,3100.0000,0.9057,141.5228,76382.2339,619081.1345,498947.3046,
750101310555,CCUL,B-Y,lgbm,2026-03-30,14,1767.0000,28.0000,1739.0000,110.4217,181.0450,118.9535,0.9000,55.2108,70.6233,70.6233,forecast_quantile,181.0450,100,0.0000,1.0000,1.0000,0.0000,220.4820,44.8098,0.0000,77924.2606,0.0000,1.0000,0.0000,0.0000,0.0000,1.0000,0.0000,0.0000,0.0000,0.0000,181.0450,0.0000,1.0000,0.0000,0.0000,8112.5940,8112.5940,
750101310555,CMTY,B-Y,lgbm,2026-03-30,14,1759.0000,110.0000,1649.0000,607.0551,863.9892,630.5185,0.9000,303.5276,256.9341,303.5276,policy_days,910.5827,100,0.0000,0.9999,1.0000,0.0169,38.0295,44.0920,0.0000,72707.7635,0.0000,0.9999,0.0169,0.0000,700.0000,1.0000,30864.4236,0.0000,0.0000,0.0000,863.9892,0.0000,0.9999,0.0169,0.0000,40149.4416,38095.0416,
750101310555,MXLI,B-Y,lgbm,2026-03-30,14,2317.0000,38.0000,2279.0000,137.9624,222.3647,147.8721,0.9000,68.9812,84.4023,84.4023,forecast_quantile,222.3647,100,0.0000,1.0000,1.0000,0.0000,231.2659,44.4384,0.0000,101275.1821,0.0000,1.0000,0.0000,0.0000,0.0000,1.0000,0.0000,0.0000,0.0000,0.0000,222.3647,0.0000,1.0000,0.0000,0.0000,9881.5385,9881.5385,
750101310555,TLJ,B-Y,lgbm,2026-03-30,14,2482.0000,47.0000,2435.0000,246.6478,373.5211,259.9259,0.9000,123.3239,126.8733,126.8733,forecast_quantile,373.5211,100,0.0000,1.0000,1.0000,0.0000,138.2133,44.6939,0.0000,108829.7401,0.0000,1.0000,0.0000,0.0000,0.0000,1.0000,0.0000,0.0000,0.0000,0.0000,373.5211,0.0000,1.0000,0.0000,0.0000,16694.1297,16694.1297,
750101310555,VHSA,B-Y,lgbm,2026-03-30,14,1859.0000,29.0000,1830.0000,152.4734,257.7897,165.8278,0.9000,76.2367,105.3164,105.3164,forecast_quantile,257.7897,100,0.0000,1.0000,1.0000,0.0000,168.0294,44.6389,0.0000,81689.1356,0.0000,1.0000,0.0000,0.0000,0.0000,1.0000,0.0000,0.0000,0.0000,0.0000,257.7897,0.0000,1.0000,0.0000,0.0000,11507.4423,11507.4423,
750101310578,CCUL,B-Y,lgbm,2026-03-30,14,2512.0000,254.6995,2257.3005,1239.9556,1532.1274,1256.9702,0.9000,619.9778,292.1718,619.9778,policy_days,1859.9333,100,0.0000,0.9999,1.0000,0.0135,25.4866,43.5968,0.0000,98411.0658,0.0000,0.9999,0.0135,0.0000,0.0000,0.9999,0.0000,0.0000,0.0000,0.0000,1532.1274,0.0000,0.9999,0.0135,0.0000,81087.1317,66795.8438,
750101310578,CMD2,B-Y,lgbm,2026-03-30,14,2615.0000,1316.8932,1298.1068,6165.2705,7500.9394,6237.8699,0.9000,3082.6352,1335.6690,3082.6352,policy_days,9247.9057,100,8000.0000,0.9964,0.9997,1.6551,21.1140,43.1312,345049.2270,401038.0711,7500.0000,0.9899,4.8237,323483.6503,7200.0000,0.9820,310544.3043,21565.5767,0.0064,-3.1687,7500.9394,6300.0000,0.9140,48.9775,271726.2662,398872.8401,323524.1695,
750101310578,CMTY,B-Y,lgbm,2026-03-30,14,2686.0000,366.0085,2319.9915,1797.7722,2232.7570,1823.6552,0.9000,898.8861,434.9847,898.8861,policy_days,2696.6583,100,400.0000,0.9928,0.9994,1.1364,21.1817,43.3188,17327.5187,117826.7607,500.0000,0.9961,0.6002,21659.3984,0.0000,0.9343,0.0000,-4331.8797,-0.0033,0.5362,2232.7570,0.0000,0.9343,12.0713,0.0000,116815.9947,96720.3450,
750101310578,TLJ,B-Y,lgbm,2026-03-30,14,3848.0000,239.5264,3608.4736,1634.5601,2146.6034,1671.9361,0.9000,817.2801,512.0432,817.2801,policy_days,2451.8402,100,0.0000,0.9999,1.0000,0.0189,30.9066,43.6797,0.0000,157616.8826,0.0000,0.9999,0.0189,0.0000,0.0000,0.9999,0.0000,0.0000,0.0000,0.0000,2146.6034,0.0000,0.9999,0.0189,0.0000,107095.5360,93762.8961,
750101310578,VHSA,B-Y,lgbm,2026-03-30,14,3508.0000,229.8087,3278.1913,1040.4851,1382.4418,1066.3804,0.9000,520.2425,341.9567,520.2425,policy_days,1560.7276,100,0.0000,1.0000,1.0000,0.0000,44.1089,43.2287,0.0000,141711.9088,0.0000,1.0000,0.0000,0.0000,0.0000,1.0000,0.0000,0.0000,0.0000,0.0000,1382.4418,0.0000,1.0000,0.0000,0.0000,67468.2063,59761.1429,
750101310581,CCUL,B-Y,lgbm,2026-03-30,14,2351.0000,1770.5943,580.4057,7252.6177,9521.4464,7418.0520,0.9000,3626.3088,2268.8287,3626.3088,policy_days,10878.9265,100,10300.0000,0.9719,0.9964,26.8812,21.0029,50.9191,524466.8049,554020.5454,7600.0000,0.7146,346.8409,386985.2153,9500.0000,0.9394,483731.5191,137481.5896,0.2573,-319.9597,9521.4464,9000.0000,0.9050,99.1631,458271.9654,553945.2261,484823.5488,
750101310581,CMD2,B-Y,lgbm,2026-03-30,14,2216.0000,1978.0000,238.0000,4477.8954,5512.9199,4537.2309,0.9000,2238.9477,1035.0245,2238.9477,policy_days,6716.8431,100,6500.0000,0.9941,0.9995,2.1749,21.0661,51.7000,336050.0000,348354.6000,5500.0000,0.9368,27.2822,284350.0000,9300.0000,1.0000,480810.0000,51700.0000,0.0573,-25.1073,5512.9199,5300.0000,0.9048,42.9400,274010.0000,347260.7878,285017.9584,
750101310581,CMTY,B-Y,lgbm,2026-03-30,14,1836.0000,1213.0000,623.0000,3118.7461,3748.4784,3151.0287,0.9000,1559.3730,629.7323,1559.3730,policy_days,4678.1191,100,4100.0000,0.9981,0.9999,0.3930,21.2015,51.7000,211970.0000,244179.1000,3500.0000,0.9741,6.1139,180950.0000,4000.0000,0.9970,206800.0000,31020.0000,0.0240,-5.7209,3748.4784,3200.0000,0.9220,20.4685,165440.0000,241858.7564,193796.3312,
750101310581,MXLI,B-Y,lgbm,2026-03-30,14,2603.0000,302.0000,2301.0000,981.4811,1193.8191,993.0094,0.9000,490.7405,212.3380,490.7405,policy_days,1472.2216,100,0.0000,1.0000,1.0000,0.0000,32.8218,50.7373,0.0000,116746.5698,0.0000,1.0000,0.0000,0.0000,0.0000,1.0000,0.0000,0.0000,0.0000,0.0000,1193.8191,0.0000,1.0000,0.0000,0.0000,74696.5787,60571.1814,
750101310581,TLJ,B-Y,lgbm,2026-03-30,14,2845.0000,638.4816,2206.5184,2360.5380,2802.5238,2381.8022,0.9000,1180.2690,441.9857,1180.2690,policy_days,3540.8071,100,1400.0000,0.9992,1.0000,0.1055,21.3897,51.7000,72380.0000,186456.9998,600.0000,0.9019,18.4139,31020.0000,1400.0000,0.9992,72380.0000,41360.0000,0.0974,-18.3084,2802.5238,600.0000,0.9019,18.4139,31020.0000,183059.7246,144890.4791,
750101310581,VHSA,B-Y,lgbm,2026-03-30,14,2348.0000,172.0000,2176.0000,612.2288,721.9982,617.3190,0.9000,306.1144,109.7694,306.1144,policy_days,918.3432,100,0.0000,1.0000,1.0000,0.0000,49.7592,50.5932,0.0000,110090.8478,0.0000,1.0000,0.0000,0.0000,0.0000,1.0000,0.0000,0.0000,0.0000,0.0000,721.9982,0.0000,1.0000,0.0000,0.0000,46461.9390,36528.2118,
750101310695,CCUL,B-Y,lgbm,2026-03-30,14,8229.0000,634.0000,7595.0000,3384.1443,3806.5599,3398.4286,0.9000,1692.0722,422.4156,1692.0722,policy_days,5076.2165,100,0.0000,1.0000,1.0000,0.0000,31.4201,23.1622,0.0000,175916.8894,0.0000,1.0000,0.0000,0.0000,0.0000,1.0000,0.0000,0.0000,0.0000,0.0000,3806.5599,0.0000,1.0000,0.0000,0.0000,117576.3284,88168.2930,
750101310695,CMD2,B-Y,lgbm,2026-03-30,14,8985.0000,4821.4069,4163.5931,21284.7327,23271.1971,21336.3837,0.9000,10642.3663,1986.4644,10642.3663,policy_days,31927.0990,100,27800.0000,1.0000,1.0000,0.0000,21.0240,23.1387,643255.1701,739595.1981,25700.0000,1.0000,0.0002,594663.9523,29900.0000,1.0000,691846.3880,48591.2179,0.0000,-0.0002,23271.1971,19200.0000,0.9096,70.1953,444262.5636,738750.7736,538464.6714,
750101310695,CMTY,B-Y,lgbm,2026-03-30,14,7332.0000,1038.0205,6293.9795,4927.5988,5569.7000,4950.1580,0.9000,2463.7994,642.1011,2463.7994,policy_days,7391.3983,100,1100.0000,1.0000,1.0000,0.0017,21.0073,22.8677,25154.5141,169083.6011,800.0000,0.9999,0.0112,18294.1921,2000.0000,1.0000,45735.4802,6860.3220,0.0001,-0.0095,5569.7000,0.0000,0.9948,1.0265,0.0000,169024.5742,127366.4513,
750101310695,MXLI,B-Y,lgbm,2026-03-30,14,8541.0000,493.9124,8047.0876,2125.0076,2537.9926,2145.5108,0.9000,1062.5038,412.9850,1062.5038,policy_days,3187.5114,100,0.0000,1.0000,1.0000,0.0000,53.0159,22.9489,0.0000,184671.6570,0.0000,1.0000,0.0000,0.0000,0.0000,1.0000,0.0000,0.0000,0.0000,0.0000,2537.9926,0.0000,1.0000,0.0000,0.0000,73149.8207,58244.0903,
750101310695,TLJ,B-Y,lgbm,2026-03-30,14,8810.0000,1271.9936,7538.0064,6126.5755,6823.4685,6148.2612,0.9000,3063.2878,696.8930,3063.2878,policy_days,9189.8633,100,1700.0000,1.0000,1.0000,0.0001,21.1100,23.3405,39678.8580,215619.7313,1200.0000,1.0000,0.0019,28008.6057,3000.0000,1.0000,70021.5142,11670.2524,0.0000,-0.0019,6823.4685,0.0000,0.9932,1.4459,0.0000,214496.0478,159263.1996,
750101310695,VHSA,B-Y,lgbm,2026-03-30,14,9537.0000,765.0000,8772.0000,3755.7311,4445.2310,3788.3540,0.9000,1877.8655,689.4999,1877.8655,policy_days,5633.5966,100,0.0000,1.0000,1.0000,0.0000,32.6988,22.9910,0.0000,201677.4050,0.0000,1.0000,0.0000,0.0000,0.0000,1.0000,0.0000,0.0000,0.0000,0.0000,4445.2310,0.0000,1.0000,0.0000,0.0000,129522.2458,102200.4846,
750101310968,CMD2,B-Y,lgbm,2026-03-30,14,53998.0000,32528.4822,21469.5178,98611.2705,123324.2123,100124.1330,0.9000,49305.6352,24712.9418,49305.6352,policy_days,147916.9057,100,126500.0000,0.9900,0.9991,92.7228,21.0075,20.4949,2592609.9059,3032626.3845,130800.0000,0.9936,57.9889,2680738.1478,182100.0000,1.0000,3732128.5681,-88128.2419,-0.0036,34.7339,123324.2123,101900.0000,0.9004,1093.2966,2088434.3827,3031548.1024,2527522.3268,
750101310968,TLJ,B-Y,lgbm,2026-03-30,14,50608.0000,8757.8264,41850.1736,31824.8652,40312.7840,32371.0452,0.9000,15912.4326,8487.9189,15912.4326,policy_days,47737.2977,100,5900.0000,0.9861,0.9986,45.8465,21.0057,20.3637,120145.9788,972371.4150,3800.0000,0.9747,85.9048,77382.1558,22400.0000,0.9999,456147.4449,42763.8230,0.0113,-40.0583,40312.7840,0.0000,0.9312,252.5333,0.0000,972109.2138,820918.4570,
750101310968,VHSA,B-Y,lgbm,2026-03-30,14,49144.0000,4882.4158,44261.5842,19246.5333,22607.3830,19398.9112,0.9000,9623.2666,3360.8497,9623.2666,policy_days,28869.7999,100,0.0000,1.0000,1.0000,0.0000,32.1960,20.6228,0.0000,912799.8155,0.0000,1.0000,0.0000,0.0000,0.0000,1.0000,0.0000,0.0000,0.0000,0.0000,22607.3830,0.0000,1.0000,0.0000,0.0000,595377.4263,466228.5681,
750101310975,CCUL,B-Y,lgbm,2026-03-30,14,8737.0000,597.0000,8140.0000,3173.0565,4191.0246,3248.7353,0.9000,1586.5282,1017.9681,1586.5282,policy_days,4759.5847,100,0.0000,1.0000,1.0000,0.0028,35.9149,44.5788,0.0000,362871.6682,0.0000,1.0000,0.0028,0.0000,0.0000,1.0000,0.0000,0.0000,0.0000,0.0000,4191.0246,0.0000,1.0000,0.0028,0.0000,212176.7142,186830.9670,
750101310548,CCUL,B-Z,lgbm,2026-03-30,14,9803.0000,671.0000,9132.0000,3240.3802,3845.7220,3269.4472,0.9000,3240.3802,605.3418,3240.3802,policy_days,6480.7604,100,0.0000,1.0000,1.0000,0.0000,39.4546,21.6690,0.0000,197881.3739,0.0000,1.0000,0.0000,0.0000,0.0000,1.0000,0.0000,0.0000,0.0000,0.0000,3845.7220,0.0000,1.0000,0.0000,0.0000,140431.6432,83332.9780,
750101310548,CMD2,B-Z,lgbm,2026-03-30,14,13038.0000,8767.2870,4270.7130,30557.6409,37245.6250,30924.2371,0.9000,30557.6409,6687.9841,30557.6409,policy_days,61115.2817,100,56900.0000,1.0000,1.0000,0.0070,28.0254,21.9265,1247615.7215,1341257.3504,57000.0000,1.0000,0.0066,1249808.3677,69800.0000,1.0000,1530467.0889,-2192.6463,-0.0000,0.0003,37245.6250,33000.0000,0.9008,288.3622,723573.2655,1340041.9383,816664.8032,
750101310548,CMTY,B-Z,lgbm,2026-03-30,14,9050.0000,1745.7884,7304.2116,7161.9296,8488.1153,7225.1359,0.9000,7161.9296,1326.1857,7161.9296,policy_days,14323.8592,100,7100.0000,1.0000,1.0000,0.0000,28.1571,21.2716,151028.1694,306400.2406,7200.0000,1.0000,0.0000,153155.3267,6300.0000,1.0000,134010.9108,-2127.1573,-0.0000,0.0000,8488.1153,1200.0000,0.9025,54.7679,25525.8878,304691.0182,180555.5657,
750101310548,MXLI,B-Z,lgbm,2026-03-30,14,10825.0000,610.0973,10214.9027,2477.3353,2918.7421,2497.6957,0.9000,2477.3353,441.4068,2477.3353,policy_days,4954.6706,100,0.0000,1.0000,1.0000,0.0000,57.7268,21.3149,0.0000,217729.1678,0.0000,1.0000,0.0000,0.0000,0.0000,1.0000,0.0000,0.0000,0.0000,0.0000,2918.7421,0.0000,1.0000,0.0000,0.0000,105608.0845,62212.5637,
750101310548,TLJ,B-Z,lgbm,2026-03-30,14,10107.0000,1913.9438,8193.0562,7267.5277,9068.3274,7376.7653,0.9000,7267.5277,1800.7997,7267.5277,policy_days,14535.0554,100,6400.0000,1.0000,1.0000,0.0160,28.1117,21.6468,138539.3634,315892.6116,6500.0000,1.0000,0.0134,140704.0409,8700.0000,1.0000,188326.9471,-2164.6776,-0.0000,0.0025,9068.3274,900.0000,0.9027,77.4087,19482.0980,314637.0809,196300.0480,
750101310548,VHSA,B-Z,lgbm,2026-03-30,14,11944.0000,1004.0000,10940.0000,4242.5123,5139.8850,4290.3306,0.9000,4242.5123,897.3728,4242.5123,policy_days,8485.0245,100,0.0000,1.0000,1.0000,0.0000,36.1013,21.9289,0.0000,239902.4270,0.0000,1.0000,0.0000,0.0000,0.0000,1.0000,0.0000,0.0000,0.0000,0.0000,5139.8850,0.0000,1.0000,0.0000,0.0000,186067.4568,112712.1475,
750101310551,CCUL,B-Z,lgbm,2026-03-30,14,2854.0000,131.0000,2723.0000,885.3762,1185.1357,908.5947,0.9000,885.3762,299.7594,885.3762,policy_days,1770.7524,100,0.0000,1.0000,1.0000,0.0000,43.0574,44.5052,0.0000,121187.7466,0.0000,1.0000,0.0000,0.0000,0.0000,1.0000,0.0000,0.0000,0.0000,0.0000,1185.1357,0.0000,1.0000,0.0000,0.0000,78807.7471,52744.7374,
750101310551,CMD2,B-Z,lgbm,2026-03-30,14,3343.0000,963.0000,2380.0000,5108.5042,6240.2026,5171.1600,0.9000,5108.5042,1131.6984,5108.5042,policy_days,10217.0083,100,7900.0000,1.0000,1.0000,0.0013,28.1726,44.3825,350621.5058,456251.7822,8000.0000,1.0000,0.0010,355059.7527,8600.0000,1.0000,381689.2342,-4438.2469,-0.0000,0.0003,6240.2026,3900.0000,0.9070,45.4667,173091.6294,453456.0571,276955.5972,
750101310551,CMTY,B-Z,lgbm,2026-03-30,14,2520.0000,129.0000,2391.0000,596.9064,748.8684,606.3276,0.9000,596.9064,151.9620,596.9064,policy_days,1193.8128,100,0.0000,1.0000,1.0000,0.0000,56.0791,44.1204,0.0000,105491.9593,0.0000,1.0000,0.0000,0.0000,0.0000,1.0000,0.0000,0.0000,0.0000,0.0000,748.8684,0.0000,1.0000,0.0000,0.0000,52671.5398,33040.3992,
750101310551,MXLI,B-Z,lgbm,2026-03-30,14,2757.0000,31.0000,2726.0000,130.5415,185.2898,135.5085,0.9000,130.5415,54.7482,130.5415,policy_days,261.0831,100,0.0000,1.0000,1.0000,0.0000,292.3514,44.2734,0.0000,120689.4060,0.0000,1.0000,0.0000,0.0000,0.0000,1.0000,0.0000,0.0000,0.0000,0.0000,185.2898,0.0000,1.0000,0.0000,0.0000,11559.0476,8203.4162,
750101310551,TLJ,B-Z,lgbm,2026-03-30,14,3458.0000,274.8085,3183.1915,1454.5789,1843.1592,1479.6158,0.9000,1454.5789,388.5803,1454.5789,policy_days,2909.1578,100,0.0000,1.0000,1.0000,0.0015,30.6375,44.4290,0.0000,141426.1333,0.0000,1.0000,0.0015,0.0000,0.0000,1.0000,0.0000,0.0000,0.0000,0.0000,1843.1592,0.0000,1.0000,0.0015,0.0000,129251.0782,81889.7892,
750101310551,VHSA,B-Z,lgbm,2026-03-30,14,3181.0000,131.0000,3050.0000,778.8031,976.3972,791.0198,0.9000,778.8031,197.5941,778.8031,policy_days,1557.6062,100,0.0000,1.0000,1.0000,0.0000,54.8277,43.7808,0.0000,133531.3093,0.0000,1.0000,0.0000,0.0000,0.0000,1.0000,0.0000,0.0000,0.0000,0.0000,976.3972,0.0000,1.0000,0.0000,0.0000,68193.1789,42747.4071,
750101310553,CCUL,B-Z,lgbm,2026-03-30,14,231.0000,59.0000,172.0000,240.2778,343.6138,249.8231,0.9000,240.2778,103.3360,240.2778,policy_days,480.5556,100,400.0000,0.9991,0.9998,0.0448,33.3281,48.3765,19350.5924,27671.3472,300.0000,0.9922,0.3699,14512.9443,0.0000,0.1155,0.0000,4837.6481,0.0068,-0.3251,343.6138,200.0000,0.9413,2.9232,9675.2962,23247.5874,16622.8269,
750101310553,CMD2,B-Z,lgbm,2026-03-30,14,286.0000,347.0000,0.0000,1560.6154,2104.9890,1603.7411,0.9000,1560.6154,544.3736,1560.6154,policy_days,3121.2308,100,3200.0000,0.9989,0.9999,0.2324,28.7066,48.5286,155291.5877,155291.5877,3300.0000,0.9993,0.1477,160144.4498,300.0000,0.0000,14558.5863,-4852.8621,-0.0004,0.0847,2104.9890,2200.0000,0.9293,17.7020,106762.9665,151469.0249,102152.2137,
750101310553,CMTY,B-Z,lgbm,2026-03-30,14,131.0000,96.0000,35.0000,423.5753,562.9714,434.1422,0.9000,423.5753,139.3960,423.5753,policy_days,847.1507,100,900.0000,0.9998,1.0000,0.0098,30.9036,48.2060,43385.4132,45072.6238,800.0000,0.9989,0.0613,38564.8118,0.0000,0.0000,0.0000,4820.6015,0.0009,-0.0515,562.9714,600.0000,0.9659,2.0560,28923.6088,40837.7573,27138.6061,
750101310553,MXLI,B-Z,lgbm,2026-03-30,14,126.0000,30.0000,96.0000,123.8944,197.4387,132.3619,0.9000,123.8944,73.5443,123.8944,policy_days,247.7889,100,200.0000,0.9917,0.9975,0.3341,33.4478,47.8699,9573.9797,14169.4900,200.0000,0.9917,0.3341,9573.9797,200.0000,0.9917,9573.9797,0.0000,0.0000,0.0000,197.4387,200.0000,0.9917,0.3341,9573.9797,11861.6291,9451.3721,
750101310553,TLJ,B-Z,lgbm,2026-03-30,14,128.0000,86.0000,42.0000,343.6921,529.7843,363.8537,0.9000,343.6921,186.0922,343.6921,policy_days,687.3841,100,700.0000,0.9887,0.9970,1.0901,30.2247,48.0208,33614.5468,35631.4196,600.0000,0.9679,3.0871,28812.4687,0.0000,0.0000,0.0000,4802.0781,0.0208,-1.9969,529.7843,500.0000,0.9113,8.6759,24010.3906,33008.7226,25440.6542,
750101310553,VHSA,B-Z,lgbm,2026-03-30,14,189.0000,40.0000,149.0000,150.9103,257.4744,164.6092,0.9000,150.9103,106.5641,150.9103,policy_days,301.8207,100,200.0000,0.9778,0.9915,1.3933,32.3768,48.3741,9674.8170,16882.5557,200.0000,0.9778,1.3933,9674.8170,200.0000,0.9778,9674.8170,0.0000,0.0000,0.0000,257.4744,200.0000,0.9778,1.3933,9674.8170,14600.2982,12455.0892,
750101310556,CMD2,B-Z,lgbm,2026-03-30,14,2111.0000,420.0000,1691.0000,2011.2049,2759.9560,2073.4760,0.9000,2011.2049,748.7511,2011.2049,policy_days,4022.4097,100,2400.0000,0.9980,0.9997,0.6387,28.4775,46.9246,112619.1254,191968.6842,2100.0000,0.9949,1.6409,98541.7348,7400.0000,1.0000,347242.3034,14077.3907,0.0031,-1.0022,2759.9560,1100.0000,0.9077,32.9297,51617.0992,188750.1099,129509.9287,
750101310556,CMTY,B-Z,lgbm,2026-03-30,14,1571.0000,90.0000,1481.0000,476.1397,662.6833,492.2478,0.9000,476.1397,186.5436,476.1397,policy_days,952.2793,100,0.0000,1.0000,1.0000,0.0005,43.5460,46.7496,0.0000,69236.0853,0.0000,1.0000,0.0005,0.0000,500.0000,1.0000,23374.7756,0.0000,0.0000,0.0000,662.6833,0.0000,1.0000,0.0005,0.0000,44518.6321,30980.1458,
750101310556,TLJ,B-Z,lgbm,2026-03-30,14,2512.0000,97.0000,2415.0000,392.6045,596.1854,414.0271,0.9000,392.6045,203.5809,392.6045,policy_days,785.2090,100,0.0000,1.0000,1.0000,0.0000,86.1172,46.9282,0.0000,113331.7168,0.0000,1.0000,0.0000,0.0000,0.0000,1.0000,0.0000,0.0000,0.0000,0.0000,596.1854,0.0000,1.0000,0.0000,0.0000,36848.4807,27977.9351,
750101310556,VHSA,B-Z,lgbm,2026-03-30,14,2149.0000,58.0000,2091.0000,190.4109,292.8629,201.4640,0.9000,190.4109,102.4521,190.4109,policy_days,380.8217,100,0.0000,1.0000,1.0000,0.0000,153.7412,46.6226,0.0000,97487.8547,0.0000,1.0000,0.0000,0.0000,0.0000,1.0000,0.0000,0.0000,0.0000,0.0000,292.8629,0.0000,1.0000,0.0000,0.0000,17754.8977,13654.0300,
750101310577,CCUL,B-Z,lgbm,2026-03-30,14,2161.0000,136.8268,2024.1732,755.5692,955.3154,768.3324,0.9000,755.5692,199.7462,755.5692,policy_days,1511.1383,100,0.0000,1.0000,1.0000,0.0000,37.5061,47.1993,0.0000,95539.6375,0.0000,1.0000,0.0000,0.0000,0.0000,1.0000,0.0000,0.0000,0.0000,0.0000,955.3154,0.0000,1.0000,0.0000,0.0000,71324.7309,45090.2561,
750101310577,CMD2,B-Z,lgbm,2026-03-30,14,2764.0000,1431.6893,1332.3107,6795.6209,8084.2102,6858.2813,0.9000,6795.6209,1288.5893,6795.6209,policy_days,13591.2418,100,12300.0000,1.0000,1.0000,0.0000,28.0846,47.3871,582861.9109,645996.3148,10700.0000,1.0000,0.0045,507042.4753,11800.0000,1.0000,559168.3373,75819.4356,0.0000,-0.0044,8084.2102,6800.0000,0.9075,50.3007,322232.6011,644050.1739,383087.6570,
750101310577,CMTY,B-Z,lgbm,2026-03-30,14,2644.0000,365.1327,2278.8673,1880.8237,2272.5142,1901.4277,0.9000,1880.8237,391.6905,1880.8237,policy_days,3761.6474,100,1500.0000,1.0000,1.0000,0.0001,28.1282,47.3011,70951.5774,178744.3950,1300.0000,1.0000,0.0007,61491.3671,1500.0000,1.0000,70951.5774,9460.2103,0.0000,-0.0006,2272.5142,0.0000,0.9033,16.2874,0.0000,177929.8778,107492.3133,
750101310577,MXLI,B-Z,lgbm,2026-03-30,14,3149.0000,112.3847,3036.6153,395.4988,504.2509,402.6684,0.9000,395.4988,108.7521,395.4988,policy_days,790.9975,100,0.0000,1.0000,1.0000,0.0000,107.4911,46.6707,0.0000,141721.0395,0.0000,1.0000,0.0000,0.0000,0.0000,1.0000,0.0000,0.0000,0.0000,0.0000,504.2509,0.0000,1.0000,0.0000,0.0000,36916.4292,23533.7559,
750101310577,TLJ,B-Z,lgbm,2026-03-30,14,3118.0000,275.8833,2842.1167,1473.0778,1865.9660,1498.3597,0.9000,1473.0778,392.8882,1473.0778,policy_days,2946.1556,100,200.0000,1.0000,1.0000,0.0057,28.9120,46.7244,9344.8809,142141.0927,0.0000,0.9998,0.0250,0.0000,0.0000,0.9998,0.0000,9344.8809,0.0001,-0.0193,1865.9660,0.0000,0.9998,0.0250,0.0000,137657.3654,87186.1508,
750101310577,VHSA,B-Z,lgbm,2026-03-30,14,3231.0000,196.1079,3034.8921,832.0415,1043.1632,845.0956,0.9000,832.0415,211.1218,832.0415,policy_days,1664.0829,100,0.0000,1.0000,1.0000,0.0000,51.0654,47.1053,0.0000,142959.6021,0.0000,1.0000,0.0000,0.0000,0.0000,1.0000,0.0000,0.0000,0.0000,0.0000,1043.1632,0.0000,1.0000,0.0000,0.0000,78387.1814,49138.5519,
750101310607,CCUL,B-Z,lgbm,2026-03-30,14,1806.0000,58.0000,1748.0000,260.8478,325.0623,264.7226,0.9000,260.8478,64.2145,260.8478,policy_days,521.6957,100,0.0000,1.0000,1.0000,0.0000,93.8171,49.4257,0.0000,86396.1651,0.0000,1.0000,0.0000,0.0000,0.0000,1.0000,0.0000,0.0000,0.0000,0.0000,325.0623,0.0000,1.0000,0.0000,0.0000,25785.1857,16066.4417,
750101310607,CMD2,B-Z,lgbm,2026-03-30,14,1964.0000,543.0000,1421.0000,2588.9560,3024.7911,2608.1062,0.9000,2588.9560,435.8351,2588.9560,policy_days,5177.9121,100,3800.0000,1.0000,1.0000,0.0000,28.2330,49.4135,187771.4439,257988.0812,3600.0000,1.0000,0.0000,177888.7363,3600.0000,1.0000,177888.7363,9882.7076,0.0000,-0.0000,3024.7911,1700.0000,0.9382,10.6388,84003.0144,255858.9532,149465.6291,
750101310607,MXLI,B-Z,lgbm,2026-03-30,14,2191.0000,59.0000,2132.0000,208.4473,289.4367,215.3983,0.9000,208.4473,80.9894,208.4473,policy_days,416.8946,100,0.0000,1.0000,1.0000,0.0000,143.1921,48.5606,0.0000,103531.1541,0.0000,1.0000,0.0000,0.0000,0.0000,1.0000,0.0000,0.0000,0.0000,0.0000,289.4367,0.0000,1.0000,0.0000,0.0000,20244.6439,14055.2148,
750101310607,TLJ,B-Z,lgbm,2026-03-30,14,2282.0000,119.0000,2163.0000,510.1217,625.8222,516.6526,0.9000,510.1217,115.7005,510.1217,policy_days,1020.2435,100,0.0000,1.0000,1.0000,0.0000,59.3623,48.5580,0.0000,105030.9027,0.0000,1.0000,0.0000,0.0000,0.0000,1.0000,0.0000,0.0000,0.0000,0.0000,625.8222,0.0000,1.0000,0.0000,0.0000,49540.9584,30388.6596,
750101310621,CMD2,B-Z,lgbm,2026-03-30,14,1002.0000,365.0000,637.0000,1987.4668,2484.8584,2017.8820,0.9000,1987.4668,497.3915,1987.4668,policy_days,3974.9337,100,3400.0000,1.0000,1.0000,0.0039,28.4372,49.9609,169867.0611,201692.1546,3200.0000,0.9999,0.0132,159874.8810,2300.0000,0.9875,114910.0707,9992.1801,0.0001,-0.0093,2484.8584,1900.0000,0.9193,17.3959,94925.7106,198591.2660,124145.7606,
750101310621,CMTY,B-Z,lgbm,2026-03-30,14,899.0000,96.0000,803.0000,376.8472,511.1608,387.6610,0.9000,376.8472,134.3136,376.8472,policy_days,753.6944,100,0.0000,0.9993,0.9999,0.0405,29.8317,50.8108,0.0000,40801.0545,0.0000,0.9993,0.0405,0.0000,0.0000,0.9993,0.0000,0.0000,0.0000,0.0000,511.1608,0.0000,0.9993,0.0405,0.0000,38295.7979,25972.4792,
750101310621,MXLI,B-Z,lgbm,2026-03-30,14,1070.0000,18.0000,1052.0000,106.4095,155.1077,111.1104,0.9000,106.4095,48.6982,106.4095,policy_days,212.8190,100,0.0000,1.0000,1.0000,0.0000,138.4087,51.1324,0.0000,53791.2628,0.0000,1.0000,0.0000,0.0000,0.0000,1.0000,0.0000,0.0000,0.0000,0.0000,155.1077,0.0000,1.0000,0.0000,0.0000,10881.9397,7931.0251,
750101310621,TLJ,B-Z,lgbm,2026-03-30,14,1138.0000,74.0000,1064.0000,399.5244,548.9706,411.9970,0.9000,399.5244,149.4462,399.5244,policy_days,799.0487,100,0.0000,1.0000,1.0000,0.0025,37.2843,50.9570,0.0000,54218.2546,0.0000,1.0000,0.0025,0.0000,0.0000,1.0000,0.0000,0.0000,0.0000,0.0000,548.9706,0.0000,1.0000,0.0025,0.0000,40717.1318,27973.8971,
750101310621,VHSA,B-Z,lgbm,2026-03-30,14,1114.0000,78.0000,1036.0000,321.5824,437.9217,331.0540,0.9000,321.5824,116.3393,321.5824,policy_days,643.1648,100,0.0000,1.0000,1.0000,0.0000,45.1020,51.2443,0.0000,53089.0476,0.0000,1.0000,0.0000,0.0000,0.0000,1.0000,0.0000,0.0000,0.0000,0.0000,437.9217,0.0000,1.0000,0.0000,0.0000,32958.5013,22440.9704,
750101310624,CMD2,B-Z,lgbm,2026-03-30,14,4347.0000,322.0000,4025.0000,1339.8768,1599.6589,1352.7484,0.9000,1339.8768,259.7821,1339.8768,policy_days,2679.7537,100,0.0000,1.0000,1.0000,0.0000,42.0561,50.4720,0.0000,203149.6969,0.0000,1.0000,0.0000,0.0000,0.0000,1.0000,0.0000,0.0000,0.0000,0.0000,1599.6589,0.0000,1.0000,0.0000,0.0000,135252.4595,80737.9443,
750101310624,CMTY,B-Z,lgbm,2026-03-30,14,3952.0000,39.0000,3913.0000,213.4728,301.2803,221.3282,0.9000,213.4728,87.8075,213.4728,policy_days,426.9456,100,0.0000,1.0000,1.0000,0.0000,256.6229,50.7639,0.0000,198639.2297,0.0000,1.0000,0.0000,0.0000,0.0000,1.0000,0.0000,0.0000,0.0000,0.0000,301.2803,0.0000,1.0000,0.0000,0.0000,21673.4332,15294.1723,
750101310624,TLJ,B-Z,lgbm,2026-03-30,14,4461.0000,77.0000,4384.0000,291.1531,356.0852,294.7678,0.9000,291.1531,64.9321,291.1531,policy_days,582.3062,100,0.0000,1.0000,1.0000,0.0000,210.8032,50.5242,0.0000,221498.2393,0.0000,1.0000,0.0000,0.0000,0.0000,1.0000,0.0000,0.0000,0.0000,0.0000,356.0852,0.0000,1.0000,0.0000,0.0000,29420.5721,17990.9322,
750101310624,VHSA,B-Z,lgbm,2026-03-30,14,6011.0000,40.0000,5971.0000,219.1249,306.9783,226.8398,0.9000,219.1249,87.8534,219.1249,policy_days,438.2498,100,0.0000,1.0000,1.0000,0.0000,381.4902,50.4113,0.0000,301005.5928,0.0000,1.0000,0.0000,0.0000,0.0000,1.0000,0.0000,0.0000,0.0000,0.0000,306.9783,0.0000,1.0000,0.0000,0.0000,22092.7214,15475.1587,
750101310689,CCUL,B-Z,lgbm,2026-03-30,14,3860.0000,265.0000,3595.0000,1228.6874,1419.9487,1236.5417,0.9000,1228.6874,191.2613,1228.6874,policy_days,2457.3749,100,0.0000,1.0000,1.0000,0.0000,40.9624,39.2549,0.0000,141121.3186,0.0000,1.0000,0.0000,0.0000,0.0000,1.0000,0.0000,0.0000,0.0000,0.0000,1419.9487,0.0000,1.0000,0.0000,0.0000,96463.9735,55739.9264,
750101310689,CMD2,B-Z,lgbm,2026-03-30,14,4610.0000,2926.7564,1683.2436,11792.9367,13088.1942,11831.9898,0.9000,11792.9367,1295.2576,11792.9367,policy_days,23585.8734,100,22000.0000,1.0000,1.0000,0.0000,28.1156,38.6303,849866.8718,914891.0983,21400.0000,1.0000,0.0000,826688.6844,24800.0000,1.0000,958031.7464,23178.1874,0.0000,0.0000,13088.1942,11500.0000,0.9147,43.3514,444248.5921,911129.6553,505601.0317,
750101310689,CMTY,B-Z,lgbm,2026-03-30,14,3966.0000,381.0261,3584.9739,1661.7447,1913.6637,1671.8547,0.9000,1661.7447,251.9190,1661.7447,policy_days,3323.4895,100,0.0000,1.0000,1.0000,0.0000,30.2030,39.0560,0.0000,140014.6058,0.0000,1.0000,0.0000,0.0000,100.0000,1.0000,3905.5963,0.0000,0.0000,0.0000,1913.6637,0.0000,1.0000,0.0000,0.0000,129802.0818,74739.9800,
750101310689,MXLI,B-Z,lgbm,2026-03-30,14,4796.0000,352.7968,4443.2032,1256.0403,1473.2309,1265.8053,0.9000,1256.0403,217.1906,1256.0403,policy_days,2512.0806,100,0.0000,1.0000,1.0000,0.0000,49.5246,39.4219,0.0000,175159.4751,0.0000,1.0000,0.0000,0.0000,0.0000,1.0000,0.0000,0.0000,0.0000,0.0000,1473.2309,0.0000,1.0000,0.0000,0.0000,99030.9685,58077.5503,
750101310689,TLJ,B-Z,lgbm,2026-03-30,14,5512.0000,730.4273,4781.5727,3214.2665,3688.9695,3232.8876,0.9000,3214.2665,474.7029,3214.2665,policy_days,6428.5330,100,1700.0000,1.0000,1.0000,0.0000,28.2310,39.1047,66477.9660,253459.8650,1600.0000,1.0000,0.0000,62567.4974,2700.0000,1.0000,105582.6519,3910.4686,0.0000,-0.0000,3688.9695,0.0000,0.9999,0.0139,0.0000,251385.7657,144255.9919,
750101310689,VHSA,B-Z,lgbm,2026-03-30,14,5238.0000,443.2207,4794.7793,1858.8985,2168.1793,1872.3515,0.9000,1858.8985,309.2808,1858.8985,policy_days,3717.7970,100,0.0000,1.0000,1.0000,0.0000,36.1111,38.9583,0.0000,186796.6212,0.0000,1.0000,0.0000,0.0000,0.0000,1.0000,0.0000,0.0000,0.0000,0.0000,2168.1793,0.0000,1.0000,0.0000,0.0000,144839.1833,84468.6580,
750101310690,CCUL,B-Z,lgbm,2026-03-30,14,2140.0000,154.0000,1986.0000,713.1528,867.7501,721.5602,0.9000,713.1528,154.5972,713.1528,policy_days,1426.3057,100,0.0000,1.0000,1.0000,0.0000,38.9874,50.8316,0.0000,100951.5504,0.0000,1.0000,0.0000,0.0000,0.0000,1.0000,0.0000,0.0000,0.0000,0.0000,867.7501,0.0000,1.0000,0.0000,0.0000,72501.3956,44109.1223,
750101310690,CMD2,B-Z,lgbm,2026-03-30,14,2547.0000,1383.0000,1164.0000,5209.7679,5892.0078,5233.8427,0.9000,5209.7679,682.2399,5209.7679,policy_days,10419.5358,100,9300.0000,1.0000,1.0000,0.0000,28.1195,50.4839,469500.2860,528263.5476,9500.0000,1.0000,0.0000,479597.0663,9600.0000,1.0000,484645.4565,-10096.7803,-0.0000,0.0000,5892.0078,4800.0000,0.9204,21.4529,242322.7282,526018.8228,297451.5449,
750101310690,CMTY,B-Z,lgbm,2026-03-30,14,2370.0000,230.0000,2140.0000,973.6629,1148.6929,981.7976,0.9000,973.6629,175.0300,973.6629,policy_days,1947.3259,100,0.0000,1.0000,1.0000,0.0000,30.7704,50.9081,0.0000,108943.3540,0.0000,1.0000,0.0000,0.0000,100.0000,1.0000,5090.8109,0.0000,0.0000,0.0000,1148.6929,0.0000,1.0000,0.0000,0.0000,99134.6788,58477.7857,
750101310690,TLJ,B-Z,lgbm,2026-03-30,14,3286.0000,304.0000,2982.0000,1486.1474,1763.7952,1499.4801,0.9000,1486.1474,277.6479,1486.1474,policy_days,2972.2948,100,0.0000,1.0000,1.0000,0.0000,28.0914,50.8054,0.0000,151501.6242,0.0000,1.0000,0.0000,0.0000,500.0000,1.0000,25402.6868,0.0000,0.0000,0.0000,1763.7952,0.0000,1.0000,0.0000,0.0000,151008.5457,89610.2765,
750101310690,VHSA,B-Z,lgbm,2026-03-30,14,3098.0000,207.0000,2891.0000,925.6825,1087.5319,933.0286,0.9000,925.6825,161.8494,925.6825,policy_days,1851.3650,100,0.0000,1.0000,1.0000,0.0000,43.7234,50.9042,0.0000,147163.9943,0.0000,1.0000,0.0000,0.0000,0.0000,1.0000,0.0000,0.0000,0.0000,0.0000,1087.5319,0.0000,1.0000,0.0000,0.0000,94242.2252,55359.9220,
750101310691,CCUL,B-Z,lgbm,2026-03-30,14,3666.0000,192.0000,3474.0000,1029.9988,1183.1570,1036.0427,0.9000,1029.9988,153.1581,1029.9988,policy_days,2059.9977,100,0.0000,1.0000,1.0000,0.0000,47.2195,35.6540,0.0000,123862.1603,0.0000,1.0000,0.0000,0.0000,0.0000,1.0000,0.0000,0.0000,0.0000,0.0000,1183.1570,0.0000,1.0000,0.0000,0.0000,73447.2552,42184.3349,
750101310691,CMD2,B-Z,lgbm,2026-03-30,14,4566.0000,2072.2477,2493.7523,9559.4683,10541.4510,9587.3354,0.9000,9559.4683,981.9827,9559.4683,policy_days,19118.9366,100,16700.0000,1.0000,1.0000,0.0000,28.1096,36.2342,605111.9074,695471.1401,15600.0000,1.0000,0.0000,565254.2368,16400.0000,1.0000,594241.6336,39857.6705,0.0000,-0.0000,10541.4510,8100.0000,0.9109,34.3809,293497.3922,692760.2512,381961.5291,
750101310691,CMTY,B-Z,lgbm,2026-03-30,14,3363.0000,275.0000,3088.0000,1087.3223,1191.7058,1090.1074,0.9000,1087.3223,104.3835,1087.3223,policy_days,2174.6446,100,0.0000,1.0000,1.0000,0.0000,39.7601,35.4250,0.0000,109392.2588,0.0000,1.0000,0.0000,0.0000,0.0000,1.0000,0.0000,0.0000,0.0000,0.0000,1191.7058,0.0000,1.0000,0.0000,0.0000,77036.6856,42216.1221,
750101310691,MXLI,B-Z,lgbm,2026-03-30,14,4535.0000,184.0000,4351.0000,719.3803,862.7528,726.6503,0.9000,719.3803,143.3725,719.3803,policy_days,1438.7606,100,0.0000,1.0000,1.0000,0.0000,84.6757,36.1493,0.0000,157285.8048,0.0000,1.0000,0.0000,0.0000,0.0000,1.0000,0.0000,0.0000,0.0000,0.0000,862.7528,0.0000,1.0000,0.0000,0.0000,52010.2550,31187.9510,
750101310691,TLJ,B-Z,lgbm,2026-03-30,14,4074.0000,488.8482,3585.1518,2147.2047,2464.1017,2159.6282,0.9000,2147.2047,316.8970,2147.2047,policy_days,4294.4094,100,800.0000,1.0000,1.0000,0.0000,28.5916,36.3734,29098.7192,159502.8760,600.0000,1.0000,0.0000,21824.0394,1000.0000,1.0000,36373.3990,7274.6798,0.0000,-0.0000,2464.1017,0.0000,1.0000,0.0001,0.0000,156202.2675,89627.7535,
750101310691,VHSA,B-Z,lgbm,2026-03-30,14,4642.0000,335.0000,4307.0000,1622.8534,1846.8173,1631.1315,0.9000,1622.8534,223.9639,1622.8534,policy_days,3245.7068,100,0.0000,1.0000,1.0000,0.0000,37.1555,36.1948,0.0000,155891.0676,0.0000,1.0000,0.0000,0.0000,0.0000,1.0000,0.0000,0.0000,0.0000,0.0000,1846.8173,0.0000,1.0000,0.0000,0.0000,117477.7552,66845.2112,
750101310692,CCUL,B-Z,lgbm,2026-03-30,14,2949.0000,161.0000,2788.0000,1057.5859,1318.7819,1073.3882,0.9000,1057.5859,261.1960,1057.5859,policy_days,2115.1718,100,0.0000,1.0000,1.0000,0.0000,36.9067,43.6560,0.0000,121712.8797,0.0000,1.0000,0.0000,0.0000,0.0000,1.0000,0.0000,0.0000,0.0000,0.0000,1318.7819,0.0000,1.0000,0.0000,0.0000,92339.9025,57572.7199,
750101310692,CMD2,B-Z,lgbm,2026-03-30,14,4120.0000,2454.2641,1665.7359,10326.6360,12246.0805,10418.4107,0.9000,10326.6360,1919.4445,10326.6360,policy_days,20653.2720,100,19000.0000,1.0000,1.0000,0.0000,28.0169,42.8554,814251.8591,885637.5709,19000.0000,1.0000,0.0000,814251.8591,20300.0000,1.0000,869963.8284,0.0000,0.0000,0.0000,12246.0805,10600.0000,0.9021,79.6635,454266.8267,885103.4278,524810.2004,
750101310692,CMTY,B-Z,lgbm,2026-03-30,14,2643.0000,216.0000,2427.0000,1014.9327,1248.1321,1028.2365,0.9000,1014.9327,233.1994,1014.9327,policy_days,2029.8654,100,0.0000,1.0000,1.0000,0.0000,33.4781,43.4102,0.0000,105356.4942,0.0000,1.0000,0.0000,0.0000,0.0000,1.0000,0.0000,0.0000,0.0000,0.0000,1248.1321,0.0000,1.0000,0.0000,0.0000,88116.8103,54181.6306,
750101310692,MXLI,B-Z,lgbm,2026-03-30,14,3449.0000,137.0000,3312.0000,532.9248,678.8992,542.5189,0.9000,532.9248,145.9744,532.9248,policy_days,1065.8496,100,0.0000,1.0000,1.0000,0.0000,87.0066,43.4434,0.0000,143884.7009,0.0000,1.0000,0.0000,0.0000,0.0000,1.0000,0.0000,0.0000,0.0000,0.0000,678.8992,0.0000,1.0000,0.0000,0.0000,46304.1815,29493.7206,
750101310692,TLJ,B-Z,lgbm,2026-03-30,14,3430.0000,430.7403,2999.2597,2210.3089,2576.9440,2226.2152,0.9000,2210.3089,366.6351,2210.3089,policy_days,4420.6179,100,1500.0000,1.0000,1.0000,0.0000,28.4981,43.7900,65684.9805,197022.5222,1400.0000,1.0000,0.0000,61305.9818,1200.0000,1.0000,52547.9844,4378.9987,0.0000,-0.0000,2576.9440,0.0000,0.9946,0.6408,0.0000,193578.8001,112844.3464,
750101310692,VHSA,B-Z,lgbm,2026-03-30,14,3753.0000,332.0000,3421.0000,1615.2117,1994.7234,1637.2613,0.9000,1615.2117,379.5117,1615.2117,policy_days,3230.4233,100,0.0000,1.0000,1.0000,0.0003,29.6518,43.5103,0.0000,148848.6303,0.0000,1.0000,0.0003,0.0000,200.0000,1.0000,8702.0538,0.0000,0.0000,0.0000,1994.7234,0.0000,1.0000,0.0003,0.0000,140556.5873,86790.9518,
750101310693,CCUL,B-Z,lgbm,2026-03-30,14,23760.0000,715.0000,23045.0000,3844.2735,4334.3481,3861.1596,0.9000,3844.2735,490.0746,3844.2735,policy_days,7688.5470,100,0.0000,1.0000,1.0000,0.0000,83.9248,21.4852,0.0000,495126.9229,0.0000,1.0000,0.0000,0.0000,0.0000,1.0000,0.0000,0.0000,0.0000,0.0000,4334.3481,0.0000,1.0000,0.0000,0.0000,165190.1326,93124.4275,
750101310693,CMD2,B-Z,lgbm,2026-03-30,14,34808.0000,12313.8464,22494.1536,51969.2338,57743.1288,52145.1345,0.9000,51969.2338,5773.8950,51969.2338,policy_days,103938.4676,100,81500.0000,1.0000,1.0000,0.0000,28.0150,21.8528,1781003.2396,2272563.4898,83400.0000,1.0000,0.0000,1822523.5605,77100.0000,1.0000,1684850.9174,-41520.3209,0.0000,0.0000,57743.1288,35300.0000,0.9019,227.5951,771403.8571,2271346.5961,1261849.0730,
750101310693,CMTY,B-Z,lgbm,2026-03-30,14,24212.0000,1555.8809,22656.1191,6791.9683,7680.7031,6823.3080,0.9000,6791.9683,888.7348,6791.9683,policy_days,13583.9366,100,0.0000,1.0000,1.0000,0.0000,46.7001,21.7823,0.0000,493502.0772,0.0000,1.0000,0.0000,0.0000,0.0000,1.0000,0.0000,0.0000,0.0000,0.0000,7680.7031,0.0000,1.0000,0.0000,0.0000,295889.1999,167303.2752,
750101310693,MXLI,B-Z,lgbm,2026-03-30,14,27309.0000,762.1330,26546.8670,3350.3651,3728.2423,3362.0342,0.9000,3350.3651,377.8772,3350.3651,policy_days,6700.7302,100,0.0000,1.0000,1.0000,0.0000,110.9300,21.7357,0.0000,577015.4048,0.0000,1.0000,0.0000,0.0000,0.0000,1.0000,0.0000,0.0000,0.0000,0.0000,3728.2423,0.0000,1.0000,0.0000,0.0000,145645.2304,81036.0506,
750101310693,TLJ,B-Z,lgbm,2026-03-30,14,28627.0000,2695.0000,25932.0000,11582.1991,12833.2543,11619.3551,0.9000,11582.1991,1251.0552,11582.1991,policy_days,23164.3983,100,0.0000,1.0000,1.0000,0.0000,31.3453,21.7414,0.0000,563798.3999,0.0000,1.0000,0.0000,0.0000,0.0000,1.0000,0.0000,0.0000,0.0000,0.0000,12833.2543,0.0000,1.0000,0.0000,0.0000,503626.8194,279013.1207,
750101310693,VHSA,B-Z,lgbm,2026-03-30,14,31942.0000,1372.0601,30569.9399,6397.2640,7423.3324,6440.5069,0.9000,6397.2640,1026.0684,6397.2640,policy_days,12794.5281,100,0.0000,1.0000,1.0000,0.0000,66.9003,21.8155,0.0000,666898.5589,0.0000,1.0000,0.0000,0.0000,0.0000,1.0000,0.0000,0.0000,0.0000,0.0000,7423.3324,0.0000,1.0000,0.0000,0.0000,279119.0423,161943.7169,
750101310694,CCUL,B-Z,lgbm,2026-03-30,14,14487.0000,1383.7319,13103.2681,6789.0378,7804.1603,6829.2901,0.9000,6789.0378,1015.1225,6789.0378,policy_days,13578.0757,100,500.0000,1.0000,1.0000,0.0000,28.0520,22.9906,11495.3028,312747.3731,400.0000,1.0000,0.0000,9196.2422,0.0000,1.0000,0.0000,2299.0606,0.0000,-0.0000,7804.1603,0.0000,1.0000,0.0000,0.0000,312168.1826,179422.3720,
750101310694,CMD2,B-Z,lgbm,2026-03-30,14,21959.0000,12591.7774,9367.2226,53093.2191,58341.9761,53237.0644,0.9000,53093.2191,5248.7570,53093.2191,policy_days,106186.4382,100,96900.0000,1.0000,1.0000,0.0000,28.0213,22.5148,2181683.4813,2392584.5621,95400.0000,1.0000,0.0000,2147911.2912,96900.0000,1.0000,2181683.4813,33772.1901,0.0000,0.0000,58341.9761,49000.0000,0.9010,207.0554,1103224.8770,2390765.7195,1313557.5388,
750101310694,CMTY,B-Z,lgbm,2026-03-30,14,14650.0000,1382.9836,13267.0164,7051.4875,8465.9558,7123.6000,0.9000,7051.4875,1414.4683,7051.4875,policy_days,14102.9751,100,900.0000,1.0000,1.0000,0.0002,28.1271,22.8505,20565.4317,323723.1204,0.0000,1.0000,0.0019,0.0000,0.0000,1.0000,0.0000,20565.4317,0.0000,-0.0017,8465.9558,0.0000,1.0000,0.0019,0.0000,322259.7452,193451.1508,
750101310694,MXLI,B-Z,lgbm,2026-03-30,14,20132.0000,1497.4322,18634.5678,5886.3565,6922.2517,5933.6356,0.9000,5886.3565,1035.8952,5886.3565,policy_days,11772.7130,100,0.0000,1.0000,1.0000,0.0000,44.3201,22.2632,0.0000,414865.3789,0.0000,1.0000,0.0000,0.0000,0.0000,1.0000,0.0000,0.0000,0.0000,0.0000,6922.2517,0.0000,1.0000,0.0000,0.0000,262098.4329,154111.5730,
750101310694,TLJ,B-Z,lgbm,2026-03-30,14,17272.0000,3245.4230,14026.5770,14434.0359,16441.4815,14508.7414,0.9000,14434.0359,2007.4456,14434.0359,policy_days,28868.0718,100,14900.0000,1.0000,1.0000,0.0000,28.0567,22.8116,339892.7642,659861.3562,14400.0000,1.0000,0.0000,328486.9668,12000.0000,1.0000,273739.1390,11405.7975,0.0000,-0.0000,16441.4815,2500.0000,0.9086,74.4242,57028.9873,658526.7606,375056.4152,
750101310694,VHSA,B-Z,lgbm,2026-03-30,14,20985.0000,1659.0000,19326.0000,8209.7587,9694.3721,8279.1065,0.9000,8209.7587,1484.6134,8209.7587,policy_days,16419.5174,100,0.0000,1.0000,1.0000,0.0000,32.9564,22.7899,0.0000,440438.1532,0.0000,1.0000,0.0000,0.0000,0.0000,1.0000,0.0000,0.0000,0.0000,0.0000,9694.3721,0.0000,1.0000,0.0000,0.0000,374199.6222,220934.0448,
750101310955,CCUL,B-Z,lgbm,2026-03-30,14,2.0000,0.0936,1.9064,0.4634,4.4209,0.9080,0.9000,0.4634,1.5854,1.5854,forecast_quantile,2.0488,100,0.0000,0.8887,0.7575,0.2202,57.5905,44.0352,0.0000,83.9471,0.0000,0.8887,0.2202,0.0000,0.0000,0.8887,0.0000,0.0000,0.0000,0.0000,2.0488,0.0000,0.8887,0.2202,0.0000,90.2189,90.2189,discontinued_review
750101310955,CMD2,B-Z,lgbm,2026-03-30,14,0.0000,1.1404,0.0000,1.1003,3.4792,1.6472,0.9000,1.1003,2.3789,2.3789,forecast_quantile,3.4792,100,0.0000,0.0000,0.0000,1.6472,0.0000,44.3487,0.0000,0.0000,0.0000,0.0000,1.6472,0.0000,0.0000,0.0000,0.0000,0.0000,0.0000,0.0000,3.4792,0.0000,0.0000,1.6472,0.0000,154.2983,154.2983,discontinued_review;no_inventory_snapshot
750101310955,CMTY,B-Z,lgbm,2026-03-30,14,0.0000,28.4100,0.0000,47.7208,161.8842,75.1598,0.9000,47.7208,114.1634,114.1634,forecast_quantile,161.8842,100,200.0000,0.9336,0.8855,8.6035,58.6747,44.0291,8805.8288,8805.8288,100.0000,0.7812,20.9766,4402.9144,700.0000,0.9976,30820.4009,4402.9144,0.1525,-12.3731,161.8842,200.0000,0.9336,8.6035,8805.8288,7127.6220,7127.6220,no_inventory_snapshot
750101310997,CMD2,B-Z,lgbm,2026-03-30,14,0.0000,78.7564,0.0000,9.4217,45.0838,19.8685,0.9000,9.4217,35.6621,35.6621,forecast_quantile,45.0838,100,100.0000,0.9734,0.8956,2.0750,148.5924,44.6234,4462.3446,4462.3446,500.0000,0.9994,0.1339,22311.7232,900.0000,0.9999,40161.1017,-17849.3785,-0.0260,1.9412,45.0838,100.0000,0.9734,2.0750,4462.3446,2011.7957,2011.7957,no_inventory_snapshot
750101310997,CMTY,B-Z,lgbm,2026-03-30,14,0.0000,8.0874,0.0000,7.7422,33.5384,14.8942,0.9000,7.7422,25.7962,25.7962,forecast_quantile,33.5384,100,100.0000,0.9873,0.9477,0.7789,180.8271,44.4001,4440.0125,4440.0125,200.0000,0.9978,0.2182,8880.0249,300.0000,0.9993,13320.0374,-4440.0125,-0.0104,0.5607,33.5384,100.0000,0.9873,0.7789,4440.0125,1489.1094,1489.1094,no_inventory_snapshot
750101310997,MXLI,B-Z,lgbm,2026-03-30,14,0.0000,16.9897,0.0000,3.7260,7.5925,4.3474,0.9000,3.7260,3.8666,3.8666,forecast_quantile,7.5925,100,100.0000,1.0000,1.0000,0.0000,375.7418,44.2977,4429.7724,4429.7724,200.0000,1.0000,0.0000,8859.5448,100.0000,1.0000,4429.7724,-4429.7724,-0.0000,0.0000,7.5925,100.0000,1.0000,0.0000,4429.7724,336.3324,336.3324,no_inventory_snapshot
750101310997,TLJ,B-Z,lgbm,2026-03-30,14,0.0000,11.3256,0.0000,4.6953,19.1431,8.5665,0.9000,4.6953,14.4478,14.4478,forecast_quantile,19.1431,100,100.0000,0.9974,0.9856,0.1236,298.1697,44.6616,4466.1556,4466.1556,100.0000,0.9974,0.1236,4466.1556,200.0000,0.9997,8932.3112,0.0000,0.0000,0.0000,19.1431,100.0000,0.9974,0.1236,4466.1556,854.9610,854.9610,no_inventory_snapshot
750101310997,VHSA,B-Z,lgbm,2026-03-30,14,0.0000,0.0000,0.0000,0.1728,2.9640,0.2475,0.9000,0.1728,0.3394,0.3394,forecast_quantile,0.5122,100,0.0000,0.0000,0.0000,0.2475,0.0000,44.1454,0.0000,0.0000,0.0000,0.0000,0.2475,0.0000,0.0000,0.0000,0.0000,0.0000,0.0000,0.0000,0.5122,0.0000,0.0000,0.2475,0.0000,22.6110,22.6110,discontinued_review;no_inventory_snapshot
750101311750,CCUL,B-Z,lgbm,2026-03-30,14,2988.0000,304.0000,2684.0000,2469.5879,4237.6125,2698.8030,0.9000,2469.5879,1768.0246,2469.5879,policy_days,4939.1758,100,2300.0000,0.9522,0.9818,49.2434,28.2541,38.9709,89633.1237,194231.0819,1800.0000,0.9216,80.1748,70147.6620,900.0000,0.8116,35073.8310,19485.4617,0.0306,-30.9314,4237.6125,1600.0000,0.9045,97.5171,62353.4773,192484.2425,165143.6724,
750101311750,CMD2,B-Z,lgbm,2026-03-30,14,5101.0000,2338.0000,2763.0000,10860.0992,15505.7135,11287.5815,0.9000,10860.0992,4645.6143,10860.0992,policy_days,21720.1984,100,19000.0000,0.9938,0.9988,13.1496,28.0552,38.6952,735209.3005,842124.2108,20600.0000,0.9971,6.1887,797121.6626,12800.0000,0.9023,495298.8972,-61912.3621,-0.0033,6.9609,15505.7135,12800.0000,0.9023,224.5815,495298.8972,840467.9926,599997.0937,
750101311750,CMTY,B-Z,lgbm,2026-03-30,14,3951.0000,364.0000,3587.0000,2085.0322,3255.5892,2214.9508,0.9000,2085.0322,1170.5570,2085.0322,policy_days,4170.0645,100,600.0000,0.9775,0.9938,13.8020,28.1137,38.7402,23244.1113,162205.1563,900.0000,0.9862,8.4742,34866.1669,0.0000,0.9407,0.0000,-11622.0556,-0.0087,5.3277,3255.5892,0.0000,0.9407,36.6243,0.0000,161549.0702,126122.1301,
750101311750,MXLI,B-Z,lgbm,2026-03-30,14,5858.0000,443.0000,5415.0000,2128.9092,3590.4151,2313.5272,0.9000,2128.9092,1461.5059,2128.9092,policy_days,4257.8183,100,0.0000,0.9890,0.9959,9.5671,35.6098,38.6472,0.0000,209274.7986,0.0000,0.9890,9.5671,0.0000,0.0000,0.9890,0.0000,0.0000,0.0000,0.0000,3590.4151,0.0000,0.9890,9.5671,0.0000,164552.9214,138759.6293,
750101311750,TLJ,B-Z,lgbm,2026-03-30,14,5461.0000,538.0000,4923.0000,3467.3895,5110.1772,3629.8581,0.9000,3467.3895,1642.7877,3467.3895,policy_days,6934.7790,100,2100.0000,0.9902,0.9978,7.8109,28.3562,38.5453,80945.1312,270703.6458,2100.0000,0.9902,7.8109,80945.1312,0.0000,0.8766,0.0000,0.0000,0.0000,0.0000,5110.1772,200.0000,0.9014,82.3113,7709.0601,267303.1401,196973.3174,
750101311750,VHSA,B-Z,lgbm,2026-03-30,14,4710.0000,254.0000,4456.0000,1760.5949,2766.7284,1873.5842,0.9000,1760.5949,1006.1336,1760.5949,policy_days,3521.1897,100,0.0000,0.9958,0.9988,2.3060,35.4335,38.4574,0.0000,171366.1109,0.0000,0.9958,2.3060,0.0000,0.0000,0.9958,0.0000,0.0000,0.0000,0.0000,2766.7284,0.0000,0.9958,2.3060,0.0000,135415.7506,106401.1426,
7507891,CCUL,C-Z,lgbm,2026-03-30,14,102610.0000,2781.1676,99828.8324,12375.9221,18325.7150,12970.3479,0.8500,12375.9221,4624.2427,12375.9221,policy_days,24751.8442,100,0.0000,1.0000,1.0000,0.0000,112.9293,17.7981,0.0000,1776759.0479,0.0000,1.0000,0.0000,0.0000,0.0000,1.0000,0.0000,0.0000,0.0000,0.0000,17000.1648,0.0000,1.0000,0.0000,0.0000,440534.6837,302569.8685,
7507891,CMD2,C-Z,lgbm,2026-03-30,14,117132.0000,20757.1301,96374.8699,104361.1048,149279.3911,108512.6544,0.8500,104361.1048,35039.7068,104361.1048,policy_days,208722.2096,100,112400.0000,0.9935,0.9988,134.6195,28.0071,17.7451,1994546.4944,3704725.8439,140500.0000,0.9983,34.3860,2493183.1180,239000.0000,1.0000,4241073.0620,-498636.6236,-0.0049,100.2334,139400.8116,43100.0000,0.8504,3438.8872,764812.7572,3703791.3825,2473677.9366,
7507891,CMTY,C-Z,lgbm,2026-03-30,14,130634.0000,16708.5158,113925.4842,88057.8997,128371.3016,91950.3151,0.8500,88057.8997,31384.2616,88057.8997,policy_days,176115.7993,100,62200.0000,0.9908,0.9981,176.3399,28.0015,17.6021,1094851.1047,3100179.7579,83400.0000,0.9970,58.1673,1468015.7899,144500.0000,0.9999,2543504.5760,-373164.6852,-0.0062,118.1726,119442.1613,5600.0000,0.8506,3123.1606,98571.8036,3100009.2833,2102433.7981,
7507891,MXLI,C-Z,lgbm,2026-03-30,14,115162.0000,2343.5155,112818.4845,11700.5749,16009.1743,12056.0106,0.8500,11700.5749,3376.7997,11700.5749,policy_days,23401.1498,100,0.0000,1.0000,1.0000,0.0000,134.9898,17.9834,0.0000,2028860.0649,0.0000,1.0000,0.0000,0.0000,0.0000,1.0000,0.0000,0.0000,0.0000,0.0000,15077.3746,0.0000,1.0000,0.0000,0.0000,420832.2653,271142.4758,
7507891,TLJ,C-Z,lgbm,2026-03-30,14,110711.0000,10785.6317,99925.3683,50276.0337,72769.2233,52412.9107,0.8500,50276.0337,17524.4576,50276.0337,policy_days,100552.0674,100,700.0000,0.9919,0.9984,85.3259,28.0204,18.2808,12796.5381,1839509.0808,11400.0000,0.9971,30.8954,208400.7628,23800.0000,0.9991,435082.2943,-195604.2247,-0.0052,54.4305,67800.4913,0.0000,0.9914,91.1791,0.0000,1838169.0831,1239445.0966,
7507891,VHSA,C-Z,lgbm,2026-03-30,14,118046.0000,4113.0233,113932.9767,19551.0208,29220.2184,20536.1143,0.8500,19551.0208,7507.5423,19551.0208,policy_days,39102.0417,100,0.0000,1.0000,1.0000,0.0001,81.5846,17.9362,0.0000,2043521.3679,0.0000,1.0000,0.0001,0.0000,0.0000,1.0000,0.0000,0.0000,0.0000,0.0000,27058.5632,0.0000,1.0000,0.0001,0.0000,701340.9111,485327.0197,
